srcip,sport,dstip,dsport,proto,state,dur,sbytes,dbytes,sttl,dttl,sloss,dloss,service,Sload,Dload,Spkts,Dpkts,swin,dwin,stcpb,dtcpb,smeansz,dmeansz,trans_depth,res_bdy_len,Sjit,Djit,Stime,Ltime,Sintpkt,Dintpkt,tcprtt,synack,ackdat,is_sm_ips_ports,ct_state_ttl,ct_flw_http_mthd,is_ftp_login,ct_ftp_cmd,ct_srv_src,ct_srv_dst,ct_dst_ltm,ct_src_ ltm,ct_src_dport_ltm,ct_dst_sport_ltm,ct_dst_src_ltm,Label
0,0,0,0,0,0,0.00105,146,178,31,29,0,0,0,556190.5,678095.25,2,2,0,0,0,0,73,89,0,0,0.0,0.0,1421950270,1421950270,0.009,0.002,0.0,0.0,0.0,0,0,0.0,0.0,0,3,4,3,2,1,1,1,0
1,1,1,1,1,1,4.264797,2934,3738,31,29,11,15,1,5398.615234,6882.390625,52,54,255,255,4073546360,4271342768,56,69,0,0,5631.619534,192.298828,1421944870,1421944874,83.617101,80.451266,0.001011,0.000877,0.000134,0,0,0.0,1.0,1,5,5,15,11,5,5,8,0
2,2,2,0,0,2,3e-06,114,0,254,0,0,0,0,152000000.0,0.0,2,0,0,0,0,0,57,0,0,0,0.0,0.0,1424251725,1424251725,0.003,0.0,0.0,0.0,0.0,0,2,,,2,17,17,14,14,14,14,17,1
3,2,3,0,0,2,3e-06,114,0,254,0,0,0,0,152000000.0,0.0,2,0,0,0,0,0,57,0,0,0,0.0,0.0,1424233686,1424233686,0.003,0.0,0.0,0.0,0.0,0,2,,,2,25,25,25,25,25,25,25,1
4,3,0,2,1,1,0.052957,3718,43086,31,29,7,24,2,552750.375,6403988.5,62,62,255,255,926166428,3071827628,60,695,0,0,56.791579,1.518598,1424244324,1424244324,0.863115,0.859525,0.00065,0.00052,0.00013,0,0,,,2,5,8,3,2,1,1,2,0
0,4,4,3,1,1,0.016463,2958,32408,31,29,7,18,2,1407762.875,15433396.0,48,50,255,255,6548629,14890177,62,648,0,0,0.0,18.612264,1421941778,1421941778,0.343383,0.324714,0.000703,0.000548,0.000155,0,0,0.0,0.0,0,11,16,9,2,1,1,1,0
5,2,5,0,0,2,5e-06,264,0,60,0,0,0,0,211200000.0,0.0,2,0,0,0,0,0,132,0,0,0,0.0,0.0,1424238583,1424238583,0.005,0.0,0.0,0.0,0.0,0,0,,,2,19,19,14,14,14,14,19,0
6,5,6,0,0,2,3e-06,114,0,254,0,0,0,0,152000000.0,0.0,2,0,0,0,0,0,57,0,0,0,0.0,0.0,1424260141,1424260141,0.003,0.0,0.0,0.0,0.0,0,2,,,2,16,16,11,11,11,5,16,1
7,2,7,0,0,2,7e-06,264,0,60,0,0,0,0,150857136.0,0.0,2,0,0,0,0,0,132,0,0,0,0.0,0.0,1424247951,1424247951,0.007,0.0,0.0,0.0,0.0,0,0,,,2,26,26,23,23,23,23,26,0
8,6,4,4,1,1,1.225771,1684,10168,31,29,3,5,3,10207.45313,62680.55078,14,18,255,255,1556979850,3707705023,120,565,1,3924,9171.711448,8028.714003,1424223161,1424223162,94.264464,72.076059,0.000597,0.000475,0.000122,0,0,1.0,,2,1,2,2,1,1,1,2,0
4,7,8,5,1,1,0.032683,3614,45044,31,29,7,24,2,869932.375,10847964.0,60,62,255,255,3813616335,3813914652,60,727,0,0,34.040364,32.701438,1421956376,1421956376,0.547763,0.525754,0.000726,0.000602,0.000124,0,0,0.0,0.0,0,8,2,2,1,1,1,1,0
2,8,9,6,2,2,5e-06,180,0,254,0,0,0,2,144000000.0,0.0,2,0,0,0,0,0,90,0,0,0,0.0,0.0,1421930644,1421930644,0.005,0.0,0.0,0.0,0.0,0,2,0.0,0.0,0,8,6,5,4,4,4,4,1
3,2,3,0,0,2,3e-06,114,0,254,0,0,0,0,152000000.0,0.0,2,0,0,0,0,0,57,0,0,0,0.0,0.0,1424230722,1424230722,0.003,0.0,0.0,0.0,0.0,0,2,,,2,34,34,25,25,25,25,34,1
4,9,8,7,1,1,0.017883,1540,1644,31,29,4,4,2,645976.5625,694738.0,16,18,255,255,3060140432,3064723875,96,91,0,0,70.838644,2.077696,1424246378,1424246378,1.172133,1.025412,0.000563,0.000447,0.000116,0,0,,,2,3,5,5,6,3,1,3,0
4,10,10,8,1,1,0.028044,37552,3276,31,29,18,8,4,10506347.0,911424.875,52,40,255,255,260472436,2411509007,722,82,0,0,34.386064,1.697062,1424250189,1424250189,0.55418,0.705897,0.000633,0.000507,0.000126,0,0,,,2,1,2,2,4,1,1,3,0
9,11,2,4,1,1,0.508677,2440,268,254,252,2,1,3,34536.65234,3522.864258,10,6,255,255,3436261335,2806130628,244,45,1,0,2856.938204,144.374922,1424235159,1424235160,55.154667,91.636602,0.111386,0.050485,0.060901,0,1,1.0,,2,1,1,1,2,1,1,1,1
10,12,4,8,1,1,0.020292,37210,3276,31,29,18,8,4,14387936.0,1259609.625,52,40,255,255,1263965685,1264957298,716,82,0,0,21.851874,0.985496,1424240012,1424240012,0.39892,0.508256,0.000602,0.000465,0.000137,0,0,,,2,1,1,2,7,1,1,1,0
2,2,2,0,0,2,9e-06,114,0,254,0,0,0,0,50666664.0,0.0,2,0,0,0,0,0,57,0,0,0,0.0,0.0,1424254727,1424254727,0.009,0.0,0.0,0.0,0.0,0,2,,,2,16,16,16,17,16,16,17,1
3,8,11,6,3,2,3e-06,200,0,254,0,0,0,2,266666656.0,0.0,2,0,0,0,0,0,100,0,0,0,0.0,0.0,1424230395,1424230395,0.003,0.0,0.0,0.0,0.0,0,2,,,2,5,5,3,3,3,3,5,1
4,13,12,7,1,1,1.479239,13142,548216,31,29,21,197,2,70766.11719,2958088.5,228,438,255,255,2281069328,153554217,58,1252,0,0,468.946147,351.189903,1421942311,1421942313,6.514938,3.383954,0.000572,0.00045,0.000122,0,0,0.0,0.0,0,11,15,5,3,2,1,1,0
11,14,8,4,1,1,1.009947,1684,10168,31,29,3,5,3,12388.76953,76075.28125,14,18,255,255,576944609,2723345110,120,565,1,3924,8766.141641,7676.245298,1421969772,1421969773,77.658536,59.376235,0.000724,0.000546,0.000178,0,0,1.0,0.0,0,1,1,3,6,1,1,1,0
6,2,9,0,0,2,9e-06,114,0,254,0,0,0,0,50666664.0,0.0,2,0,0,0,0,0,57,0,0,0,0.0,0.0,1424223433,1424223433,0.009,0.0,0.0,0.0,0.0,0,2,,,2,42,42,34,35,34,16,42,1
12,15,12,8,1,1,0.149852,37210,3172,31,29,18,8,4,1948322.5,164909.3906,52,38,255,255,4211062487,4207902760,716,83,0,0,375.1175,13.054102,1424239469,1424239469,2.99024,4.035838,0.000653,0.000523,0.00013,0,0,,,2,1,1,4,7,1,1,3,0
13,16,13,9,1,1,0.005633,1958,2308,31,29,6,6,2,2654358.25,3141487.75,22,24,255,255,2641066775,491810881,89,96,0,0,15.368049,13.067595,1424250959,1424250959,0.25181,0.216,0.000802,0.000656,0.000146,0,0,,,2,2,4,2,1,1,1,1,0
13,17,12,10,0,0,0.004759,568,304,31,29,0,0,2,716116.8125,383273.7813,4,4,0,0,0,0,142,76,0,0,1.732413,1.518159,1421968588,1421968588,1.232,1.08,0.0,0.0,0.0,0,0,0.0,0.0,0,9,15,6,6,1,1,4,0
3,2,14,0,0,2,4e-06,114,0,254,0,0,0,0,114000000.0,0.0,2,0,0,0,0,0,57,0,0,0,0.0,0.0,1424245697,1424245697,0.004,0.0,0.0,0.0,0.0,0,2,,,2,28,28,18,18,18,18,28,1
12,18,1,7,1,1,0.188855,1540,1644,31,29,4,4,2,61168.61719,65785.91406,16,18,255,255,3120848945,997993378,96,91,0,0,755.753814,24.225652,1421966712,1421966712,12.5694,11.079,0.000638,0.000502,0.000136,0,0,0.0,0.0,0,9,6,4,4,4,1,4,0
5,5,7,0,0,2,3e-06,264,0,60,0,0,0,0,352000000.0,0.0,2,0,0,0,0,0,132,0,0,0,0.0,0.0,1424232014,1424232014,0.003,0.0,0.0,0.0,0.0,0,0,,,2,27,27,25,25,25,25,27,0
10,19,1,0,0,2,2e-06,146,0,31,0,0,0,0,292000000.0,0.0,2,0,0,0,0,0,73,0,0,0,0.0,0.0,1421972009,1421972009,0.002,0.0,0.0,0.0,0.0,0,0,0.0,0.0,0,2,2,2,2,1,1,1,0
14,20,8,4,1,1,1.024698,1684,10168,31,29,3,5,3,12210.42676,74980.14063,14,18,255,255,688121049,689145805,120,565,1,3924,8766.922804,7675.849612,1424258977,1424258978,78.797538,60.245588,0.000656,0.000517,0.000139,0,0,1.0,,2,2,1,3,3,2,1,1,0
2,8,15,6,4,2,5e-06,200,0,254,0,0,0,2,160000000.0,0.0,2,0,0,0,0,0,100,0,0,0,0.0,0.0,1424244389,1424244389,0.005,0.0,0.0,0.0,0.0,0,2,,,2,12,12,6,6,5,5,17,1
11,21,8,11,1,1,0.425398,4696,3080,31,29,7,7,2,85172.00781,56004.02734,28,30,255,255,2553162490,2721654903,168,103,0,0,860.43465,21.605705,1424242115,1424242115,15.743629,14.650966,0.000657,0.000517,0.00014,0,0,,,2,5,12,4,5,1,1,3,0
6,5,9,0,0,2,9e-06,114,0,254,0,0,0,0,50666664.0,0.0,2,0,0,0,0,0,57,0,0,0,0.0,0.0,1424224306,1424224306,0.009,0.0,0.0,0.0,0.0,0,2,,,2,24,24,17,17,17,9,24,1
3,22,16,4,1,1,1.53817,806,1066,62,252,2,2,3,3775.915527,4992.946289,10,10,255,255,2967812903,2191902311,81,107,1,91,9532.576431,369.749844,1424254123,1424254124,170.907778,155.126328,0.226873,0.08071,0.146163,0,1,1.0,,2,4,1,1,1,1,1,1,1
6,8,17,6,3,2,8e-06,200,0,254,0,0,0,2,100000000.0,0.0,2,0,0,0,0,0,100,0,0,0,0.0,0.0,1424223288,1424223288,0.008,0.0,0.0,0.0,0.0,0,2,,,2,9,9,4,13,4,4,9,1
2,5,3,0,0,2,8e-06,114,0,254,0,0,0,0,57000000.0,0.0,2,0,0,0,0,0,57,0,0,0,0.0,0.0,1424238967,1424238967,0.008,0.0,0.0,0.0,0.0,0,2,,,2,42,42,17,17,17,17,42,1
6,5,6,0,0,2,1e-06,114,0,254,0,0,0,0,456000000.0,0.0,2,0,0,0,0,0,57,0,0,0,0.0,0.0,1424262068,1424262068,0.001,0.0,0.0,0.0,0.0,0,2,,,2,15,15,15,15,15,15,15,1
3,2,3,0,0,2,9e-06,114,0,254,0,0,0,0,50666664.0,0.0,2,0,0,0,0,0,57,0,0,0,0.0,0.0,1424230772,1424230772,0.009,0.0,0.0,0.0,0.0,0,2,,,2,27,27,25,25,25,25,27,1
8,23,8,0,0,0,0.001086,146,178,31,29,0,0,0,537753.25,655616.9375,2,2,0,0,0,0,73,89,0,0,0.0,0.0,1424221837,1424221837,0.009,0.006,0.0,0.0,0.0,0,0,,,2,2,4,4,1,1,1,1,0
14,24,12,7,1,1,0.265058,13038,548216,31,29,21,197,2,391793.4688,16508537.0,226,438,255,255,2926115162,780010886,58,1252,0,0,64.269813,32.906576,1424244950,1424244950,1.176644,0.605327,0.000653,0.000526,0.000127,0,0,,,2,7,6,3,5,3,1,5,0
3,25,6,12,0,2,6e-06,104,0,254,0,0,0,2,69333328.0,0.0,2,0,0,0,0,0,52,0,0,0,0.0,0.0,1424245024,1424245024,0.006,0.0,0.0,0.0,0.0,0,2,,,2,8,8,3,3,3,1,8,1
1,26,10,0,0,0,0.001116,130,162,31,29,0,0,0,465949.8125,580645.1875,2,2,0,0,0,0,65,81,0,0,0.0,0.0,1421971021,1421971021,0.011,0.005,0.0,0.0,0.0,0,0,0.0,0.0,0,4,3,2,6,1,1,2,0
2,8,9,6,3,2,6e-06,200,0,254,0,0,0,2,133333328.0,0.0,2,0,0,0,0,0,100,0,0,0,0.0,0.0,1421930739,1421930739,0.006,0.0,0.0,0.0,0.0,0,2,0.0,0.0,0,10,9,4,7,4,4,4,1
0,27,10,10,0,0,0.005253,568,320,31,29,0,0,2,648772.125,365505.4063,4,4,0,0,0,0,142,80,0,0,1.959395,1.779317,1421950317,1421950317,1.392,1.263667,0.0,0.0,0.0,0,0,0.0,0.0,0,4,10,7,5,1,1,3,0
13,28,18,0,0,0,0.001051,146,178,31,29,0,0,0,555661.3125,677450.0625,2,2,0,0,0,0,73,89,0,0,0.0,0.0,1424231980,1424231980,0.006,0.007,0.0,0.0,0.0,0,0,,,2,4,2,1,4,2,1,1,0
14,29,10,0,0,0,0.00099,130,162,31,29,0,0,0,525252.5625,654545.5,2,2,0,0,0,0,65,81,0,0,0.0,0.0,1421967970,1421967970,0.001,0.007,0.0,0.0,0.0,0,0,0.0,0.0,0,3,3,2,5,2,1,1,0
8,30,4,0,0,0,0.001174,146,178,31,29,0,0,0,497444.6563,606473.625,2,2,0,0,0,0,73,89,0,0,0.0,0.0,1421944434,1421944434,0.01,0.011,0.0,0.0,0.0,0,0,0.0,0.0,0,1,3,1,3,1,1,1,0
10,31,19,4,1,1,14.584858,19202,1087890,31,29,2,370,3,10503.49609,595923.25,360,746,255,255,3231340377,3265997104,53,1458,1,524288,5113.965173,3534.900833,1421959160,1421959175,40.625336,19.576259,0.000674,0.00054,0.000134,0,0,1.0,0.0,0,1,3,1,5,1,1,1,0
11,32,0,13,1,1,0.021923,2974,33374,31,29,7,18,2,1062993.25,11935228.0,48,50,255,255,1381194439,1381504809,62,667,0,0,25.868488,24.613994,1421934589,1421934589,0.459745,0.434592,0.000765,0.000617,0.000148,0,0,0.0,0.0,0,7,5,2,2,1,1,1,0
6,33,9,14,0,0,0.428445,1304,724,254,60,0,0,2,12174.25781,6759.327148,2,2,0,0,0,0,652,362,0,0,0.0,0.0,1424242527,1424242528,0.01,0.009,0.0,0.0,0.0,0,0,,,2,5,1,1,1,1,1,1,1
6,2,6,0,0,2,8e-06,114,0,254,0,0,0,0,57000000.0,0.0,2,0,0,0,0,0,57,0,0,0,0.0,0.0,1424260550,1424260550,0.008,0.0,0.0,0.0,0.0,0,2,,,2,28,28,17,17,17,17,28,1
3,5,14,0,0,2,3e-06,114,0,254,0,0,0,0,152000000.0,0.0,2,0,0,0,0,0,57,0,0,0,0.0,0.0,1424246270,1424246270,0.003,0.0,0.0,0.0,0.0,0,2,,,2,26,26,10,11,10,10,26,1
15,5,5,0,0,2,9e-06,264,0,60,0,0,0,0,117333328.0,0.0,2,0,0,0,0,0,132,0,0,0,0.0,0.0,1424253355,1424253355,0.009,0.0,0.0,0.0,0.0,0,0,,,2,35,35,35,35,35,17,35,0
2,2,3,0,0,2,3e-06,114,0,254,0,0,0,0,152000000.0,0.0,2,0,0,0,0,0,57,0,0,0,0.0,0.0,1424237703,1424237703,0.003,0.0,0.0,0.0,0.0,0,2,,,2,27,27,27,27,27,13,27,1
14,34,10,15,1,1,0.219712,8928,320,31,29,4,1,5,301886.0938,9721.817383,14,6,255,255,2833337837,2862656264,638,53,0,0,1465.972029,87.362578,1424244889,1424244889,16.900923,43.825398,0.000583,0.000463,0.00012,0,0,,,2,3,3,8,5,1,1,4,0
2,5,3,0,0,2,5e-06,114,0,254,0,0,0,0,91200000.0,0.0,2,0,0,0,0,0,57,0,0,0,0.0,0.0,1424239215,1424239215,0.005,0.0,0.0,0.0,0.0,0,2,,,2,40,40,40,40,40,18,40,1
2,2,2,0,0,2,8e-06,114,0,254,0,0,0,0,57000000.0,0.0,2,0,0,0,0,0,57,0,0,0,0.0,0.0,1424254975,1424254975,0.008,0.0,0.0,0.0,0.0,0,2,,,2,26,26,17,18,16,16,26,1
8,35,12,4,1,1,1.0074,1580,10168,31,29,3,5,3,11506.84863,76267.61719,12,18,255,255,3344653885,1200297140,132,565,1,3924,9540.191788,7682.886367,1424259776,1424259777,91.549088,59.226942,0.000672,0.000535,0.000137,0,0,1.0,,2,2,2,4,1,1,1,1,0
8,36,20,16,1,1,0.009461,2334,16102,31,29,7,12,2,1919458.875,13257796.0,36,38,255,255,3512131658,3519233102,65,424,0,0,16.183014,15.381424,1424259772,1424259773,0.2614,0.248639,0.00064,0.000507,0.000133,0,0,,,2,9,6,5,7,1,1,4,0
3,5,3,0,0,2,8e-06,114,0,254,0,0,0,0,57000000.0,0.0,2,0,0,0,0,0,57,0,0,0,0.0,0.0,1424231741,1424231741,0.008,0.0,0.0,0.0,0.0,0,2,,,2,37,37,15,15,15,15,37,1
3,2,3,0,0,2,8e-06,114,0,254,0,0,0,0,57000000.0,0.0,2,0,0,0,0,0,57,0,0,0,0.0,0.0,1424232020,1424232020,0.008,0.0,0.0,0.0,0.0,0,2,,,2,36,36,32,33,32,20,36,1
12,37,12,17,1,1,0.070999,3182,38534,31,29,7,20,2,351666.9375,4261581.5,52,54,255,255,1870201793,4029616548,61,714,0,0,81.052482,79.253214,1424238642,1424238642,1.386039,1.329566,0.000666,0.000529,0.000137,0,0,,,2,4,6,1,1,1,1,4,0
16,5,21,0,0,2,9e-06,264,0,60,0,0,0,0,117333328.0,0.0,2,0,0,0,0,0,132,0,0,0,0.0,0.0,1424224876,1424224876,0.009,0.0,0.0,0.0,0.0,0,0,,,2,25,25,8,8,8,8,25,0
6,38,15,18,1,1,1.011643,1276,64946,62,252,6,30,2,9671.395508,505569.625,24,64,255,255,757917571,1403034111,53,1015,0,0,2138.964531,1307.461358,1424229772,1424229773,43.984478,15.840444,0.0626,0.012964,0.049636,0,1,,,2,2,1,1,1,1,1,1,1
0,39,10,19,1,1,0.183084,4550,71834,31,29,7,33,2,196281.5,3099648.25,78,80,255,255,3747643804,1598296870,58,898,0,0,135.44996,134.312126,1421936093,1421936093,2.373208,2.311241,0.000608,0.000489,0.000119,0,0,0.0,0.0,0,2,2,3,2,1,1,1,0
4,40,12,20,1,1,0.06694,3702,48710,31,29,7,24,2,435374.9375,5727517.0,62,62,255,255,1019002455,1019306808,60,786,0,0,70.618755,1.900899,1424222509,1424222509,1.092082,1.088426,0.000656,0.000535,0.000121,0,0,,,2,8,8,7,6,1,1,2,0
13,41,10,21,1,1,0.222329,8928,320,31,29,4,1,5,298332.6563,9607.383789,14,6,255,255,155574500,860563188,638,53,0,0,1513.805337,64.399066,1424239814,1424239814,17.102231,44.329801,0.000729,0.00056,0.000169,0,0,,,2,4,3,7,5,1,1,6,0
8,42,10,7,1,1,3.396797,25056,1094788,31,29,38,390,2,58878.99609,2575398.0,446,858,255,255,3044589262,898449094,56,1276,0,0,3723.33667,2678.113491,1424257749,1424257753,7.66695,3.967611,0.000655,0.000519,0.000136,0,0,,,2,9,13,2,3,2,1,7,0
3,2,14,0,0,2,9e-06,114,0,254,0,0,0,0,50666664.0,0.0,2,0,0,0,0,0,57,0,0,0,0.0,0.0,1424245944,1424245944,0.009,0.0,0.0,0.0,0.0,0,2,,,2,29,29,10,10,10,10,29,1
8,43,10,10,0,0,0.00467,568,312,31,29,0,0,2,729764.4375,400856.5313,4,4,0,0,0,0,142,78,0,0,1.676316,1.479976,1424231280,1424231280,1.191333,1.051,0.0,0.0,0.0,0,0,,,2,5,5,5,4,1,1,3,0
1,44,20,22,1,1,0.589381,5184,3080,31,29,7,7,2,67854.24219,40422.07031,28,30,255,255,1921223515,4241792178,185,103,0,0,1288.387233,33.498836,1421951560,1421951560,21.81589,20.304379,0.000694,0.00055,0.000144,0,0,0.0,0.0,0,7,9,3,2,1,1,2,0
11,45,20,0,0,0,0.001025,146,178,31,29,0,0,0,569756.125,694634.125,2,2,0,0,0,0,73,89,0,0,0.0,0.0,1421957297,1421957297,0.011,0.005,0.0,0.0,0.0,0,0,0.0,0.0,0,3,5,7,5,1,1,2,0
2,46,16,1,1,1,2.394985,1252,1632,62,252,7,9,1,4008.375977,5204.208008,24,22,255,255,2223815923,380309122,52,74,0,0,5766.773692,7089.854689,1424223882,1424223885,104.129782,110.744286,0.105857,0.06867,0.037187,0,1,,1.0,3,1,1,2,3,1,1,2,1
17,47,4,23,1,1,0.026289,2958,32368,31,29,7,18,2,881585.5,9653011.0,48,50,255,255,2219507483,74428938,62,647,0,0,34.7403,33.03979,1424229100,1424229100,0.563804,0.535167,0.00071,0.000592,0.000118,0,0,,,2,7,4,3,4,1,1,2,0
12,48,8,0,0,0,0.001094,146,178,31,29,0,0,0,533820.875,650822.6875,2,2,0,0,0,0,73,89,0,0,0.0,0.0,1424260727,1424260727,0.009,0.003,0.0,0.0,0.0,0,0,,,2,1,1,2,1,1,1,1,0
9,8,15,6,3,2,9e-06,200,0,254,0,0,0,2,88888888.0,0.0,2,0,0,0,0,0,100,0,0,0,0.0,0.0,1424258876,1424258876,0.009,0.0,0.0,0.0,0.0,0,2,,,2,5,5,3,5,3,3,5,1
15,5,5,0,0,2,4e-06,264,0,60,0,0,0,0,264000000.0,0.0,2,0,0,0,0,0,132,0,0,0,0.0,0.0,1424252908,1424252908,0.004,0.0,0.0,0.0,0.0,0,0,,,2,28,28,16,16,16,16,28,0
1,49,12,24,1,1,0.049987,3302,35712,31,29,7,21,2,518694.875,5613459.5,54,56,255,255,2315102796,2311219320,61,638,0,0,58.885992,58.228273,1424256768,1424256768,0.937283,0.897636,0.000751,0.000608,0.000143,0,0,,,2,10,7,4,2,1,1,3,0
5,2,5,0,0,2,5e-06,264,0,60,0,0,0,0,211200000.0,0.0,2,0,0,0,0,0,132,0,0,0,0.0,0.0,1421931781,1421931781,0.005,0.0,0.0,0.0,0.0,0,0,0.0,0.0,0,3,3,3,3,3,3,3,0
6,50,15,18,1,1,3.857498,1008,6916,62,252,6,8,2,1974.336792,13627.48633,18,20,255,255,104862284,3842375744,56,346,0,0,15506.01102,13742.64394,1424227542,1424227546,226.911647,193.68984,0.324676,0.176681,0.147995,0,1,,,2,2,4,1,1,1,1,1,1
2,51,6,4,1,1,1.193579,842,1542,62,252,2,2,3,5080.518555,9303.113281,10,10,255,255,104832036,4006640389,84,154,1,307,9263.516858,188.820234,1424254332,1424254333,132.619889,124.126664,0.114277,0.049527,0.06475,0,1,1.0,,2,1,1,1,1,1,1,1,1
2,2,3,0,0,2,4e-06,114,0,254,0,0,0,0,114000000.0,0.0,2,0,0,0,0,0,57,0,0,0,0.0,0.0,1424239920,1424239920,0.004,0.0,0.0,0.0,0.0,0,2,,,2,25,25,24,25,24,24,25,1
2,52,6,8,1,1,2.107215,2088,1716,62,252,7,8,4,7532.216797,6192.05957,20,20,255,255,587841927,576384523,104,86,0,0,5580.359231,116.086289,1424247464,1424247466,110.891053,96.960367,0.439758,0.264965,0.174793,0,1,,,2,1,1,1,2,1,1,1,1
4,53,8,10,0,0,0.005758,568,320,31,29,0,0,2,591872.1875,333449.125,4,4,0,0,0,0,142,80,0,0,2.087381,1.60749,1424225972,1424225972,1.483,1.140667,0.0,0.0,0.0,0,0,,,2,11,6,5,9,1,1,4,0
6,5,9,0,0,2,3e-06,114,0,254,0,0,0,0,152000000.0,0.0,2,0,0,0,0,0,57,0,0,0,0.0,0.0,1424223621,1424223621,0.003,0.0,0.0,0.0,0.0,0,2,,,2,35,35,20,20,20,13,35,1
2,5,3,0,0,2,9e-06,114,0,254,0,0,0,0,50666664.0,0.0,2,0,0,0,0,0,57,0,0,0,0.0,0.0,1424237925,1424237925,0.009,0.0,0.0,0.0,0.0,0,2,,,2,20,20,20,21,20,20,20,1
2,5,3,0,0,2,4e-06,114,0,254,0,0,0,0,114000000.0,0.0,2,0,0,0,0,0,57,0,0,0,0.0,0.0,1424237592,1424237592,0.004,0.0,0.0,0.0,0.0,0,2,,,2,47,47,43,43,43,19,47,1
18,54,22,25,1,1,0.000431,208,104,29,31,0,0,2,2895591.75,965197.25,4,2,255,0,839315669,2988569521,52,52,0,0,0.198934,0.0,1421948880,1421948880,0.143667,0.003,0.0,0.0,0.0,0,0,0.0,0.0,0,2,2,1,1,1,1,1,0
6,55,15,4,1,1,0.25836,810,936,62,252,2,2,3,22573.1543,25359.96289,10,8,255,255,899467827,2086901521,81,117,1,51,1391.682535,45.896676,1424230485,1424230485,28.706667,33.953,0.06592,0.02004,0.04588,0,1,1.0,,2,1,1,1,1,1,1,1,1
14,56,1,0,0,0,0.001042,146,178,31,29,0,0,0,560460.625,683301.3125,2,2,0,0,0,0,73,89,0,0,0.0,0.0,1424222734,1424222734,0.009,0.006,0.0,0.0,0.0,0,0,,,2,3,2,2,10,2,1,1,0
7,5,7,0,0,2,2e-06,264,0,60,0,0,0,0,528000000.0,0.0,2,0,0,0,0,0,132,0,0,0,0.0,0.0,1424247590,1424247590,0.002,0.0,0.0,0.0,0.0,0,0,,,2,35,35,22,22,22,22,35,0
2,57,6,26,1,1,0.526264,790,816,254,252,4,5,2,11157.89746,11522.7334,14,14,255,255,2153646091,190648543,56,58,0,0,2025.40921,1939.348358,1424229761,1424229761,40.481845,37.104692,0.069859,0.043265,0.026594,0,1,,,2,5,5,1,1,1,1,5,1
6,2,9,0,0,2,1e-06,114,0,254,0,0,0,0,456000000.0,0.0,2,0,0,0,0,0,57,0,0,0,0.0,0.0,1424223507,1424223507,0.001,0.0,0.0,0.0,0.0,0,2,,,2,17,17,6,8,6,6,17,1
1,58,4,7,1,1,0.019252,1540,1644,31,29,4,4,2,600041.5625,645335.5625,16,18,255,255,3464665915,3474773512,96,91,0,0,97.163703,2.241596,1424245552,1424245552,1.262267,1.105706,0.000566,0.000453,0.000113,0,0,,,2,4,7,5,2,2,1,2,0
2,5,3,0,0,2,8e-06,114,0,254,0,0,0,0,57000000.0,0.0,2,0,0,0,0,0,57,0,0,0,0.0,0.0,1424239805,1424239805,0.008,0.0,0.0,0.0,0.0,0,2,,,2,31,31,22,21,20,20,31,1
2,5,2,0,0,2,3e-06,114,0,254,0,0,0,0,152000000.0,0.0,2,0,0,0,0,0,57,0,0,0,0.0,0.0,1424254527,1424254527,0.003,0.0,0.0,0.0,0.0,0,2,,,2,16,16,16,16,16,16,16,1
4,59,4,27,1,1,0.004642,424,8824,31,29,1,4,5,639379.5625,13940543.0,8,12,255,255,4110733563,4121887804,53,735,0,0,39.248658,21.474981,1421961764,1421961764,0.621571,0.377455,0.000618,0.000486,0.000132,0,0,0.0,0.0,0,3,3,5,6,1,1,4,0
10,60,13,28,1,1,0.046376,320,1838,31,29,1,2,5,46058.30469,277557.3438,6,8,255,255,3929979983,2082704149,53,230,0,0,630.58193,15.795303,1421930038,1421930038,9.218,6.556143,0.001507,0.00048,0.001027,0,0,0.0,0.0,0,3,3,3,4,1,1,2,0
2,2,2,0,0,2,4e-06,114,0,254,0,0,0,0,114000000.0,0.0,2,0,0,0,0,0,57,0,0,0,0.0,0.0,1424252292,1424252292,0.004,0.0,0.0,0.0,0.0,0,2,,,2,33,33,16,17,16,16,33,1
1,61,12,29,1,1,1.292307,4992,3080,31,29,7,7,2,29800.96875,18435.24805,28,30,255,255,3320691045,1358279657,178,103,0,0,3015.087151,80.331047,1424255256,1424255257,47.851667,44.544484,0.00068,0.000514,0.000166,0,0,,,2,4,4,2,1,1,1,3,0
2,5,3,0,0,2,9e-06,114,0,254,0,0,0,0,50666664.0,0.0,2,0,0,0,0,0,57,0,0,0,0.0,0.0,1424238794,1424238794,0.009,0.0,0.0,0.0,0.0,0,2,,,2,47,47,38,38,38,17,47,1
1,62,0,30,1,1,6.272137,23424,43458,31,29,69,95,2,29781.23633,55261.54688,310,328,255,255,1068456408,1068733904,76,132,0,0,1473.108461,1434.934708,1421945480,1421945487,20.297146,19.179245,0.000673,0.000515,0.000158,0,0,0.0,0.0,0,18,12,11,19,4,4,8,0
3,2,14,0,0,2,9e-06,114,0,254,0,0,0,0,50666664.0,0.0,2,0,0,0,0,0,57,0,0,0,0.0,0.0,1424247155,1424247155,0.009,0.0,0.0,0.0,0.0,0,2,,,2,33,33,22,23,22,22,33,1
2,5,2,0,0,2,5e-06,114,0,254,0,0,0,0,91200000.0,0.0,2,0,0,0,0,0,57,0,0,0,0.0,0.0,1424254734,1424254734,0.005,0.0,0.0,0.0,0.0,0,2,,,2,33,33,18,20,18,18,33,1
1,63,19,31,1,1,0.077815,3302,37226,31,29,7,21,2,333200.5313,3758863.75,54,56,255,255,627882937,647398934,61,665,0,0,81.680453,80.110894,1424238679,1424238679,1.490346,1.406127,0.000584,0.000474,0.00011,0,0,,,2,2,3,3,2,1,1,1,0
10,64,13,0,0,0,0.001083,130,162,31,29,0,0,0,480147.75,598337.9375,2,2,0,0,0,0,65,81,0,0,0.0,0.0,1424240455,1424240455,0.009,0.002,0.0,0.0,0.0,0,0,,,2,1,2,3,1,1,1,1,0
2,5,3,0,0,2,1e-06,114,0,254,0,0,0,0,456000000.0,0.0,2,0,0,0,0,0,57,0,0,0,0.0,0.0,1424239976,1424239976,0.001,0.0,0.0,0.0,0.0,0,2,,,2,20,20,20,21,20,20,20,1
3,2,3,0,0,2,9e-06,114,0,254,0,0,0,0,50666664.0,0.0,2,0,0,0,0,0,57,0,0,0,0.0,0.0,1424233063,1424233063,0.009,0.0,0.0,0.0,0.0,0,2,,,2,21,21,21,21,21,21,21,1
1,65,8,32,1,1,0.035017,2974,30514,31,29,7,18,2,665505.375,6831882.0,48,50,255,255,4051062933,4060353287,62,610,0,0,52.7005,51.109345,1421970221,1421970221,0.737894,0.703367,0.000711,0.000545,0.000166,0,0,0.0,0.0,0,8,8,3,4,1,1,1,0
12,66,18,7,1,1,7.317478,24640,1094788,31,29,38,390,2,26877.01953,1195508.0,438,858,255,255,1006825941,1014146853,56,1276,0,0,6312.1271,4511.204392,1421935820,1421935827,16.744028,8.537942,0.000581,0.000457,0.000124,0,0,0.0,0.0,0,9,9,6,2,2,1,2,0
10,67,1,8,1,1,0.025756,37242,3380,31,29,18,8,4,11345240.0,1025003.875,52,42,255,255,2545026154,396472553,716,80,0,0,30.661802,1.219719,1421943725,1421943725,0.498039,0.61561,0.000626,0.000512,0.000114,0,0,0.0,0.0,0,2,1,8,7,2,1,2,0
0,68,1,8,1,1,0.593894,37216,3380,31,29,18,8,4,491683.6875,44452.375,52,42,255,255,1027250728,1176442364,716,80,0,0,874.796921,27.646379,1424245108,1424245109,11.637353,14.46478,0.000965,0.000835,0.00013,0,0,,,2,2,2,2,1,1,1,2,0
2,69,14,10,1,1,3.524984,564,354,254,252,2,1,2,1152.913086,703.549316,10,8,255,255,1006164654,432287646,56,44,0,0,28529.16037,808.383687,1424249390,1424249394,381.384778,480.932281,0.309558,0.158456,0.151102,0,1,,,2,2,1,1,9,1,1,1,1
6,70,14,33,1,1,1.524209,195010,1128,254,252,74,1,2,1016889.375,5694.756836,154,26,255,255,2134696166,2080475383,1266,43,0,0,1156.020294,80.307336,1424228099,1424228100,10.027691,56.39,0.170341,0.087563,0.082778,0,1,,,2,6,3,3,4,2,2,2,1
6,5,9,0,0,2,8e-06,114,0,254,0,0,0,0,57000000.0,0.0,2,0,0,0,0,0,57,0,0,0,0.0,0.0,1424224761,1424224761,0.008,0.0,0.0,0.0,0.0,0,2,,,2,33,33,18,18,17,9,34,1
17,71,4,4,1,1,1.022478,1684,10168,31,29,3,5,3,12236.93848,75142.9375,14,18,255,255,705812795,707290620,120,565,1,3924,8767.194973,7675.706462,1421936145,1421936146,78.617075,60.113412,0.000676,0.000543,0.000133,0,0,1.0,0.0,0,1,1,4,1,1,1,1,0
19,2,21,0,0,2,4e-06,264,0,60,0,0,0,0,264000000.0,0.0,2,0,0,0,0,0,132,0,0,0,0.0,0.0,1424259788,1424259788,0.004,0.0,0.0,0.0,0.0,0,0,,,2,33,33,18,18,18,18,33,0
2,5,3,0,0,2,9e-06,114,0,254,0,0,0,0,50666664.0,0.0,2,0,0,0,0,0,57,0,0,0,0.0,0.0,1424237542,1424237542,0.009,0.0,0.0,0.0,0.0,0,2,,,2,49,49,40,40,40,17,49,1
19,5,21,0,0,2,5e-06,264,0,60,0,0,0,0,211200000.0,0.0,2,0,0,0,0,0,132,0,0,0,0.0,0.0,1424260920,1424260920,0.005,0.0,0.0,0.0,0.0,0,0,,,2,23,23,19,19,19,19,23,0
20,8,23,6,5,0,30.989496,184,112,0,0,0,0,2,35.624973,21.684767,4,4,0,0,0,0,46,28,0,0,15520.329,15520.338,1424227579,1424227610,15520.334,15520.334,0.0,0.0,0.0,0,0,,,2,1,1,1,1,1,1,1,0
2,2,3,0,0,2,1e-05,114,0,254,0,0,0,0,45600000.0,0.0,2,0,0,0,0,0,57,0,0,0,0.0,0.0,1424240488,1424240488,0.01,0.0,0.0,0.0,0.0,0,2,,,2,32,32,24,24,24,24,32,1
0,72,10,34,1,1,0.049155,4238,60964,31,29,7,30,2,680297.0,9787977.0,72,74,255,255,2728193599,2743468934,59,824,0,0,44.389486,44.428306,1421964489,1421964489,0.684465,0.666247,0.000636,0.000511,0.000125,0,0,0.0,0.0,0,4,6,1,3,1,1,1,0
8,73,8,9,1,1,0.004201,1470,1728,31,29,5,4,2,2673649.0,3056415.0,22,14,255,255,3811447636,1662108904,67,123,0,0,12.769502,0.364628,1424258159,1424258159,0.21005,0.274769,0.000629,0.000512,0.000117,0,0,,,2,4,3,2,1,1,1,1,0
4,74,18,35,1,1,0.034891,2470,15186,31,29,7,10,2,551431.625,3387922.5,38,37,255,255,2268855797,119595652,65,410,0,0,78.636294,80.757272,1421936903,1421936903,0.934541,0.952194,0.000725,0.000604,0.000121,0,0,0.0,0.0,0,9,9,3,2,1,1,1,0
3,5,3,0,0,2,7e-06,114,0,254,0,0,0,0,65142856.0,0.0,2,0,0,0,0,0,57,0,0,0,0.0,0.0,1424231051,1424231051,0.007,0.0,0.0,0.0,0.0,0,2,,,2,14,14,14,15,14,14,14,1
3,5,14,0,0,2,1e-05,114,0,254,0,0,0,0,45600000.0,0.0,2,0,0,0,0,0,57,0,0,0,0.0,0.0,1424245676,1424245676,0.01,0.0,0.0,0.0,0.0,0,2,,,2,31,31,13,12,12,12,31,1
19,5,21,0,0,2,1e-06,264,0,60,0,0,0,0,1056000000.0,0.0,2,0,0,0,0,0,132,0,0,0,0.0,0.0,1424260399,1424260399,0.001,0.0,0.0,0.0,0.0,0,0,,,2,34,34,34,34,34,17,34,0
14,75,12,36,1,1,0.018199,2334,16734,31,29,7,12,2,997857.0,7162591.0,36,38,255,255,1150900286,3300733702,65,440,0,0,35.388153,33.280139,1424233322,1424233322,0.510143,0.477378,0.00065,0.000531,0.000119,0,0,,,2,5,4,3,5,1,1,1,0
2,76,24,37,1,1,0.256638,2228,268,254,252,2,1,2,62531.66016,6982.598145,10,6,255,255,1559512398,2492568985,223,45,0,0,1373.733939,65.743281,1424228842,1424228843,26.657667,44.441602,0.086789,0.034427,0.052362,0,1,,,2,9,9,2,3,2,1,9,1
3,5,3,0,0,2,9e-06,114,0,254,0,0,0,0,50666664.0,0.0,2,0,0,0,0,0,57,0,0,0,0.0,0.0,1424230453,1424230453,0.009,0.0,0.0,0.0,0.0,0,2,,,2,26,26,17,17,17,17,26,1
10,77,12,38,1,1,0.054143,2646,25364,31,29,7,15,2,381655.9688,3662597.25,42,44,255,255,2626938520,560877840,63,576,0,0,75.988986,74.917523,1424250973,1424250974,1.3459,1.246698,0.000658,0.000532,0.000126,0,0,,,2,14,14,4,10,1,1,2,0
1,78,10,39,1,1,0.027936,2974,33374,31,29,7,18,2,834192.4375,9366266.0,48,50,255,255,2108234792,2108539530,62,667,0,0,44.610882,42.847434,1424227815,1424227815,0.613511,0.569125,0.000753,0.000609,0.000144,0,0,,,2,7,11,7,5,1,1,7,0
0,79,0,40,1,1,0.194925,3494,42080,31,29,7,22,2,140936.2656,1697268.25,58,58,255,255,2515426110,366154650,60,726,0,0,212.030282,5.709063,1424255744,1424255744,3.475214,3.409737,0.000911,0.000561,0.00035,0,0,,,2,9,11,4,2,1,1,4,0
9,8,15,6,6,2,1e-06,200,0,254,0,0,0,2,800000000.0,0.0,2,0,0,0,0,0,100,0,0,0,0.0,0.0,1424258779,1424258779,0.001,0.0,0.0,0.0,0.0,0,2,,,2,3,3,1,3,1,1,3,1
6,5,9,0,0,2,8e-06,114,0,254,0,0,0,0,57000000.0,0.0,2,0,0,0,0,0,57,0,0,0,0.0,0.0,1424225047,1424225047,0.008,0.0,0.0,0.0,0.0,0,2,,,2,24,24,9,9,9,9,24,1
2,2,3,0,0,2,1e-05,114,0,254,0,0,0,0,45600000.0,0.0,2,0,0,0,0,0,57,0,0,0,0.0,0.0,1424238149,1424238149,0.01,0.0,0.0,0.0,0.0,0,2,,,2,34,34,24,25,24,24,34,1
2,5,3,0,0,2,3.1e-05,114,0,254,0,0,0,0,14709678.0,0.0,2,0,0,0,0,0,57,0,0,0,0.0,0.0,1424238786,1424238786,0.031,0.0,0.0,0.0,0.0,0,2,,,2,47,47,44,45,44,20,47,1
3,2,3,0,0,2,9e-06,114,0,254,0,0,0,0,50666664.0,0.0,2,0,0,0,0,0,57,0,0,0,0.0,0.0,1424232439,1424232439,0.009,0.0,0.0,0.0,0.0,0,2,,,2,38,38,20,21,20,20,38,1
0,80,10,41,1,1,0.009693,364,8320,31,29,0,2,2,257505.4063,6180129.5,7,10,255,255,983419017,3129071376,52,832,0,0,2.886773,85.295715,1421935076,1421935076,1.561667,1.072444,0.0,0.0,0.0,0,0,0.0,0.0,0,9,9,7,5,1,1,4,0
14,81,12,30,1,1,1.902928,9400,12298,31,29,26,31,6,39148.09375,51251.54688,106,114,255,255,3265740589,1116483312,89,108,0,0,1079.031429,1034.948295,1424222434,1424222436,18.294356,16.834539,0.000772,0.000616,0.000156,0,0,,,2,2,1,2,3,1,1,1,0
2,82,24,33,1,1,0.686253,986,810,254,252,3,2,2,10538.3877,8498.323242,12,10,255,255,2973220201,1392390556,82,81,0,0,3977.040161,106.331336,1424240969,1424240970,59.500637,69.509445,0.123385,0.060659,0.062726,0,1,,,2,5,5,1,1,1,1,5,1
2,5,3,0,0,2,9e-06,114,0,254,0,0,0,0,50666664.0,0.0,2,0,0,0,0,0,57,0,0,0,0.0,0.0,1424238566,1424238566,0.009,0.0,0.0,0.0,0.0,0,2,,,2,43,43,20,21,20,20,43,1
6,5,9,0,0,2,9e-06,114,0,254,0,0,0,0,50666664.0,0.0,2,0,0,0,0,0,57,0,0,0,0.0,0.0,1424223453,1424223453,0.009,0.0,0.0,0.0,0.0,0,2,,,2,26,26,3,3,3,2,26,1
10,83,8,0,0,0,0.001088,130,162,31,29,0,0,0,477941.1563,595588.25,2,2,0,0,0,0,65,81,0,0,0.0,0.0,1421961388,1421961388,0.01,0.008,0.0,0.0,0.0,0,0,0.0,0.0,0,3,4,2,1,1,1,1,0
6,2,9,0,0,2,3e-06,114,0,254,0,0,0,0,152000000.0,0.0,2,0,0,0,0,0,57,0,0,0,0.0,0.0,1424225437,1424225437,0.003,0.0,0.0,0.0,0.0,0,2,,,2,15,15,6,6,6,6,15,1
2,8,15,6,3,2,3e-06,200,0,254,0,0,0,2,266666656.0,0.0,2,0,0,0,0,0,100,0,0,0,0.0,0.0,1424244423,1424244423,0.003,0.0,0.0,0.0,0.0,0,2,,,2,5,5,4,4,2,2,8,1
1,84,19,7,1,1,0.019905,1540,1644,31,29,4,4,2,580356.6875,624164.75,16,18,255,255,1521759878,3677336906,96,91,0,0,76.295903,2.031249,1421953864,1421953864,1.303933,1.072412,0.001829,0.001668,0.000161,0,0,0.0,0.0,0,11,12,10,8,6,1,6,0
2,5,2,0,0,2,3e-06,114,0,254,0,0,0,0,152000000.0,0.0,2,0,0,0,0,0,57,0,0,0,0.0,0.0,1424254035,1424254035,0.003,0.0,0.0,0.0,0.0,0,2,,,2,27,27,11,12,11,11,27,1
3,2,3,0,0,2,3e-06,114,0,254,0,0,0,0,152000000.0,0.0,2,0,0,0,0,0,57,0,0,0,0.0,0.0,1424233841,1424233841,0.003,0.0,0.0,0.0,0.0,0,2,,,2,41,41,25,25,25,25,41,1
2,5,2,0,0,2,9e-06,114,0,254,0,0,0,0,50666664.0,0.0,2,0,0,0,0,0,57,0,0,0,0.0,0.0,1424253468,1424253468,0.009,0.0,0.0,0.0,0.0,0,2,,,2,41,41,27,27,27,12,41,1
3,5,14,0,0,2,7e-06,114,0,254,0,0,0,0,65142856.0,0.0,2,0,0,0,0,0,57,0,0,0,0.0,0.0,1424248144,1424248144,0.007,0.0,0.0,0.0,0.0,0,2,,,2,35,35,18,17,17,17,35,1
2,85,16,8,1,1,2.582431,776,948,254,252,4,4,4,2233.554199,2729.211182,14,14,255,255,2142865571,960417881,55,68,0,0,14540.28226,353.75825,1424237173,1424237175,198.648534,190.887391,0.115542,0.082686,0.032856,0,1,,,2,1,1,2,3,1,1,2,1
2,5,3,0,0,2,7e-06,114,0,254,0,0,0,0,65142856.0,0.0,2,0,0,0,0,0,57,0,0,0,0.0,0.0,1424237598,1424237598,0.007,0.0,0.0,0.0,0.0,0,2,,,2,41,41,41,41,41,19,41,1
3,5,3,0,0,2,3e-06,114,0,254,0,0,0,0,152000000.0,0.0,2,0,0,0,0,0,57,0,0,0,0.0,0.0,1424232033,1424232033,0.003,0.0,0.0,0.0,0.0,0,2,,,2,24,24,14,14,14,14,24,1
5,2,5,0,0,2,9e-06,264,0,60,0,0,0,0,117333328.0,0.0,2,0,0,0,0,0,132,0,0,0,0.0,0.0,1424240386,1424240386,0.009,0.0,0.0,0.0,0.0,0,0,,,2,21,21,14,14,14,14,21,0
14,86,12,42,1,1,0.419195,320,1956,31,29,1,2,5,5095.480469,32672.14648,6,8,255,255,2967687090,3129034556,53,245,0,0,5913.738996,145.897141,1421928440,1421928440,83.7664,59.81643,0.000612,0.000478,0.000134,0,0,0.0,0.0,0,3,5,6,2,1,1,1,0
2,87,16,1,1,1,4.50387,1272,1660,62,252,7,9,1,2165.249023,2815.356445,24,22,255,255,354700926,714412693,53,75,0,0,12884.84463,15333.67757,1424256208,1424256213,195.820429,200.820714,0.405178,0.285638,0.11954,0,1,,1.0,3,1,1,1,2,1,1,1,1
2,5,2,0,0,2,9e-06,114,0,254,0,0,0,0,50666664.0,0.0,2,0,0,0,0,0,57,0,0,0,0.0,0.0,1424253810,1424253810,0.009,0.0,0.0,0.0,0.0,0,2,,,2,31,31,16,15,15,15,31,1
3,88,24,33,1,1,36.577267,8652,9740,62,252,22,22,2,1867.608154,2103.820312,76,80,255,255,1180481422,3839188821,114,122,0,0,38524.52209,1117.888125,1424249143,1424249179,487.688407,461.763031,0.200292,0.097978,0.102314,0,1,,,2,3,1,1,1,1,1,1,1
6,5,6,0,0,2,3e-06,114,0,254,0,0,0,0,152000000.0,0.0,2,0,0,0,0,0,57,0,0,0,0.0,0.0,1424259245,1424259245,0.003,0.0,0.0,0.0,0.0,0,2,,,2,21,21,16,17,16,16,21,1
14,89,19,43,1,1,0.104746,4238,61794,31,29,7,30,2,319248.4688,4655758.0,72,74,255,255,1874423310,1892176501,59,835,0,0,82.686479,81.117465,1421960468,1421960468,1.470789,1.427192,0.000719,0.000557,0.000162,0,0,0.0,0.0,0,3,5,1,2,1,1,1,0
0,90,4,44,1,1,0.03784,3614,49036,31,29,7,24,2,751374.1875,10200000.0,60,62,255,255,1018969360,1026502610,60,791,0,0,34.128982,33.643948,1421942309,1421942309,0.636017,0.603115,0.001219,0.001043,0.000176,0,0,0.0,0.0,0,5,5,1,2,1,1,1,0
3,2,14,0,0,2,9e-06,114,0,254,0,0,0,0,50666664.0,0.0,2,0,0,0,0,0,57,0,0,0,0.0,0.0,1424247689,1424247689,0.009,0.0,0.0,0.0,0.0,0,2,,,2,22,22,22,22,22,22,22,1
3,2,3,0,0,2,9e-06,114,0,254,0,0,0,0,50666664.0,0.0,2,0,0,0,0,0,57,0,0,0,0.0,0.0,1424233213,1424233213,0.009,0.0,0.0,0.0,0.0,0,2,,,2,29,29,25,26,25,25,29,1
15,2,5,0,0,2,7e-06,264,0,60,0,0,0,0,150857136.0,0.0,2,0,0,0,0,0,132,0,0,0,0.0,0.0,1424253709,1424253709,0.007,0.0,0.0,0.0,0.0,0,0,,,2,33,33,23,23,23,23,33,0
0,91,4,0,0,0,0.000973,146,178,31,29,0,0,0,600205.5625,731757.4375,2,2,0,0,0,0,73,89,0,0,0.0,0.0,1421938047,1421938047,0.001,0.008,0.0,0.0,0.0,0,0,0.0,0.0,0,1,2,4,3,1,1,1,0
3,92,17,8,1,1,4.264326,4120,1788,62,252,8,8,4,7378.422363,3187.373535,22,20,255,255,3664044511,677040541,187,89,0,0,15080.63749,428.448562,1424239720,1424239724,203.06314,216.569109,0.25523,0.128636,0.126594,0,1,,,2,2,1,2,1,1,1,1,1
0,93,20,4,1,1,1.175885,1684,10168,31,29,3,5,3,10640.49707,65339.72656,14,18,255,255,3246933634,3262346050,120,565,1,3924,8839.90905,7740.339563,1424259181,1424259183,90.424923,69.137235,0.000673,0.000548,0.000125,0,0,1.0,,2,1,1,2,1,1,1,1,0
12,94,18,45,1,1,0.066161,4550,69850,31,29,7,33,2,543159.875,8340503.0,78,80,255,255,3460042186,1310773343,58,873,0,0,64.340418,62.661994,1421959053,1421959053,0.865724,0.830405,0.000681,0.000548,0.000133,0,0,0.0,0.0,0,5,1,4,3,1,1,1,0
10,95,1,30,1,1,1.740882,5928,8010,31,29,14,17,6,26804.80273,36174.76563,62,58,255,255,2655229728,2655555359,96,138,0,0,1768.543004,1825.209186,1421940859,1421940860,28.539049,30.528422,0.00077,0.000629,0.000141,0,0,0.0,0.0,0,1,1,3,2,1,1,2,0
1,96,13,46,1,1,0.075982,8928,424,31,29,4,1,5,872943.625,39061.88281,14,8,255,255,2716302122,1465569262,638,53,0,0,645.904004,26.185209,1421960968,1421960968,5.844769,10.752143,0.000716,0.000561,0.000155,0,0,0.0,0.0,0,3,4,3,3,1,1,2,0
14,97,12,0,0,0,0.001112,146,178,31,29,0,0,0,525179.875,640287.8125,2,2,0,0,0,0,73,89,0,0,0.0,0.0,1421930904,1421930904,0.011,0.008,0.0,0.0,0.0,0,0,0.0,0.0,0,2,3,6,1,1,1,1,0
2,98,24,47,1,1,2.53161,1382,94044,62,252,7,42,7,4221.819336,293808.2813,30,88,255,255,57720522,1639737247,46,1069,0,0,4393.890771,2435.277132,1424228378,1424228381,87.296893,27.910909,0.151758,0.083863,0.067895,0,1,,,2,1,1,4,5,1,1,9,1
3,2,3,0,0,2,9e-06,114,0,254,0,0,0,0,50666664.0,0.0,2,0,0,0,0,0,57,0,0,0,0.0,0.0,1424232777,1424232777,0.009,0.0,0.0,0.0,0.0,0,2,,,2,42,42,24,24,24,24,42,1
2,2,3,0,0,2,4e-06,114,0,254,0,0,0,0,114000000.0,0.0,2,0,0,0,0,0,57,0,0,0,0.0,0.0,1424239211,1424239211,0.004,0.0,0.0,0.0,0.0,0,2,,,2,33,33,33,35,33,19,33,1
3,2,14,0,0,2,9e-06,114,0,254,0,0,0,0,50666664.0,0.0,2,0,0,0,0,0,57,0,0,0,0.0,0.0,1424245207,1424245207,0.009,0.0,0.0,0.0,0.0,0,2,,,2,23,23,6,6,6,6,23,1
12,99,4,0,0,0,0.001056,146,178,31,29,0,0,0,553030.3125,674242.4375,2,2,0,0,0,0,73,89,0,0,0.0,0.0,1424219912,1424219912,0.009,0.007,0.0,0.0,0.0,0,0,,,2,4,3,10,13,4,1,11,0
6,100,14,4,1,1,0.809431,898,16210,62,252,2,7,3,8143.992188,151316.1719,12,18,255,255,3685834159,2067435905,75,901,0,0,4140.754339,3640.436571,1424233545,1424233546,73.499092,44.835293,0.103249,0.047222,0.056027,0,1,,,2,1,1,1,1,1,1,1,1
1,101,13,0,0,0,0.001074,146,178,31,29,0,0,0,543761.625,662942.25,2,2,0,0,0,0,73,89,0,0,0.0,0.0,1424253847,1424253847,0.001,0.003,0.0,0.0,0.0,0,0,,,2,2,1,1,1,1,1,1,0
8,102,18,0,0,0,0.001009,130,162,31,29,0,0,0,515361.75,642220.0,2,2,0,0,0,0,65,81,0,0,0.0,0.0,1421938433,1421938433,0.004,0.01,0.0,0.0,0.0,0,0,0.0,0.0,0,4,2,4,3,2,1,1,0
13,103,4,48,1,1,0.015902,2558,23268,31,29,7,14,2,1255188.0,11426991.0,40,42,255,255,3791990513,3792282547,64,554,0,0,25.730261,25.814034,1424257554,1424257554,0.410395,0.392513,0.000722,0.000587,0.000135,0,0,,,2,6,6,1,3,1,1,2,0
2,5,2,0,0,2,9e-06,114,0,254,0,0,0,0,50666664.0,0.0,2,0,0,0,0,0,57,0,0,0,0.0,0.0,1424252971,1424252971,0.009,0.0,0.0,0.0,0.0,0,2,,,2,16,16,9,8,8,8,16,1
13,104,18,18,1,1,0.031838,7816,15314,31,29,30,32,2,1947861.0,3817576.5,122,126,255,255,2346065080,2351304533,64,122,0,0,16.266833,14.437555,1421944870,1421944871,0.260091,0.250288,0.000723,0.000548,0.000175,0,0,0.0,0.0,0,22,2,5,23,2,2,2,0
11,105,1,0,0,0,0.001221,130,162,31,29,0,0,0,425880.4375,530712.5625,2,2,0,0,0,0,65,81,0,0,0.0,0.0,1421936670,1421936670,0.01,0.008,0.0,0.0,0.0,0,0,0.0,0.0,0,2,3,3,9,2,2,2,0
2,2,2,0,0,2,3e-06,114,0,254,0,0,0,0,152000000.0,0.0,2,0,0,0,0,0,57,0,0,0,0.0,0.0,1424252869,1424252869,0.003,0.0,0.0,0.0,0.0,0,2,,,2,26,26,16,16,16,16,26,1
2,5,2,0,0,2,9e-06,114,0,254,0,0,0,0,50666664.0,0.0,2,0,0,0,0,0,57,0,0,0,0.0,0.0,1424251720,1424251720,0.009,0.0,0.0,0.0,0.0,0,2,,,2,20,20,14,14,14,14,20,1
11,106,10,49,1,1,0.079535,3598,48874,31,29,7,24,2,355969.0625,4836713.5,60,62,255,255,45276687,2198997013,60,788,0,0,79.681098,78.743061,1424250693,1424250694,1.342797,1.316217,0.000683,0.00056,0.000123,0,0,,,2,11,7,6,11,1,1,2,0
13,107,13,4,1,1,1.009165,1684,10168,31,29,3,5,3,12398.36816,76134.22656,14,18,255,255,2637270288,488874795,120,565,1,3924,8766.544791,7676.21395,1421960086,1421960087,77.601002,59.328059,0.000729,0.000583,0.000146,0,0,1.0,0.0,0,2,3,1,1,1,1,1,0
12,108,10,50,1,1,0.022045,2750,27730,31,29,7,16,2,975459.3125,9844591.0,44,46,255,255,3594414818,3590510070,63,603,0,0,36.450497,34.753262,1421947425,1421947425,0.504837,0.476689,0.000741,0.000583,0.000158,0,0,0.0,0.0,0,12,8,1,2,1,1,1,0
3,109,24,4,1,1,5.172728,3190,473673,62,252,2,172,3,4859.331543,730477.1875,66,350,255,255,4228280192,4283202954,48,1353,1,169,4001.04925,1849.477274,1424246770,1424246775,79.580431,14.497872,0.10348,0.075503,0.027977,0,1,4.0,,2,2,1,1,1,1,1,1,1
3,5,3,0,0,2,3e-06,114,0,254,0,0,0,0,152000000.0,0.0,2,0,0,0,0,0,57,0,0,0,0.0,0.0,1424230521,1424230521,0.003,0.0,0.0,0.0,0.0,0,2,,,2,45,45,33,33,33,15,45,1
9,110,3,51,1,1,0.321058,1324,268,254,252,2,1,2,29701.79883,5581.545898,10,6,255,255,715559409,3294627770,132,45,0,0,1786.135855,94.01957,1424240313,1424240314,33.652778,59.810602,0.082221,0.021997,0.060224,0,1,,,2,1,1,1,1,1,1,1,1
8,111,20,52,1,1,0.024912,2542,21874,31,29,7,14,2,796082.25,6857418.0,40,42,255,255,3894434437,3903701425,64,521,0,0,46.120402,45.857354,1424241849,1424241849,0.647474,0.6111,0.00073,0.000465,0.000265,0,0,,,2,7,5,2,3,1,1,1,0
3,2,14,0,0,2,4e-06,114,0,254,0,0,0,0,114000000.0,0.0,2,0,0,0,0,0,57,0,0,0,0.0,0.0,1424244457,1424244457,0.004,0.0,0.0,0.0,0.0,0,2,,,2,28,28,11,11,11,11,29,1
6,8,17,6,7,2,3e-06,200,0,254,0,0,0,2,266666656.0,0.0,2,0,0,0,0,0,100,0,0,0,0.0,0.0,1424223225,1424223225,0.003,0.0,0.0,0.0,0.0,0,2,,,2,5,5,2,2,2,2,5,1
6,2,9,0,0,2,9e-06,114,0,254,0,0,0,0,50666664.0,0.0,2,0,0,0,0,0,57,0,0,0,0.0,0.0,1424223869,1424223869,0.009,0.0,0.0,0.0,0.0,0,2,,,2,3,3,3,3,3,3,3,1
6,5,6,0,0,2,3e-06,114,0,254,0,0,0,0,152000000.0,0.0,2,0,0,0,0,0,57,0,0,0,0.0,0.0,1424259076,1424259076,0.003,0.0,0.0,0.0,0.0,0,2,,,2,43,43,43,43,43,12,43,1
3,112,2,4,1,1,0.177153,858,268,254,252,2,1,3,34907.67578,10115.54981,10,6,255,255,3745921335,2126087812,86,45,1,0,1021.927202,62.990641,1424257300,1424257300,19.683667,32.906,0.064184,0.007817,0.056367,0,1,1.0,,2,2,1,1,1,1,1,1,1
13,113,13,0,0,0,0.001078,130,162,31,29,0,0,0,482374.7813,601113.1875,2,2,0,0,0,0,65,81,0,0,0.0,0.0,1424235016,1424235016,0.008,0.007,0.0,0.0,0.0,0,0,,,2,3,3,3,3,2,1,1,0
1,114,1,4,1,1,1.420546,19202,1087890,31,29,2,370,3,107840.2188,6118391.0,360,746,255,255,3006948564,3003705339,53,1458,1,0,231.530394,117.976444,1424231453,1424231455,3.956014,1.90609,0.000626,0.000507,0.000119,0,0,1.0,,2,1,2,2,2,1,1,1,0
6,2,9,0,0,2,3e-06,114,0,254,0,0,0,0,152000000.0,0.0,2,0,0,0,0,0,57,0,0,0,0.0,0.0,1424223453,1424223453,0.003,0.0,0.0,0.0,0.0,0,2,,,2,37,37,23,23,23,7,37,1
2,5,3,0,0,2,9e-06,114,0,254,0,0,0,0,50666664.0,0.0,2,0,0,0,0,0,57,0,0,0,0.0,0.0,1424238304,1424238304,0.009,0.0,0.0,0.0,0.0,0,2,,,2,43,43,19,19,19,19,43,1
17,115,4,9,1,1,0.005854,1920,4312,31,29,6,6,2,2504954.0,5648104.0,22,24,255,255,2785172265,640071823,87,180,0,0,16.193542,13.40682,1421972037,1421972037,0.262429,0.231,0.000653,0.00053,0.000123,0,0,0.0,0.0,0,17,7,3,5,1,1,1,0
10,116,13,18,1,1,0.856923,7818,14922,31,29,30,32,2,72389.23438,138206.125,122,126,255,255,4178435234,2034678646,64,118,0,0,452.139558,447.060057,1421969470,1421969471,7.078554,6.85116,0.000646,0.000523,0.000123,0,0,0.0,0.0,0,2,11,9,1,1,1,1,0
6,8,15,6,3,2,3e-06,200,0,254,0,0,0,2,266666656.0,0.0,2,0,0,0,0,0,100,0,0,0,0.0,0.0,1424251663,1424251663,0.003,0.0,0.0,0.0,0.0,0,2,,,2,1,1,2,3,1,1,2,1
4,117,8,53,1,1,0.025863,3926,51770,31,29,7,27,2,1196149.0,15778216.0,66,68,255,255,2490800835,341530883,59,761,0,0,21.144462,20.878173,1424231202,1424231202,0.393123,0.377269,0.000708,0.000577,0.000131,0,0,,,2,4,2,1,3,1,1,1,0
2,5,3,0,0,2,4e-06,114,0,254,0,0,0,0,114000000.0,0.0,2,0,0,0,0,0,57,0,0,0,0.0,0.0,1424240298,1424240298,0.004,0.0,0.0,0.0,0.0,0,2,,,2,41,41,20,20,20,20,41,1
15,2,5,0,0,2,5e-06,264,0,60,0,0,0,0,211200000.0,0.0,2,0,0,0,0,0,132,0,0,0,0.0,0.0,1424253116,1424253116,0.005,0.0,0.0,0.0,0.0,0,0,,,2,34,34,23,23,23,23,34,0
9,8,15,6,8,2,3e-06,200,0,254,0,0,0,2,266666656.0,0.0,2,0,0,0,0,0,100,0,0,0,0.0,0.0,1424258786,1424258786,0.003,0.0,0.0,0.0,0.0,0,2,,,2,7,7,3,4,3,3,7,1
3,5,14,0,0,2,5e-06,114,0,254,0,0,0,0,91200000.0,0.0,2,0,0,0,0,0,57,0,0,0,0.0,0.0,1424246489,1424246489,0.005,0.0,0.0,0.0,0.0,0,2,,,2,15,15,10,11,10,10,15,1
11,118,4,54,1,1,0.466563,424,8824,31,29,1,4,2,6361.413086,138699.3906,8,12,255,255,1008458751,1488383912,53,735,0,0,4056.548506,3217.665597,1421945481,1421945482,66.602859,42.371638,0.00066,0.000472,0.000188,0,0,0.0,0.0,0,15,12,19,31,4,4,15,0
0,119,12,4,1,1,1.530977,1684,10168,31,29,3,5,2,8172.559082,50184.94531,14,18,255,255,123947852,152436993,120,565,1,3924,9902.280208,8668.208658,1421945586,1421945588,117.714079,90.031765,0.000554,0.000434,0.00012,0,0,6.0,0.0,0,20,23,19,22,8,7,7,0
14,120,4,55,1,1,0.084988,3390,44134,31,29,7,22,2,313456.0313,4082835.25,56,58,255,255,3869270533,1719997189,61,761,0,0,85.157102,84.110963,1424223208,1424223208,1.539364,1.506929,0.000717,0.000592,0.000125,0,0,,,2,5,2,1,2,1,1,1,0
6,2,6,0,0,2,7e-06,114,0,254,0,0,0,0,65142856.0,0.0,2,0,0,0,0,0,57,0,0,0,0.0,0.0,1424261788,1424261788,0.007,0.0,0.0,0.0,0.0,0,2,,,2,17,17,17,18,17,17,17,1
3,5,3,0,0,2,3e-06,114,0,254,0,0,0,0,152000000.0,0.0,2,0,0,0,0,0,57,0,0,0,0.0,0.0,1424232050,1424232050,0.003,0.0,0.0,0.0,0.0,0,2,,,2,34,34,25,25,25,13,34,1
3,5,3,0,0,2,1e-05,114,0,254,0,0,0,0,45600000.0,0.0,2,0,0,0,0,0,57,0,0,0,0.0,0.0,1424230689,1424230689,0.01,0.0,0.0,0.0,0.0,0,2,,,2,12,12,12,12,12,12,12,1
10,121,8,56,1,1,0.223454,424,8824,31,29,1,4,5,13282.37598,289598.75,8,12,255,255,269596750,2523586565,53,735,0,0,2121.779617,1679.061179,1424222637,1424222637,31.871714,20.270091,0.000603,0.000479,0.000124,0,0,,,2,3,3,7,7,1,1,4,0
14,122,13,7,1,1,3.747918,13264,526591,31,29,20,186,2,28190.58594,1121350.125,231,421,255,255,4175231469,2052297385,57,1251,0,0,3292.042292,2452.474233,1421949068,1421949072,16.293873,8.922441,0.000625,0.000492,0.000133,0,0,0.0,0.0,0,11,8,7,6,1,1,3,0
6,5,6,0,0,2,3e-06,114,0,254,0,0,0,0,152000000.0,0.0,2,0,0,0,0,0,57,0,0,0,0.0,0.0,1424260717,1424260717,0.003,0.0,0.0,0.0,0.0,0,2,,,2,36,36,33,33,33,16,36,1
13,123,18,0,0,0,0.000966,130,162,31,29,0,0,0,538302.25,670807.4375,2,2,0,0,0,0,65,81,0,0,0.0,0.0,1424242467,1424242467,0.001,0.006,0.0,0.0,0.0,0,0,,,2,2,1,1,1,1,1,1,0
10,124,0,57,1,1,0.153738,3806,50952,31,29,7,26,2,194981.0625,2611195.5,64,66,255,255,2458340455,353015116,59,772,0,0,171.762269,169.255251,1424260036,1424260036,2.435206,2.356292,0.000746,0.000575,0.000171,0,0,,,2,7,8,2,3,1,1,1,0
2,5,2,0,0,2,8e-06,114,0,254,0,0,0,0,57000000.0,0.0,2,0,0,0,0,0,57,0,0,0,0.0,0.0,1424252411,1424252411,0.008,0.0,0.0,0.0,0.0,0,2,,,2,25,25,18,19,18,18,25,1
6,2,6,0,0,2,4e-06,114,0,254,0,0,0,0,114000000.0,0.0,2,0,0,0,0,0,57,0,0,0,0.0,0.0,1424260431,1424260431,0.004,0.0,0.0,0.0,0.0,0,2,,,2,26,26,26,26,26,15,26,1
8,125,0,58,1,1,0.024253,2854,30136,31,29,7,17,2,920958.25,9733724.0,46,48,255,255,1116577090,1116899223,62,628,0,0,0.0,34.090618,1424239489,1424239489,0.531133,0.514935,0.00069,0.000564,0.000126,0,0,,,2,9,5,7,11,1,1,3,0
3,5,3,0,0,2,9e-06,114,0,254,0,0,0,0,50666664.0,0.0,2,0,0,0,0,0,57,0,0,0,0.0,0.0,1424233507,1424233507,0.009,0.0,0.0,0.0,0.0,0,2,,,2,28,28,3,3,3,3,28,1
17,126,10,4,1,1,1.034187,1684,10168,31,29,3,5,3,12098.39258,74292.17969,14,18,255,255,2192848700,2189602950,120,565,1,3924,8868.283276,7769.248051,1424226724,1424226725,79.526849,60.801,0.000728,0.000567,0.000161,0,0,1.0,,2,2,2,3,5,1,1,2,0
6,127,15,12,0,2,2e-06,78,0,254,0,0,0,2,156000000.0,0.0,2,0,0,0,0,0,39,0,0,0,0.0,0.0,1424235441,1424235441,0.002,0.0,0.0,0.0,0.0,0,2,,,2,15,11,2,4,2,1,8,1
0,128,10,4,1,1,10.408152,17642,1087890,31,29,2,370,3,13519.40332,835062.375,330,746,255,255,2398792326,266284837,53,1458,1,524288,2424.082243,1592.018544,1424245536,1424245547,31.634556,13.969976,0.000633,0.000514,0.000119,0,0,1.0,,2,1,2,2,1,1,1,2,0
13,129,0,59,0,0,0.001715,512,304,31,29,0,0,2,1791253.625,1063556.875,4,4,0,0,0,0,128,76,0,0,0.625554,0.299585,1424254143,1424254143,0.446333,0.216333,0.0,0.0,0.0,0,0,,,2,3,5,4,5,1,1,3,0
5,2,7,0,0,2,7e-06,264,0,60,0,0,0,0,150857136.0,0.0,2,0,0,0,0,0,132,0,0,0,0.0,0.0,1424231312,1424231312,0.007,0.0,0.0,0.0,0.0,0,0,,,2,56,56,49,49,49,24,56,0
2,5,3,0,0,2,7e-06,114,0,254,0,0,0,0,65142856.0,0.0,2,0,0,0,0,0,57,0,0,0,0.0,0.0,1424238884,1424238884,0.007,0.0,0.0,0.0,0.0,0,2,,,2,35,35,11,10,10,10,35,1
3,2,3,0,0,2,5e-06,114,0,254,0,0,0,0,91200000.0,0.0,2,0,0,0,0,0,57,0,0,0,0.0,0.0,1424233068,1424233068,0.005,0.0,0.0,0.0,0.0,0,2,,,2,25,25,25,27,25,25,25,1
8,130,1,7,1,1,5.269877,13766,548216,31,29,21,197,2,20811.11133,830326.8125,240,438,255,255,1504362486,1553273991,57,1252,0,0,7853.167692,5804.87262,1421931451,1421931456,22.048359,12.058018,0.000639,0.000513,0.000126,0,0,0.0,0.0,0,5,11,4,1,1,1,1,0
9,131,16,4,1,1,0.278648,1276,29348,62,252,2,11,3,33590.76953,810197.875,12,26,255,255,3445682944,1937007403,106,1129,1,0,1325.768945,1135.038707,1424239067,1424239068,25.331636,10.42976,0.068081,0.01714,0.050941,0,1,2.0,,2,2,2,2,2,2,2,2,1
0,132,13,18,1,1,2.676453,7816,15118,31,29,30,32,2,23170.96484,44832.46875,122,126,255,255,3582059977,1437663926,64,120,0,0,1466.941614,1448.00413,1421930316,1421930319,22.116505,21.40708,0.000697,0.000564,0.000133,0,0,0.0,0.0,0,4,5,2,4,2,1,1,0
11,133,8,4,1,1,1.06878,1580,10168,31,29,3,5,3,10846.01172,71887.57813,12,18,255,255,2948479433,799944366,132,565,1,3924,9551.765409,7691.363353,1424239449,1424239450,97.129274,62.838883,0.00065,0.000513,0.000137,0,0,1.0,,2,1,1,1,3,1,1,1,0
3,2,3,0,0,2,9e-06,114,0,254,0,0,0,0,50666664.0,0.0,2,0,0,0,0,0,57,0,0,0,0.0,0.0,1424233527,1424233527,0.009,0.0,0.0,0.0,0.0,0,2,,,2,43,43,44,44,43,25,44,1
12,134,8,60,1,1,0.733909,528,8824,31,29,1,4,2,5188.654297,88174.42188,10,12,255,255,2450408074,866689578,53,735,0,0,7721.982428,6969.429287,1421933783,1421933784,81.511111,66.667818,0.000714,0.00056,0.000154,0,0,0.0,0.0,0,17,11,5,3,1,1,1,0
8,135,1,18,1,1,1.622821,7806,15160,31,29,30,32,2,38170.57031,74142.5,122,126,255,255,3305710384,1176928394,64,120,0,0,806.423714,795.580531,1421937134,1421937136,13.408562,12.978904,0.000619,0.000455,0.000164,0,0,0.0,0.0,0,1,4,4,3,1,1,2,0
12,136,20,61,1,1,0.065974,2958,31788,31,29,7,18,2,351289.9063,3777609.5,48,50,255,255,253032094,272510404,62,636,0,0,81.490146,79.039136,1424234333,1424234333,1.427435,1.335469,0.000668,0.000532,0.000136,0,0,,,2,7,5,3,7,1,1,2,0
3,2,14,0,0,2,1e-05,114,0,254,0,0,0,0,45600000.0,0.0,2,0,0,0,0,0,57,0,0,0,0.0,0.0,1424248028,1424248028,0.01,0.0,0.0,0.0,0.0,0,2,,,2,22,22,22,22,22,22,22,1
2,137,15,37,1,1,1.480573,2516,354,254,252,2,1,2,12238.50488,1675.0271,10,8,255,255,3899312893,2884461911,252,44,0,0,8856.104659,292.12725,1424225812,1424225813,164.372,186.789859,0.272253,0.173037,0.099216,0,1,,,2,3,1,1,1,1,1,1,0
12,138,4,62,1,1,0.050905,3494,40254,31,29,7,22,2,539671.9375,6217071.0,58,58,255,255,2177988679,2198082695,60,694,0,0,57.567544,1.569331,1421951857,1421951857,0.887421,0.884632,0.000598,0.000477,0.000121,0,0,0.0,0.0,0,6,13,3,3,1,1,1,0
3,5,3,0,0,2,9e-06,114,0,254,0,0,0,0,50666664.0,0.0,2,0,0,0,0,0,57,0,0,0,0.0,0.0,1424230819,1424230819,0.009,0.0,0.0,0.0,0.0,0,2,,,2,34,34,9,9,9,9,34,1
2,8,6,6,9,2,1e-06,200,0,254,0,0,0,2,800000000.0,0.0,2,0,0,0,0,0,100,0,0,0,0.0,0.0,1424237282,1424237282,0.001,0.0,0.0,0.0,0.0,0,2,,,2,13,13,4,6,4,4,13,1
1,139,0,63,1,1,0.003046,8928,424,31,29,4,1,5,21775444.0,974392.6875,14,8,255,255,758051092,768440880,638,53,0,0,14.356608,0.643217,1421939918,1421939918,0.234308,0.312143,0.000615,0.000485,0.00013,0,0,0.0,0.0,0,3,6,6,6,1,1,4,0
6,140,14,10,1,1,0.807271,564,354,254,252,2,1,2,5034.245117,3072.078613,10,8,255,255,3233279812,1551980263,56,44,0,0,5819.915379,157.773141,1424246024,1424246025,89.696778,103.02243,0.121306,0.070013,0.051293,0,1,,,2,1,1,21,1,1,1,1,1
3,2,3,0,0,2,2e-06,114,0,254,0,0,0,0,228000000.0,0.0,2,0,0,0,0,0,57,0,0,0,0.0,0.0,1424232356,1424232356,0.002,0.0,0.0,0.0,0.0,0,2,,,2,25,25,19,19,19,19,25,1
3,2,14,0,0,2,1e-05,114,0,254,0,0,0,0,45600000.0,0.0,2,0,0,0,0,0,57,0,0,0,0.0,0.0,1424247850,1424247850,0.01,0.0,0.0,0.0,0.0,0,2,,,2,21,21,20,21,20,20,21,1
2,8,6,6,3,2,5e-06,200,0,254,0,0,0,2,160000000.0,0.0,2,0,0,0,0,0,100,0,0,0,0.0,0.0,1424237425,1424237425,0.005,0.0,0.0,0.0,0.0,0,2,,,2,4,4,2,2,2,2,4,1
3,2,14,0,0,2,9e-06,114,0,254,0,0,0,0,50666664.0,0.0,2,0,0,0,0,0,57,0,0,0,0.0,0.0,1424244997,1424244997,0.009,0.0,0.0,0.0,0.0,0,2,,,2,30,30,16,17,16,16,30,1
3,5,14,0,0,2,9e-06,114,0,254,0,0,0,0,50666664.0,0.0,2,0,0,0,0,0,57,0,0,0,0.0,0.0,1424247867,1424247867,0.009,0.0,0.0,0.0,0.0,0,2,,,2,20,22,17,17,17,17,20,1
6,5,9,0,0,2,1e-05,114,0,254,0,0,0,0,45600000.0,0.0,2,0,0,0,0,0,57,0,0,0,0.0,0.0,1424224253,1424224253,0.01,0.0,0.0,0.0,0.0,0,2,,,2,17,17,9,9,9,9,17,1
9,141,2,64,0,2,8e-06,626,0,254,0,0,0,2,313000000.0,0.0,2,0,0,0,0,0,313,0,0,0,0.0,0.0,1424235812,1424235812,0.008,0.0,0.0,0.0,0.0,0,2,,,2,31,31,13,13,13,1,32,1
3,142,24,4,1,1,0.475447,796,996,62,252,2,2,3,12064.43652,14672.50781,10,8,255,255,2402238250,559536079,80,125,1,88,2816.188647,118.6715,1424253105,1424253105,52.827444,58.971715,0.089559,0.041231,0.048328,0,1,1.0,,2,1,1,1,3,1,1,1,1
12,143,1,0,0,0,0.00106,146,178,31,29,0,0,0,550943.375,671698.0625,2,2,0,0,0,0,73,89,0,0,0.0,0.0,1424232831,1424232831,0.008,0.007,0.0,0.0,0.0,0,0,,,2,4,3,3,2,2,1,2,0
12,144,8,7,1,1,0.018564,1540,1644,31,29,4,4,2,622279.6875,669252.3125,16,18,255,255,3928664678,1783006293,96,91,0,0,74.188421,2.303726,1424254812,1424254812,1.217667,1.063,0.00062,0.000488,0.000132,0,0,,,2,2,2,2,2,2,1,2,0
2,5,3,0,0,2,4e-06,114,0,254,0,0,0,0,114000000.0,0.0,2,0,0,0,0,0,57,0,0,0,0.0,0.0,1424237697,1424237697,0.004,0.0,0.0,0.0,0.0,0,2,,,2,44,44,44,44,44,20,44,1
6,145,14,65,0,0,0.587041,1330,704,254,60,0,0,8,13600.41211,4796.938965,4,2,0,0,0,0,333,352,0,0,276.728125,0.0,1424252656,1424252657,195.680328,0.002,0.0,0.0,0.0,0,0,,,2,2,2,3,3,3,3,3,1
1,146,10,66,1,1,0.047443,4862,77300,31,29,7,36,2,810235.4375,12883165.0,84,86,255,255,1783189332,3954267812,58,899,0,0,0.0,31.580033,1421943781,1421943782,0.567928,0.551776,0.000675,0.000538,0.000137,0,0,0.0,0.0,0,10,5,3,3,1,1,1,0
0,147,20,0,0,0,0.001047,146,178,31,29,0,0,0,557784.125,680038.1875,2,2,0,0,0,0,73,89,0,0,0.0,0.0,1421950109,1421950109,0.008,0.009,0.0,0.0,0.0,0,0,0.0,0.0,0,1,2,1,4,1,1,1,0
2,2,2,0,0,2,9e-06,114,0,254,0,0,0,0,50666664.0,0.0,2,0,0,0,0,0,57,0,0,0,0.0,0.0,1424251906,1424251906,0.009,0.0,0.0,0.0,0.0,0,2,,,2,26,26,8,9,8,8,26,1
0,148,0,7,1,1,0.013492,1540,1644,31,29,4,4,2,856211.0625,920841.9375,16,18,255,255,2829956551,686535634,96,91,0,0,60.912961,1.398632,1421971071,1421971071,0.878067,0.765765,0.000592,0.000471,0.000121,0,0,0.0,0.0,0,10,22,7,12,6,1,6,0
3,5,3,0,0,2,4e-06,114,0,254,0,0,0,0,114000000.0,0.0,2,0,0,0,0,0,57,0,0,0,0.0,0.0,1424232227,1424232227,0.004,0.0,0.0,0.0,0.0,0,2,,,2,21,21,18,19,18,18,21,1
3,2,3,0,0,2,9e-06,114,0,254,0,0,0,0,50666664.0,0.0,2,0,0,0,0,0,57,0,0,0,0.0,0.0,1424233813,1424233813,0.009,0.0,0.0,0.0,0.0,0,2,,,2,37,37,25,27,25,25,37,1
6,8,15,6,10,2,3e-06,200,0,254,0,0,0,2,266666656.0,0.0,2,0,0,0,0,0,100,0,0,0,0.0,0.0,1424251613,1424251613,0.003,0.0,0.0,0.0,0.0,0,2,,,2,6,6,3,3,3,3,6,1
16,5,21,0,0,2,9e-06,264,0,60,0,0,0,0,117333328.0,0.0,2,0,0,0,0,0,132,0,0,0,0.0,0.0,1424224876,1424224876,0.009,0.0,0.0,0.0,0.0,0,0,,,2,25,25,8,8,8,8,25,0
0,127,12,67,0,0,0.001772,544,304,31,29,0,0,2,1841986.5,1029345.375,4,4,0,0,0,0,136,76,0,0,0.624847,0.325988,1421941045,1421941045,0.448333,0.236,0.0,0.0,0.0,0,0,0.0,0.0,0,11,9,4,4,1,1,3,0
15,5,5,0,0,2,9e-06,264,0,60,0,0,0,0,117333328.0,0.0,2,0,0,0,0,0,132,0,0,0,0.0,0.0,1424253176,1424253176,0.009,0.0,0.0,0.0,0.0,0,0,,,2,42,42,19,19,19,19,42,0
10,149,10,4,1,1,1.024003,1684,10168,31,29,3,5,3,12218.71387,75031.03125,14,18,255,255,2118855066,2119827429,120,565,1,3924,8768.029772,7676.361539,1421928059,1421928060,78.741382,60.205412,0.000642,0.000508,0.000134,0,0,1.0,0.0,0,2,3,3,2,1,1,1,0
3,2,14,0,0,2,9e-06,114,0,254,0,0,0,0,50666664.0,0.0,2,0,0,0,0,0,57,0,0,0,0.0,0.0,1424245333,1424245333,0.009,0.0,0.0,0.0,0.0,0,2,,,2,22,22,9,8,8,8,22,1
3,5,14,0,0,2,9e-06,114,0,254,0,0,0,0,50666664.0,0.0,2,0,0,0,0,0,57,0,0,0,0.0,0.0,1424244652,1424244652,0.009,0.0,0.0,0.0,0.0,0,2,,,2,54,54,54,54,54,19,54,1
1,150,13,68,1,1,0.013871,2646,26176,31,29,7,15,2,1489726.75,14754235.0,42,44,255,255,1332518828,3478176939,63,595,0,0,18.778133,18.02454,1421958956,1421958956,0.330488,0.311023,0.000649,0.000485,0.000164,0,0,0.0,0.0,0,7,9,4,3,1,1,1,0
0,151,18,69,1,1,0.011979,2542,23278,31,29,7,14,2,1655564.0,15175892.0,40,42,255,255,1605934150,1606259252,64,554,0,0,16.653311,16.055796,1421944382,1421944382,0.295897,0.277512,0.000744,0.000591,0.000153,0,0,0.0,0.0,0,9,9,2,2,1,1,1,0
3,5,3,0,0,2,3e-06,114,0,254,0,0,0,0,152000000.0,0.0,2,0,0,0,0,0,57,0,0,0,0.0,0.0,1424230597,1424230597,0.003,0.0,0.0,0.0,0.0,0,2,,,2,16,16,16,17,16,16,16,1
14,152,1,4,1,1,1.004848,1580,10168,31,29,3,5,3,11536.07324,76461.3125,12,18,255,255,2433910466,289545577,132,565,1,3924,9528.585029,7674.721301,1421965193,1421965194,91.304815,59.078474,0.000655,0.000509,0.000146,0,0,1.0,0.0,0,1,1,4,1,1,1,1,0
3,2,3,0,0,2,3e-06,114,0,254,0,0,0,0,152000000.0,0.0,2,0,0,0,0,0,57,0,0,0,0.0,0.0,1424233826,1424233826,0.003,0.0,0.0,0.0,0.0,0,2,,,2,22,22,19,19,19,19,22,1
12,153,19,70,1,1,0.028304,2974,30516,31,29,7,18,2,823346.5625,8452798.0,48,50,255,255,930503087,930811210,62,610,0,0,37.746013,34.44944,1424241443,1424241443,0.620778,0.565204,0.000743,0.000599,0.000144,0,0,,,2,8,3,2,5,1,1,2,0
2,5,3,0,0,2,1e-05,114,0,254,0,0,0,0,45600000.0,0.0,2,0,0,0,0,0,57,0,0,0,0.0,0.0,1424238040,1424238040,0.01,0.0,0.0,0.0,0.0,0,2,,,2,26,26,16,16,15,15,28,1
9,154,2,26,1,1,6.643338,926,354,254,252,2,1,2,1004.314392,373.306305,10,8,255,255,1865747382,961759489,93,44,0,0,48702.26391,1457.981875,1424227901,1424227907,738.145667,920.031562,0.374018,0.203116,0.170902,0,1,,,2,1,1,1,1,1,1,1,0
6,145,9,65,0,0,0.106722,1322,678,254,60,0,0,8,74361.42969,25411.81836,4,2,0,0,0,0,331,339,0,0,50.296504,0.0,1424231276,1424231277,35.574,0.007,0.0,0.0,0.0,0,0,,,2,3,3,3,3,3,3,3,1
10,155,8,7,1,1,1.435071,13766,548216,31,29,21,197,2,76422.70313,3049131.5,240,438,255,255,2471376614,340359743,57,1252,0,0,372.34418,260.364518,1424257963,1424257965,6.003172,3.282668,0.000711,0.000541,0.00017,0,0,,,2,7,8,6,6,2,1,3,0
17,156,18,71,1,1,0.226097,4550,72164,31,29,7,33,2,158940.625,2521466.5,78,80,255,255,2038260359,2038552619,58,902,0,0,176.694956,174.369842,1424235482,1424235482,2.970724,2.891744,0.000661,0.000532,0.000129,0,0,,,2,9,2,1,3,1,1,2,0
13,157,8,72,1,1,0.02334,3598,47288,31,29,7,24,2,1213024.875,15947215.0,60,62,255,255,914723601,915011592,60,763,0,0,20.826186,20.343686,1424242914,1424242914,0.389559,0.3789,0.000733,0.000598,0.000135,0,0,,,2,6,4,4,3,1,1,2,0
11,158,12,4,1,1,1.137952,1580,10168,31,29,3,5,3,10186.72168,67517.78906,12,18,255,255,3996732981,3993589193,132,565,1,3924,10628.87755,8558.606415,1424235238,1424235239,103.419001,66.909526,0.000608,0.000487,0.000121,0,0,1.0,,2,2,1,1,1,1,1,2,0
3,5,3,0,0,2,8e-06,114,0,254,0,0,0,0,57000000.0,0.0,2,0,0,0,0,0,57,0,0,0,0.0,0.0,1424232267,1424232267,0.008,0.0,0.0,0.0,0.0,0,2,,,2,24,24,18,19,18,18,24,1
1,159,20,30,1,1,0.007692,3624,5578,31,29,7,7,6,3644305.75,5578783.0,30,26,255,255,3273986943,1124708598,121,215,0,0,14.706881,0.0,1421946783,1421946783,0.265241,0.28032,0.00067,0.000544,0.000126,0,0,0.0,0.0,0,2,2,3,2,1,1,1,0
3,2,14,0,0,2,2e-06,114,0,254,0,0,0,0,228000000.0,0.0,2,0,0,0,0,0,57,0,0,0,0.0,0.0,1424246411,1424246411,0.002,0.0,0.0,0.0,0.0,0,2,,,2,22,22,22,23,22,22,22,1
1,160,12,4,1,1,14.833988,17954,1057900,31,29,2,358,3,9654.045898,569741.875,336,726,255,255,1999542793,2000630862,53,1457,1,524288,2223.159183,1488.88215,1421947361,1421947376,44.27957,20.459993,0.000619,0.000488,0.000131,0,0,1.0,0.0,0,2,1,4,3,1,1,3,0
2,2,3,0,0,2,9e-06,114,0,254,0,0,0,0,50666664.0,0.0,2,0,0,0,0,0,57,0,0,0,0.0,0.0,1424238823,1424238823,0.009,0.0,0.0,0.0,0.0,0,2,,,2,15,15,15,15,15,15,15,1
2,5,3,0,0,2,3e-06,114,0,254,0,0,0,0,152000000.0,0.0,2,0,0,0,0,0,57,0,0,0,0.0,0.0,1421933132,1421933132,0.003,0.0,0.0,0.0,0.0,0,2,0.0,0.0,0,4,4,6,4,4,4,4,1
3,161,6,4,1,1,1.58406,68193,698,254,252,27,1,3,338658.9063,3307.955566,60,16,255,255,2606577031,3840518534,1137,44,1,0,2746.162117,163.730437,1424227635,1424227636,26.828848,100.07893,0.196116,0.082867,0.113249,0,1,1.0,,2,2,3,1,1,1,1,2,1
4,162,8,4,1,1,1.128835,1580,10168,31,29,3,5,3,10268.99414,68063.09375,12,18,255,255,3811637597,1663149097,132,565,1,3924,9603.604386,7732.152247,1421956666,1421956667,102.588908,66.367827,0.000731,0.000578,0.000153,0,0,1.0,0.0,0,1,1,5,4,1,1,1,0
3,2,14,0,0,2,9e-06,114,0,254,0,0,0,0,50666664.0,0.0,2,0,0,0,0,0,57,0,0,0,0.0,0.0,1424246246,1424246246,0.009,0.0,0.0,0.0,0.0,0,2,,,2,35,35,22,22,22,22,35,1
14,163,8,10,0,0,0.405273,568,304,31,29,0,0,2,8409.146484,4500.669922,4,4,0,0,0,0,142,76,0,0,183.868266,158.802984,1424259022,1424259023,130.019,112.295664,0.0,0.0,0.0,0,0,,,2,3,3,3,6,1,1,3,0
9,164,2,14,0,2,1.1e-05,1390,0,254,0,0,0,2,505454528.0,0.0,2,0,0,0,0,0,695,0,0,0,0.0,0.0,1421931923,1421931923,0.011,0.0,0.0,0.0,0.0,0,2,0.0,0.0,0,2,1,1,2,1,1,1,1
4,165,8,73,0,0,0.001582,544,304,31,29,0,0,2,2063211.0,1152970.875,4,4,0,0,0,0,136,76,0,0,0.583834,0.246309,1424225892,1424225892,0.415333,0.176667,0.0,0.0,0.0,0,0,,,2,7,9,5,4,1,1,3,0
11,166,4,74,1,1,0.0421,3182,36954,31,29,7,20,2,593064.125,6892161.5,52,54,255,255,1003190351,1015189974,61,684,0,0,56.092238,53.630478,1421943780,1421943780,0.819118,0.755585,0.002178,0.002048,0.00013,0,0,0.0,0.0,0,1,10,3,1,1,1,1,0
6,167,11,4,1,1,0.232158,1526,268,254,252,2,1,3,47347.0625,7718.880859,10,6,255,255,3598263047,1000318758,153,45,1,0,1293.793161,49.509648,1421927664,1421927664,24.713667,34.294199,0.089471,0.060681,0.02879,0,1,1.0,0.0,0,10,10,3,3,3,1,3,1
6,168,15,75,1,1,3.454775,904,354,254,252,2,1,2,1884.927368,717.847046,10,8,255,255,940288340,720577312,90,44,0,0,23789.44182,840.875937,1424249150,1424249153,372.362111,471.191438,0.29226,0.15642,0.13584,0,1,,,2,3,2,2,2,1,1,1,1
1,169,4,1,1,0,0.479441,2264,2658,31,29,9,11,1,36842.90625,43200.3125,40,38,255,255,1478522637,3624880867,57,70,0,0,1170.56366,45.832891,1421945495,1421945496,12.276872,12.944352,0.000621,0.000497,0.000124,0,0,0.0,1.0,3,4,4,18,14,4,4,11,0
12,170,19,4,1,1,0.004447,1044,824,31,29,2,2,3,1644254.5,1334832.5,8,10,255,255,3177250067,3178247603,131,82,1,83,38.791911,0.691657,1421953516,1421953516,0.583143,0.440333,0.000611,0.000479,0.000132,0,0,1.0,0.0,0,1,4,9,9,1,1,6,0
6,5,9,0,0,2,6e-06,114,0,254,0,0,0,0,76000000.0,0.0,2,0,0,0,0,0,57,0,0,0,0.0,0.0,1424225381,1424225381,0.006,0.0,0.0,0.0,0.0,0,2,,,2,17,17,9,9,9,9,17,1
8,171,10,76,1,1,0.026644,3390,42510,31,29,7,22,2,999849.8125,12544062.0,56,58,255,255,2733262482,583956265,61,733,0,0,28.884422,27.087002,1424243779,1424243779,0.505462,0.466482,0.000644,0.000512,0.000132,0,0,,,2,7,6,4,3,1,1,1,0
6,2,6,0,0,2,9e-06,114,0,254,0,0,0,0,50666664.0,0.0,2,0,0,0,0,0,57,0,0,0,0.0,0.0,1424260646,1424260646,0.009,0.0,0.0,0.0,0.0,0,2,,,2,33,33,23,23,23,11,33,1
6,5,9,0,0,2,9e-06,114,0,254,0,0,0,0,50666664.0,0.0,2,0,0,0,0,0,57,0,0,0,0.0,0.0,1424224899,1424224899,0.009,0.0,0.0,0.0,0.0,0,2,,,2,20,20,3,3,3,3,20,1
7,5,7,0,0,2,3e-06,264,0,60,0,0,0,0,352000000.0,0.0,2,0,0,0,0,0,132,0,0,0,0.0,0.0,1424245544,1424245544,0.003,0.0,0.0,0.0,0.0,0,0,,,2,30,30,7,7,7,7,30,0
7,5,7,0,0,2,9e-06,264,0,60,0,0,0,0,117333328.0,0.0,2,0,0,0,0,0,132,0,0,0,0.0,0.0,1424245476,1424245476,0.009,0.0,0.0,0.0,0.0,0,0,,,2,40,40,26,26,26,11,40,0
10,172,8,9,1,1,0.005347,2158,1918,31,29,6,5,2,3095567.75,2727510.75,24,20,255,255,4293680267,2144379277,90,96,0,0,14.141629,14.292118,1421962587,1421962587,0.232478,0.245947,0.000688,0.000522,0.000166,0,0,0.0,0.0,0,3,7,2,2,1,1,1,0
6,5,9,0,0,2,7e-06,114,0,254,0,0,0,0,65142856.0,0.0,2,0,0,0,0,0,57,0,0,0,0.0,0.0,1424225292,1424225292,0.007,0.0,0.0,0.0,0.0,0,2,,,2,17,17,9,10,9,9,17,1
6,2,9,0,0,2,9e-06,114,0,254,0,0,0,0,50666664.0,0.0,2,0,0,0,0,0,57,0,0,0,0.0,0.0,1424223456,1424223456,0.009,0.0,0.0,0.0,0.0,0,2,,,2,32,32,5,6,5,2,32,1
1,173,18,1,1,1,2.270749,2934,3740,31,29,11,15,1,10139.38574,12933.17676,52,54,255,255,4159673797,2017091269,56,69,0,0,3497.529747,107.136016,1421936538,1421936540,44.51802,42.833113,0.000747,0.00059,0.000157,0,0,0.0,1.0,3,2,1,1,1,1,1,1,0
19,2,21,0,0,2,6e-06,264,0,60,0,0,0,0,176000000.0,0.0,2,0,0,0,0,0,132,0,0,0,0.0,0.0,1424261839,1424261839,0.006,0.0,0.0,0.0,0.0,0,0,,,2,3,3,3,3,3,3,3,0
3,8,11,6,11,2,3e-06,180,0,254,0,0,0,2,239999984.0,0.0,2,0,0,0,0,0,90,0,0,0,0.0,0.0,1424230194,1424230194,0.003,0.0,0.0,0.0,0.0,0,2,,,2,10,10,9,9,9,9,10,1
7,2,7,0,0,2,8e-06,264,0,60,0,0,0,0,132000000.0,0.0,2,0,0,0,0,0,132,0,0,0,0.0,0.0,1424246447,1424246447,0.008,0.0,0.0,0.0,0.0,0,0,,,2,41,41,20,20,20,20,41,0
6,8,6,6,12,2,1.1e-05,1336,0,254,0,0,0,2,485818176.0,0.0,2,0,0,0,0,0,668,0,0,0,0.0,0.0,1424242809,1424242809,0.011,0.0,0.0,0.0,0.0,0,2,,,2,1,1,1,1,1,1,1,1
3,5,3,0,0,2,6e-06,114,0,254,0,0,0,0,76000000.0,0.0,2,0,0,0,0,0,57,0,0,0,0.0,0.0,1424233717,1424233717,0.006,0.0,0.0,0.0,0.0,0,2,,,2,41,41,41,41,41,16,41,1
9,174,3,10,0,2,3e-06,168,0,254,0,0,0,2,224000000.0,0.0,2,0,0,0,0,0,84,0,0,0,0.0,0.0,1424240978,1424240978,0.003,0.0,0.0,0.0,0.0,0,2,,,2,1,1,1,1,1,1,1,1
9,175,2,77,1,1,0.337356,4946,268,254,252,3,1,2,107518.4688,5311.895996,12,6,255,255,3133074100,2160691501,412,45,0,0,1518.198103,82.990055,1424244055,1424244055,28.069547,60.319801,0.101569,0.035749,0.06582,0,1,,,2,2,1,1,2,1,1,1,1
13,176,4,78,1,1,0.050335,3390,42184,31,29,7,22,2,529254.0,6592788.0,56,60,255,255,2819620987,2819908597,61,703,0,0,62.000937,55.938302,1421963709,1421963709,0.908655,0.843153,0.000744,0.000578,0.000166,0,0,0.0,0.0,0,6,8,3,3,1,1,1,0
2,2,3,0,0,2,1e-05,114,0,254,0,0,0,0,45600000.0,0.0,2,0,0,0,0,0,57,0,0,0,0.0,0.0,1424237579,1424237579,0.01,0.0,0.0,0.0,0.0,0,2,,,2,50,50,22,22,22,15,50,1
3,2,14,0,0,2,6e-06,114,0,254,0,0,0,0,76000000.0,0.0,2,0,0,0,0,0,57,0,0,0,0.0,0.0,1424246013,1424246013,0.006,0.0,0.0,0.0,0.0,0,2,,,2,36,36,36,36,36,21,36,1
3,5,14,0,0,2,8e-06,114,0,254,0,0,0,0,57000000.0,0.0,2,0,0,0,0,0,57,0,0,0,0.0,0.0,1424246059,1424246059,0.008,0.0,0.0,0.0,0.0,0,2,,,2,30,30,30,30,30,13,30,1
9,8,11,6,13,2,29.942314,1280,0,254,0,0,0,2,324.891388,0.0,20,0,0,0,0,0,64,0,0,0,1754.280875,0.0,1424234605,1424234635,1575.911375,0.0,0.0,0.0,0.0,0,2,,,2,1,1,1,1,1,1,1,1
6,2,6,0,0,2,8e-06,114,0,254,0,0,0,0,57000000.0,0.0,2,0,0,0,0,0,57,0,0,0,0.0,0.0,1424260289,1424260289,0.008,0.0,0.0,0.0,0.0,0,2,,,2,29,29,15,15,15,15,29,1
11,177,8,79,1,1,0.12864,3926,51770,31,29,7,27,2,240485.0781,3172201.5,66,68,255,255,3991193662,3991495340,59,761,0,0,129.65288,123.251266,1424231290,1424231290,2.004672,1.911149,0.000725,0.000585,0.00014,0,0,,,2,7,1,2,7,1,1,1,0
17,178,18,80,1,1,0.006911,3672,2456,31,29,7,7,2,4014469.75,2685573.75,18,18,255,255,458373584,461725177,204,136,0,0,17.527674,0.545687,1424228936,1424228936,0.327118,0.377706,0.000599,0.000488,0.000111,0,0,,,2,7,16,9,5,1,1,4,0
3,5,14,0,0,2,9e-06,114,0,254,0,0,0,0,50666664.0,0.0,2,0,0,0,0,0,57,0,0,0,0.0,0.0,1424244687,1424244687,0.009,0.0,0.0,0.0,0.0,0,2,,,2,39,39,39,39,39,17,39,1
5,5,7,0,0,2,3.5e-05,264,0,60,0,0,0,0,30171428.0,0.0,2,0,0,0,0,0,132,0,0,0,0.0,0.0,1424230508,1424230508,0.035,0.0,0.0,0.0,0.0,0,0,,,2,43,43,34,34,34,17,43,0
12,179,0,0,0,0,0.00134,130,162,31,29,0,0,0,388059.7188,483582.0938,2,2,0,0,0,0,65,81,0,0,0.0,0.0,1424251310,1424251310,0.009,0.001,0.0,0.0,0.0,0,0,,,2,4,2,3,5,1,1,1,0
2,2,3,0,0,2,3e-06,114,0,254,0,0,0,0,152000000.0,0.0,2,0,0,0,0,0,57,0,0,0,0.0,0.0,1424239009,1424239009,0.003,0.0,0.0,0.0,0.0,0,2,,,2,37,37,37,37,37,21,37,1
11,180,20,10,0,0,0.006004,568,320,31,29,0,0,2,567621.5625,319786.8125,4,4,0,0,0,0,142,80,0,0,2.319075,1.997342,1424225291,1424225291,1.646333,1.416333,0.0,0.0,0.0,0,0,,,2,6,4,3,5,1,1,3,0
2,2,3,0,0,2,1e-05,114,0,254,0,0,0,0,45600000.0,0.0,2,0,0,0,0,0,57,0,0,0,0.0,0.0,1424240619,1424240619,0.01,0.0,0.0,0.0,0.0,0,2,,,2,24,24,24,24,24,24,24,1
6,2,6,0,0,2,1e-06,114,0,254,0,0,0,0,456000000.0,0.0,2,0,0,0,0,0,57,0,0,0,0.0,0.0,1424259271,1424259271,0.001,0.0,0.0,0.0,0.0,0,2,,,2,20,20,20,21,20,9,20,1
12,181,19,4,1,1,1.006809,1684,10168,31,29,3,5,2,12427.38184,76312.39063,14,18,255,255,2744854330,600514471,120,565,0,0,8766.169129,7675.833829,1421933661,1421933662,77.419,59.194471,0.000632,0.000499,0.000133,0,0,0.0,0.0,0,7,9,3,1,1,1,1,0
3,182,17,10,1,1,0.6269,564,354,254,252,2,1,2,6482.692383,3955.973633,10,8,255,255,532076240,1287427188,56,44,0,0,5448.004477,138.891641,1421934015,1421934016,69.201111,88.607141,0.051405,0.006639,0.044766,0,1,0.0,0.0,0,1,2,1,1,1,1,1,1
14,183,8,81,1,1,0.032981,2958,32270,31,29,7,18,2,702707.625,7664534.0,48,48,255,255,2709390654,2705512907,62,672,0,0,43.388279,43.755334,1421960004,1421960004,0.693255,0.689681,0.000711,0.000565,0.000146,0,0,0.0,0.0,0,6,7,3,4,1,1,1,0
6,2,6,0,0,2,8e-06,114,0,254,0,0,0,0,57000000.0,0.0,2,0,0,0,0,0,57,0,0,0,0.0,0.0,1424260777,1424260777,0.008,0.0,0.0,0.0,0.0,0,2,,,2,25,25,25,25,25,13,25,1
9,184,24,12,0,2,9e-06,1064,0,254,0,0,0,2,472888864.0,0.0,2,0,0,0,0,0,532,0,0,0,0.0,0.0,1424228093,1424228093,0.009,0.0,0.0,0.0,0.0,0,2,,,2,3,10,3,2,1,1,3,1
2,2,3,0,0,2,3e-06,114,0,254,0,0,0,0,152000000.0,0.0,2,0,0,0,0,0,57,0,0,0,0.0,0.0,1424238771,1424238771,0.003,0.0,0.0,0.0,0.0,0,2,,,2,29,29,24,24,24,24,29,1
1,185,1,4,1,1,1.26698,1580,10168,31,29,3,5,3,9149.31543,60641.83984,12,18,255,255,1815846706,3966559545,132,565,1,3924,9844.510931,7925.271224,1421956402,1421956403,115.149092,74.498062,0.000632,0.000509,0.000123,0,0,1.0,0.0,0,2,2,3,2,2,1,1,0
17,186,13,10,0,0,0.005373,568,320,31,29,0,0,2,634282.5,357342.25,4,4,0,0,0,0,142,80,0,0,1.632946,1.834,1424240832,1424240832,1.157667,1.300333,0.0,0.0,0.0,0,0,,,2,5,6,4,3,1,1,3,0
13,187,4,18,1,1,0.032488,7806,15450,31,29,30,32,2,1906673.25,3774439.75,122,126,255,255,3610903028,1462463081,64,123,0,0,16.652086,14.836312,1421961430,1421961430,0.267675,0.255536,0.000693,0.000539,0.000154,0,0,0.0,0.0,0,8,6,3,4,1,1,1,0
8,188,19,1,1,1,1.864346,2934,3742,31,29,11,15,1,12349.63867,15761.02246,52,54,255,255,3721003408,3767013308,56,69,0,0,2472.830125,83.324609,1424244751,1424244753,36.545629,35.165961,0.000687,0.000545,0.000142,0,0,,1.0,3,1,1,4,3,1,1,2,0
3,2,14,0,0,2,3e-06,114,0,254,0,0,0,0,152000000.0,0.0,2,0,0,0,0,0,57,0,0,0,0.0,0.0,1424244527,1424244527,0.003,0.0,0.0,0.0,0.0,0,2,,,2,35,35,22,23,22,22,35,1
3,5,14,0,0,2,3e-06,114,0,254,0,0,0,0,152000000.0,0.0,2,0,0,0,0,0,57,0,0,0,0.0,0.0,1424246020,1424246020,0.003,0.0,0.0,0.0,0.0,0,2,,,2,36,36,33,33,33,12,36,1
3,5,14,0,0,2,9e-06,114,0,254,0,0,0,0,50666664.0,0.0,2,0,0,0,0,0,57,0,0,0,0.0,0.0,1424244931,1424244931,0.009,0.0,0.0,0.0,0.0,0,2,,,2,15,15,15,15,15,15,15,1
17,189,19,7,1,1,2.240011,5696,184014,31,29,10,68,2,20124.90234,653032.5,92,158,255,255,2069360690,4221409879,62,1165,0,0,6755.826116,5144.102567,1421970304,1421970306,24.611692,14.264541,0.000603,0.000475,0.000128,0,0,0.0,0.0,0,9,9,4,6,2,1,2,0
3,2,14,0,0,2,9e-06,114,0,254,0,0,0,0,50666664.0,0.0,2,0,0,0,0,0,57,0,0,0,0.0,0.0,1424244678,1424244678,0.009,0.0,0.0,0.0,0.0,0,2,,,2,45,45,40,40,40,29,45,1
3,190,17,10,0,2,9e-06,168,0,254,0,0,0,2,74666664.0,0.0,2,0,0,0,0,0,84,0,0,0,0.0,0.0,1424255772,1424255772,0.009,0.0,0.0,0.0,0.0,0,2,,,2,1,1,1,1,1,1,1,1
17,191,18,0,0,0,0.001095,146,178,31,29,0,0,0,533333.375,650228.3125,2,2,0,0,0,0,73,89,0,0,0.0,0.0,1424259322,1424259322,0.008,0.007,0.0,0.0,0.0,0,0,,,2,2,1,3,10,2,1,6,0
8,192,12,10,0,0,0.005281,568,304,31,29,0,0,2,645332.3125,345389.125,4,4,0,0,0,0,142,76,0,0,2.006769,1.767531,1424241138,1424241138,1.425,1.253333,0.0,0.0,0.0,0,0,,,2,13,9,4,4,1,1,5,0
11,193,18,1,1,1,0.99769,2934,3742,31,29,11,15,1,23077.30859,29452.0332,52,54,255,255,4202286806,39997253,56,69,0,0,1778.093638,53.764172,1421945318,1421945319,19.556275,18.815811,0.000571,0.000448,0.000123,0,0,0.0,1.0,4,1,1,8,7,1,1,1,0
1,194,1,0,0,0,0.001063,130,162,31,29,0,0,2,489181.5938,609595.5,2,2,0,0,0,0,65,81,0,0,0.0,0.0,1421934227,1421934227,0.006,0.009,0.0,0.0,0.0,0,0,0.0,0.0,0,14,15,3,3,2,1,1,0
3,195,6,4,1,1,0.409808,764,268,254,252,2,1,3,13430.67969,4372.779297,10,6,255,255,2893549934,4240670563,76,45,1,0,2089.061642,95.583766,1424225770,1424225771,41.151444,71.210398,0.101785,0.053747,0.048038,0,1,1.0,,2,1,1,1,2,1,1,1,1
8,196,12,82,0,0,0.001683,544,304,31,29,0,0,2,1939393.875,1083779.0,4,4,0,0,0,0,136,76,0,0,0.612119,0.291328,1424222799,1424222799,0.436333,0.21,0.0,0.0,0.0,0,0,,,2,12,4,4,3,1,1,3,0
1,197,1,4,1,1,1.004683,1580,10168,31,29,3,5,3,11537.96777,76473.875,12,18,255,255,4179670595,4180682771,132,565,1,3924,9528.746337,7674.7046,1424253392,1424253393,91.304092,59.066528,0.000681,0.000548,0.000133,0,0,1.0,,2,1,1,2,2,1,1,1,0
8,198,4,9,1,1,1.256254,1920,4312,31,29,6,6,2,11672.79883,26319.51953,22,24,255,255,3028557761,3028884268,87,180,0,0,5310.25958,5079.803367,1421968401,1421968402,59.805001,54.592262,0.000759,0.000621,0.000138,0,0,0.0,0.0,0,8,5,2,3,1,1,1,0
9,199,14,26,1,1,59.906666,9046,364,254,252,4,1,2,1140.974854,42.599602,18,8,255,255,3211893627,3040098075,503,46,0,0,450882.1162,20576.122,1424245381,1424245441,3523.92159,8529.25,0.237948,0.147488,0.09046,0,1,,,2,4,4,3,3,3,2,4,1
13,200,10,83,1,1,0.040643,3302,37226,31,29,7,21,2,637945.0625,7196713.0,54,56,255,255,692346961,707101858,61,665,0,0,51.937621,43.79583,1421945784,1421945784,0.758679,0.721782,0.00111,0.000941,0.000169,0,0,0.0,0.0,0,13,5,3,4,1,1,2,0
2,5,2,0,0,2,9e-06,114,0,254,0,0,0,0,50666664.0,0.0,2,0,0,0,0,0,57,0,0,0,0.0,0.0,1424253548,1424253548,0.009,0.0,0.0,0.0,0.0,0,2,,,2,16,16,16,17,16,16,16,1
2,201,15,12,0,2,3e-06,104,0,254,0,0,0,2,138666656.0,0.0,2,0,0,0,0,0,52,0,0,0,0.0,0.0,1424231330,1424231330,0.003,0.0,0.0,0.0,0.0,0,2,,,2,11,11,4,4,4,1,11,1
15,2,5,0,0,2,2e-06,264,0,60,0,0,0,0,528000000.0,0.0,2,0,0,0,0,0,132,0,0,0,0.0,0.0,1424254115,1424254115,0.002,0.0,0.0,0.0,0.0,0,0,,,2,34,34,20,20,20,20,34,0
6,8,17,6,3,2,6e-06,200,0,254,0,0,0,2,133333328.0,0.0,2,0,0,0,0,0,100,0,0,0,0.0,0.0,1424223287,1424223287,0.006,0.0,0.0,0.0,0.0,0,2,,,2,9,9,5,15,5,5,9,1
2,8,15,6,3,2,9e-06,200,0,254,0,0,0,2,88888888.0,0.0,2,0,0,0,0,0,100,0,0,0,0.0,0.0,1424244416,1424244416,0.009,0.0,0.0,0.0,0.0,0,2,,,2,3,3,3,4,2,2,5,1
11,202,0,84,1,1,0.814167,8928,320,31,29,4,1,5,81467.3125,2623.540283,14,6,255,255,1039998310,1911881667,638,53,0,0,5632.762844,237.537047,1421946366,1421946367,62.62823,162.702203,0.000682,0.000523,0.000159,0,0,0.0,0.0,0,3,6,4,2,1,1,2,0
9,203,6,8,1,1,2.794757,134624,2364,62,252,56,8,4,382098.3438,6580.894531,118,36,255,255,3966463601,1938266430,1141,66,0,0,3054.847455,144.589063,1424252947,1424252950,23.878213,77.708313,0.093442,0.074963,0.018479,0,1,,,2,1,1,2,2,1,1,2,1
2,204,9,4,1,1,0.791193,2886,2972,254,252,2,2,3,26269.19141,26299.52539,10,8,255,255,3056294419,3216141604,289,372,1,1059,4487.797631,190.172984,1421931693,1421931693,87.910333,100.65043,0.218761,0.061694,0.157067,0,1,1.0,0.0,0,1,1,1,1,1,1,1,1
10,205,4,85,1,1,0.041858,3302,40478,31,29,7,21,2,619427.625,7598261.0,54,56,255,255,2649838193,2650121630,61,723,0,0,55.398407,53.075267,1424236463,1424236463,0.814725,0.750545,0.000715,0.000569,0.000146,0,0,,,2,5,4,6,2,1,1,2,0
4,206,0,30,1,1,0.094871,14616,17030,31,29,22,32,2,1220436.125,1421467.0,102,98,255,255,1552838314,3702749920,143,174,0,0,138.011566,143.155111,1421955743,1421955743,0.939317,0.969928,0.000793,0.000642,0.000151,0,0,0.0,0.0,0,4,11,1,1,1,1,1,0
7,5,7,0,0,2,5e-06,264,0,60,0,0,0,0,211200000.0,0.0,2,0,0,0,0,0,132,0,0,0,0.0,0.0,1424247926,1424247926,0.005,0.0,0.0,0.0,0.0,0,0,,,2,37,37,14,14,14,14,37,0
3,5,3,0,0,2,9e-06,114,0,254,0,0,0,0,50666664.0,0.0,2,0,0,0,0,0,57,0,0,0,0.0,0.0,1424233678,1424233678,0.009,0.0,0.0,0.0,0.0,0,2,,,2,43,43,43,43,43,18,43,1
9,207,6,33,1,1,1.233867,994,748,254,252,3,2,2,5913.116699,4246.811035,12,8,255,255,2869921901,3598820004,83,94,0,0,6187.296938,256.300766,1424220392,1424220394,112.159636,168.350141,0.108407,0.05541,0.052997,0,1,,,2,2,2,1,2,1,1,2,1
10,208,20,86,1,1,0.034901,3926,58386,31,29,7,27,2,886392.9375,13186556.0,66,68,255,255,64649349,77585246,59,859,0,0,0.0,29.906255,1421940267,1421940267,0.531308,0.512791,0.000672,0.00054,0.000132,0,0,0.0,0.0,0,4,2,3,6,1,1,2,0
3,2,3,0,0,2,6e-06,114,0,254,0,0,0,0,76000000.0,0.0,2,0,0,0,0,0,57,0,0,0,0.0,0.0,1424231321,1424231321,0.006,0.0,0.0,0.0,0.0,0,2,,,2,45,42,38,38,38,24,42,1
3,5,3,0,0,2,8e-06,114,0,254,0,0,0,0,57000000.0,0.0,2,0,0,0,0,0,57,0,0,0,0.0,0.0,1424231591,1424231591,0.008,0.0,0.0,0.0,0.0,0,2,,,2,23,23,19,19,18,18,26,1
0,209,18,87,1,1,0.015988,2646,25310,31,29,7,15,2,1292469.375,12376783.0,42,44,255,255,687056757,687369081,63,575,0,0,26.724786,25.34923,1421947910,1421947910,0.380537,0.35807,0.000735,0.00058,0.000155,0,0,0.0,0.0,0,6,4,1,6,1,1,1,0
6,210,3,10,0,2,5e-06,168,0,254,0,0,0,2,134400000.0,0.0,2,0,0,0,0,0,84,0,0,0,0.0,0.0,1424258101,1424258101,0.005,0.0,0.0,0.0,0.0,0,2,,,2,1,1,1,1,1,1,1,1
10,211,12,1,1,1,1.122609,2934,3742,31,29,11,15,1,20509.36719,26174.74023,52,54,255,255,1913718277,4064276221,56,69,0,0,1734.034416,58.166004,1424224636,1424224638,22.445659,21.164396,0.001041,0.000894,0.000147,0,0,,1.0,3,1,1,3,3,1,1,4,0
21,8,25,6,5,2,0.0,46,0,0,0,0,0,2,0.0,0.0,1,0,0,0,0,0,46,0,0,0,15.492032,0.0,1421957295,1421957295,60000.768,0.0,0.0,0.0,0.0,1,2,0.0,0.0,0,2,2,2,2,2,2,2,0
2,212,17,88,1,1,0.605735,364,3754,62,252,1,3,2,4213.063477,44626.77734,8,10,255,255,1446385321,2923662858,46,375,0,0,5838.474111,5160.978708,1421932718,1421932719,86.533569,61.869778,0.100209,0.048268,0.051941,0,1,0.0,0.0,0,7,2,2,3,1,1,2,1
3,5,14,0,0,2,4e-06,114,0,254,0,0,0,0,114000000.0,0.0,2,0,0,0,0,0,57,0,0,0,0.0,0.0,1424245244,1424245244,0.004,0.0,0.0,0.0,0.0,0,2,,,2,17,17,17,17,17,17,17,1
2,5,2,0,0,2,3e-06,114,0,254,0,0,0,0,152000000.0,0.0,2,0,0,0,0,0,57,0,0,0,0.0,0.0,1424253317,1424253317,0.003,0.0,0.0,0.0,0.0,0,2,,,2,29,29,12,12,12,12,29,1
14,213,20,9,1,1,0.362375,2054,2582,31,29,6,6,2,43292.17188,54816.14453,22,26,255,255,3110997997,3111300586,93,99,0,0,1169.256119,1053.286791,1424221943,1424221944,18.1009,14.47208,0.000686,0.000563,0.000123,0,0,,,2,6,9,2,3,1,1,3,0
6,214,9,4,1,1,1.411802,1536,71717,62,252,2,27,3,8222.116211,399381.7813,18,58,255,255,3970697977,2568981319,85,1237,1,34304,4652.513205,2692.490946,1424239708,1424239709,83.047176,22.296786,0.163478,0.10305,0.060428,0,1,1.0,,2,1,1,1,2,1,1,1,1
2,2,2,0,0,2,3e-06,114,0,254,0,0,0,0,152000000.0,0.0,2,0,0,0,0,0,57,0,0,0,0.0,0.0,1424253301,1424253301,0.003,0.0,0.0,0.0,0.0,0,2,,,2,26,26,6,6,6,6,26,1
12,215,12,89,1,1,0.01289,2542,23432,31,29,7,14,2,1538557.0,14197052.0,40,42,255,255,2357624827,212556119,64,558,0,0,18.455315,17.792616,1424242369,1424242369,0.331053,0.307025,0.000726,0.0006,0.000126,0,0,,,2,5,7,2,4,1,1,2,0
10,216,10,18,1,1,0.834906,7806,16420,31,29,30,32,2,74192.78125,156089.4375,122,126,255,255,4285976692,4282792556,64,130,0,0,466.186728,462.714479,1421944484,1421944484,6.896959,6.675464,0.000588,0.000467,0.000121,0,0,0.0,0.0,0,6,3,1,7,1,1,1,0
2,5,3,0,0,2,4e-06,114,0,254,0,0,0,0,114000000.0,0.0,2,0,0,0,0,0,57,0,0,0,0.0,0.0,1424240597,1424240597,0.004,0.0,0.0,0.0,0.0,0,2,,,2,16,16,16,16,16,16,16,1
3,217,15,8,1,1,1.79156,6391,1788,62,252,9,8,4,27444.23828,7586.684082,26,20,255,255,362844134,2766589130,246,89,0,0,3758.403358,143.448937,1424252277,1424252279,71.626679,92.211211,0.107797,0.039538,0.068259,0,1,,,2,1,1,1,2,1,1,1,1
3,2,14,0,0,2,3e-06,114,0,254,0,0,0,0,152000000.0,0.0,2,0,0,0,0,0,57,0,0,0,0.0,0.0,1424244546,1424244546,0.003,0.0,0.0,0.0,0.0,0,2,,,2,26,26,22,22,22,22,26,1
10,218,0,90,1,1,0.096996,2854,29168,31,29,7,17,2,230277.5313,2355643.5,46,48,255,255,3033218032,3033515907,62,608,0,0,114.397695,110.069004,1424233744,1424233744,2.148711,2.051234,0.000707,0.000581,0.000126,0,0,,,2,6,5,5,5,1,1,3,0
17,219,10,7,1,1,0.243843,1540,1644,31,29,4,4,2,47374.74609,50950.81641,16,18,255,255,1522596494,3706075893,96,91,0,0,1254.298491,25.12698,1424240807,1424240807,16.2346,14.314353,0.000611,0.000491,0.00012,0,0,,,2,6,6,5,5,4,1,5,0
2,5,2,0,0,2,7e-06,114,0,254,0,0,0,0,65142856.0,0.0,2,0,0,0,0,0,57,0,0,0,0.0,0.0,1424254741,1424254741,0.007,0.0,0.0,0.0,0.0,0,2,,,2,24,24,8,9,8,8,24,1
1,220,12,91,1,1,0.106075,3806,52014,31,29,7,26,2,282592.5,3863379.75,64,66,255,255,1742706812,3922592853,59,788,0,0,0.0,87.675114,1421936015,1421936015,1.678095,1.623,0.000778,0.000576,0.000202,0,0,0.0,0.0,0,6,5,2,6,1,1,1,0
2,5,2,0,0,2,9e-06,114,0,254,0,0,0,0,50666664.0,0.0,2,0,0,0,0,0,57,0,0,0,0.0,0.0,1424254793,1424254793,0.009,0.0,0.0,0.0,0.0,0,2,,,2,31,31,11,11,11,11,31,1
2,5,3,0,0,2,1e-06,114,0,254,0,0,0,0,456000000.0,0.0,2,0,0,0,0,0,57,0,0,0,0.0,0.0,1424238665,1424238665,0.001,0.0,0.0,0.0,0.0,0,2,,,2,44,44,47,44,44,20,44,1
14,221,19,92,1,1,0.085522,3494,40986,31,29,7,22,2,321227.2813,3767919.25,58,58,255,255,2997641388,3005210206,60,707,0,0,84.391487,83.565753,1421932806,1421932806,1.493895,1.491439,0.000642,0.000507,0.000135,0,0,0.0,0.0,0,10,5,1,5,1,1,1,0
1,222,12,10,0,0,0.004676,568,312,31,29,0,0,2,728828.0,400342.1563,4,4,0,0,0,0,142,78,0,0,1.697294,1.499302,1424243469,1424243469,1.206667,1.065667,0.0,0.0,0.0,0,0,,,2,18,6,4,8,3,2,4,0
3,223,14,93,1,0,0.375271,986,86,62,252,2,1,2,17523.33594,916.670898,6,2,255,255,2780377885,1918173936,164,43,0,0,4803.400146,0.0,1424224434,1424224435,75.0542,0.006,0.337595,0.19621,0.141385,0,3,,,2,7,7,2,2,2,1,7,0
11,224,19,94,1,1,0.301971,2854,29218,31,29,7,17,2,73967.36719,757953.625,46,48,255,255,521804097,2905076702,62,609,0,0,439.053175,427.688208,1424238443,1424238443,6.703467,6.412489,0.000708,0.000577,0.000131,0,0,,,2,4,3,1,3,1,1,1,0
6,8,15,6,3,2,6e-06,200,0,254,0,0,0,2,133333328.0,0.0,2,0,0,0,0,0,100,0,0,0,0.0,0.0,1424251718,1424251718,0.006,0.0,0.0,0.0,0.0,0,2,,,2,3,3,2,2,2,2,3,1
3,2,3,0,0,2,9e-06,114,0,254,0,0,0,0,50666664.0,0.0,2,0,0,0,0,0,57,0,0,0,0.0,0.0,1424232046,1424232046,0.009,0.0,0.0,0.0,0.0,0,2,,,2,46,46,40,40,40,23,46,1
9,225,17,64,0,2,6e-06,1044,0,254,0,0,0,2,696000000.0,0.0,2,0,0,0,0,0,522,0,0,0,0.0,0.0,1424226568,1424226568,0.006,0.0,0.0,0.0,0.0,0,2,,,2,24,23,15,15,15,1,23,1
3,2,3,0,0,2,9e-06,114,0,254,0,0,0,0,50666664.0,0.0,2,0,0,0,0,0,57,0,0,0,0.0,0.0,1424233569,1424233569,0.009,0.0,0.0,0.0,0.0,0,2,,,2,43,43,43,44,43,25,43,1
2,8,9,6,14,2,7e-06,200,0,254,0,0,0,2,114285712.0,0.0,2,0,0,0,0,0,100,0,0,0,0.0,0.0,1421930700,1421930700,0.007,0.0,0.0,0.0,0.0,0,2,0.0,0.0,0,10,10,2,3,2,2,2,1
2,226,3,33,1,1,2.214951,994,800,254,252,3,2,2,3293.978027,2600.509033,12,10,255,255,1690026828,4007991425,83,80,0,0,14656.98988,338.631031,1421927941,1421927943,187.954278,229.431672,0.235962,0.150063,0.085899,0,1,0.0,0.0,0,4,1,1,2,2,1,1,1
19,2,21,0,0,2,7e-06,264,0,60,0,0,0,0,150857136.0,0.0,2,0,0,0,0,0,132,0,0,0,0.0,0.0,1424260521,1424260521,0.007,0.0,0.0,0.0,0.0,0,0,,,2,29,29,18,18,18,18,29,0
6,5,6,0,0,2,5e-06,114,0,254,0,0,0,0,91200000.0,0.0,2,0,0,0,0,0,57,0,0,0,0.0,0.0,1424260363,1424260363,0.005,0.0,0.0,0.0,0.0,0,2,,,2,20,20,16,16,16,10,21,1
2,8,15,6,3,2,6e-06,200,0,254,0,0,0,2,133333328.0,0.0,2,0,0,0,0,0,100,0,0,0,0.0,0.0,1424244409,1424244409,0.006,0.0,0.0,0.0,0.0,0,2,,,2,11,11,6,6,4,4,14,1
3,5,14,0,0,2,9e-06,114,0,254,0,0,0,0,50666664.0,0.0,2,0,0,0,0,0,57,0,0,0,0.0,0.0,1424246361,1424246361,0.009,0.0,0.0,0.0,0.0,0,2,,,2,17,17,16,17,16,16,17,1
2,5,3,0,0,2,9e-06,114,0,254,0,0,0,0,50666664.0,0.0,2,0,0,0,0,0,57,0,0,0,0.0,0.0,1424240158,1424240158,0.009,0.0,0.0,0.0,0.0,0,2,,,2,38,38,15,14,14,14,38,1
6,5,6,0,0,2,9e-06,114,0,254,0,0,0,0,50666664.0,0.0,2,0,0,0,0,0,57,0,0,0,0.0,0.0,1424260960,1424260960,0.009,0.0,0.0,0.0,0.0,0,2,,,2,33,33,17,16,16,16,34,1
8,227,4,8,1,1,0.022874,37428,3276,31,29,18,8,4,12838682.0,1117425.875,52,40,255,255,1458129154,1459138569,720,82,0,0,25.969239,1.124168,1424225054,1424225055,0.441843,0.573538,0.000623,0.000501,0.000122,0,0,,,2,1,2,2,2,1,1,1,0
12,228,10,95,1,1,0.159553,4862,82782,31,29,7,36,2,240923.0625,4102461.0,84,86,255,255,3984364715,4044887435,58,963,0,0,102.549465,100.654572,1424250042,1424250042,1.941976,1.870824,0.000672,0.00053,0.000142,0,0,,,2,4,3,4,2,1,1,2,0
4,229,0,96,1,1,0.058942,4862,81270,31,29,7,36,2,652166.5,10902243.0,84,86,255,255,4062895662,1926820492,58,945,0,0,42.017049,42.317242,1421961320,1421961320,0.706241,0.686471,0.000716,0.000582,0.000134,0,0,0.0,0.0,0,11,4,3,5,1,1,1,0
11,230,20,4,1,1,1.102905,1580,10168,31,29,3,5,3,10510.42481,69663.29688,12,18,255,255,3843591689,3848812584,132,565,1,3924,9582.326638,7719.00359,1421967314,1421967316,100.228639,64.84735,0.000626,0.000492,0.000134,0,0,1.0,0.0,0,2,2,3,2,2,1,1,0
15,2,5,0,0,2,5e-06,264,0,60,0,0,0,0,211200000.0,0.0,2,0,0,0,0,0,132,0,0,0,0.0,0.0,1424253485,1424253485,0.005,0.0,0.0,0.0,0.0,0,0,,,2,51,51,14,14,14,14,51,0
9,231,2,33,1,1,3.478152,1474,942,254,252,3,2,2,3109.697266,1987.262207,12,12,255,255,3801231766,1325873016,123,79,0,0,22368.08974,544.278688,1424247683,1424247686,316.195642,310.521906,0.128042,0.061695,0.066347,0,1,,,2,2,2,1,1,1,1,2,1
3,5,3,0,0,2,9e-06,114,0,254,0,0,0,0,50666664.0,0.0,2,0,0,0,0,0,57,0,0,0,0.0,0.0,1424231356,1424231356,0.009,0.0,0.0,0.0,0.0,0,2,,,2,34,34,16,17,16,16,34,1
0,232,13,4,1,1,1.717799,1580,10168,31,29,3,5,3,6748.17041,44727.00391,12,18,255,255,1948944431,1973987125,132,565,1,3924,11553.29074,8759.140314,1421963646,1421963648,156.132812,101.016824,0.000646,0.000508,0.000138,0,0,1.0,0.0,0,1,2,3,5,1,1,1,0
12,233,18,97,1,1,0.011971,2334,15722,31,29,7,12,2,1516999.5,10230725.0,36,38,255,255,454788711,455120062,65,414,0,0,20.823845,19.410637,1421972585,1421972585,0.332486,0.306432,0.000754,0.000622,0.000132,0,0,0.0,0.0,0,15,4,1,6,1,1,1,0
2,5,3,0,0,2,5e-06,114,0,254,0,0,0,0,91200000.0,0.0,2,0,0,0,0,0,57,0,0,0,0.0,0.0,1424237327,1424237327,0.005,0.0,0.0,0.0,0.0,0,2,,,2,32,32,20,23,20,20,32,1
2,234,9,37,1,1,0.71979,2516,268,254,252,2,1,2,25174.00977,2489.61499,10,6,255,255,2729768504,1256530659,252,45,0,0,4294.390742,173.778594,1424254384,1424254385,74.737889,120.397203,0.349237,0.1178,0.231437,0,1,,,2,7,5,2,2,2,2,5,1
13,235,13,4,1,1,1.004901,1684,10168,31,29,3,5,3,12450.97754,76457.28125,14,18,255,255,2963062598,2968286435,120,565,2,0,8761.585501,7674.599157,1424255051,1424255052,77.270921,59.078648,0.000706,0.000561,0.000145,0,0,1.0,,2,3,2,3,9,2,1,2,0
1,236,19,7,1,1,0.020971,1540,1644,31,29,4,4,2,550855.9375,592437.1875,16,18,255,255,3384701469,3391698338,96,91,0,0,80.578184,2.260216,1424251207,1424251207,1.3738,1.186,0.000961,0.000808,0.000153,0,0,,,2,9,9,6,10,5,1,6,0
6,5,6,0,0,2,3e-06,114,0,254,0,0,0,0,152000000.0,0.0,2,0,0,0,0,0,57,0,0,0,0.0,0.0,1424260141,1424260141,0.003,0.0,0.0,0.0,0.0,0,2,,,2,16,16,11,11,11,5,16,1
4,237,12,4,1,1,0.004056,1056,824,31,29,2,2,3,1822485.125,1463510.75,8,10,255,255,1188834937,1189839156,132,82,1,83,33.45122,0.699472,1421959790,1421959790,0.529571,0.389,0.000702,0.000551,0.000151,0,0,1.0,0.0,0,2,2,1,6,1,1,1,0
11,238,10,9,1,1,0.005201,1036,2262,31,29,4,4,2,1461257.5,3190155.75,12,12,255,255,4206104259,4206416073,86,189,0,0,22.516047,0.530426,1421944512,1421944512,0.437364,0.417273,0.000842,0.000601,0.000241,0,0,0.0,0.0,0,9,10,4,4,1,1,3,0
22,239,26,98,0,2,0.000107,503,0,64,0,0,0,2,18841122.0,0.0,2,0,0,0,0,0,252,0,0,0,0.0,0.0,1424245603,1424245603,0.107,0.0,0.0,0.0,0.0,0,0,,,2,46,46,46,46,46,46,46,0
8,240,4,10,0,0,0.005229,568,312,31,29,0,0,2,651749.875,358003.4375,4,4,0,0,0,0,142,78,0,0,1.994278,1.761639,1421967633,1421967633,1.416667,1.248667,0.0,0.0,0.0,0,0,0.0,0.0,0,10,10,5,4,1,1,3,0
3,8,11,6,3,2,9e-06,200,0,254,0,0,0,2,88888888.0,0.0,2,0,0,0,0,0,100,0,0,0,0.0,0.0,1424230422,1424230422,0.009,0.0,0.0,0.0,0.0,0,2,,,2,3,3,1,21,1,1,3,1
3,2,3,0,0,2,1e-06,114,0,254,0,0,0,0,456000000.0,0.0,2,0,0,0,0,0,57,0,0,0,0.0,0.0,1424230820,1424230820,0.001,0.0,0.0,0.0,0.0,0,2,,,2,34,34,25,26,25,25,34,1
3,5,14,0,0,2,4e-06,114,0,254,0,0,0,0,114000000.0,0.0,2,0,0,0,0,0,57,0,0,0,0.0,0.0,1424248043,1424248043,0.004,0.0,0.0,0.0,0.0,0,2,,,2,11,11,7,8,7,7,11,1
2,2,3,0,0,2,3e-06,114,0,254,0,0,0,0,152000000.0,0.0,2,0,0,0,0,0,57,0,0,0,0.0,0.0,1424239453,1424239453,0.003,0.0,0.0,0.0,0.0,0,2,,,2,42,42,24,24,24,24,42,1
3,2,14,0,0,2,3e-06,114,0,254,0,0,0,0,152000000.0,0.0,2,0,0,0,0,0,57,0,0,0,0.0,0.0,1424245619,1424245619,0.003,0.0,0.0,0.0,0.0,0,2,,,2,12,12,12,12,12,12,12,1
4,241,8,10,0,0,0.111228,568,304,31,29,0,0,2,30639.76758,16398.74805,4,4,0,0,0,0,142,76,0,0,40.999938,45.186008,1421962609,1421962609,29.002334,31.956334,0.0,0.0,0.0,0,0,0.0,0.0,0,6,7,2,2,1,1,2,0
3,2,3,0,0,2,1e-06,114,0,254,0,0,0,0,456000000.0,0.0,2,0,0,0,0,0,57,0,0,0,0.0,0.0,1424232179,1424232179,0.001,0.0,0.0,0.0,0.0,0,2,,,2,34,34,20,20,20,12,34,1
2,5,2,0,0,2,9e-06,114,0,254,0,0,0,0,50666664.0,0.0,2,0,0,0,0,0,57,0,0,0,0.0,0.0,1424252560,1424252560,0.009,0.0,0.0,0.0,0.0,0,2,,,2,19,19,11,12,11,11,19,1
2,8,6,6,3,2,9e-06,200,0,254,0,0,0,2,88888888.0,0.0,2,0,0,0,0,0,100,0,0,0,0.0,0.0,1424237382,1424237382,0.009,0.0,0.0,0.0,0.0,0,2,,,2,3,3,2,2,2,2,3,1
2,5,3,0,0,2,9e-06,114,0,254,0,0,0,0,50666664.0,0.0,2,0,0,0,0,0,57,0,0,0,0.0,0.0,1424238097,1424238097,0.009,0.0,0.0,0.0,0.0,0,2,,,2,38,38,20,21,19,19,39,1
0,242,20,18,1,1,1.534774,7822,14836,31,29,30,32,2,40438.52734,76722.70313,122,126,255,255,1583818068,3735008574,64,118,0,0,717.193745,704.661348,1424254207,1424254209,12.786942,12.274216,0.000628,0.000491,0.000137,0,0,,,2,5,3,3,5,1,1,1,0
7,5,7,0,0,2,9e-06,264,0,60,0,0,0,0,117333328.0,0.0,2,0,0,0,0,0,132,0,0,0,0.0,0.0,1424245881,1424245881,0.009,0.0,0.0,0.0,0.0,0,0,,,2,43,43,38,38,38,20,43,0
4,243,0,99,1,1,0.401625,4976,3080,31,29,7,7,2,95591.65625,59319.01563,28,30,255,255,892299341,3273936807,178,103,0,0,841.544438,21.512344,1421940849,1421940849,14.86337,13.832311,0.000622,0.000483,0.000139,0,0,0.0,0.0,0,14,3,4,5,1,1,3,0
3,2,3,0,0,2,9e-06,114,0,254,0,0,0,0,50666664.0,0.0,2,0,0,0,0,0,57,0,0,0,0.0,0.0,1424233599,1424233599,0.009,0.0,0.0,0.0,0.0,0,2,,,2,28,28,25,25,25,25,28,1
12,244,1,100,1,1,0.013935,2766,26160,31,29,7,16,2,1552350.25,14692214.0,44,46,255,255,3033611994,888505927,63,569,0,0,18.818538,18.333199,1424244227,1424244227,0.323667,0.297044,0.000669,0.000559,0.00011,0,0,,,2,10,4,1,6,1,1,3,0
8,245,18,101,1,1,0.034033,3614,44706,31,29,7,24,2,835424.4375,10339376.0,60,62,255,255,2073175324,4223083952,60,721,0,0,41.46293,41.015049,1421969498,1421969498,0.570847,0.547525,0.000762,0.000623,0.000139,0,0,0.0,0.0,0,7,11,3,2,1,1,1,0
2,8,9,6,3,2,1e-05,200,0,254,0,0,0,2,400000000.0,0.0,2,0,0,0,0,0,100,0,0,0,0.0,0.0,1421930728,1421930728,0.002,0.0,0.0,0.0,0.0,0,2,0.0,0.0,0,15,14,4,9,4,4,4,1
6,2,9,0,0,2,8e-06,114,0,254,0,0,0,0,57000000.0,0.0,2,0,0,0,0,0,57,0,0,0,0.0,0.0,1424224275,1424224275,0.008,0.0,0.0,0.0,0.0,0,2,,,2,20,20,17,19,17,8,20,1
1,246,20,102,1,1,0.052873,2438,19242,31,29,7,13,2,359200.3438,2838651.0,38,40,255,255,1772941100,4011053551,64,481,0,0,0.0,94.038212,1424237053,1424237053,1.419189,1.342333,0.000654,0.000519,0.000135,0,0,,,2,7,5,2,4,1,1,1,0
2,5,3,0,0,2,3e-06,114,0,254,0,0,0,0,152000000.0,0.0,2,0,0,0,0,0,57,0,0,0,0.0,0.0,1424239430,1424239430,0.003,0.0,0.0,0.0,0.0,0,2,,,2,29,29,20,20,20,20,29,1
2,2,3,0,0,2,8e-06,114,0,254,0,0,0,0,57000000.0,0.0,2,0,0,0,0,0,57,0,0,0,0.0,0.0,1424240557,1424240557,0.008,0.0,0.0,0.0,0.0,0,2,,,2,36,36,21,21,21,21,36,1
1,247,18,103,1,1,0.467314,4840,3080,31,29,7,7,2,79912.00781,50980.71094,28,30,255,255,3194636306,1124802710,173,103,0,0,1138.224932,29.927123,1424242986,1424242986,17.961731,16.095931,0.000662,0.000529,0.000133,0,0,,,2,13,6,3,3,1,1,4,0
11,248,8,104,1,1,0.376389,5016,3080,31,29,7,7,2,102808.5313,63296.21875,28,30,255,255,1935515130,1938726869,179,103,0,0,829.562367,21.519814,1421944838,1421944838,13.927371,12.960414,0.000684,0.00053,0.000154,0,0,0.0,0.0,0,11,12,10,7,3,3,5,0
2,2,2,0,0,2,8e-06,114,0,254,0,0,0,0,57000000.0,0.0,2,0,0,0,0,0,57,0,0,0,0.0,0.0,1424253872,1424253872,0.008,0.0,0.0,0.0,0.0,0,2,,,2,29,29,16,16,16,16,29,1
15,2,5,0,0,2,6e-06,264,0,60,0,0,0,0,176000000.0,0.0,2,0,0,0,0,0,132,0,0,0,0.0,0.0,1424251715,1424251715,0.006,0.0,0.0,0.0,0.0,0,0,,,2,37,37,13,13,13,13,37,0
3,2,14,0,0,2,3e-06,114,0,254,0,0,0,0,152000000.0,0.0,2,0,0,0,0,0,57,0,0,0,0.0,0.0,1424244527,1424244527,0.003,0.0,0.0,0.0,0.0,0,2,,,2,35,35,22,23,22,22,35,1
13,249,19,4,1,1,0.004274,1044,824,31,29,2,2,3,1710809.625,1388862.875,8,10,255,255,819083427,2965548629,131,82,1,83,35.076548,0.756718,1421935766,1421935766,0.553286,0.412889,0.000706,0.000551,0.000155,0,0,1.0,0.0,0,2,1,1,1,1,1,1,0
1,250,18,0,0,0,0.001062,146,178,31,29,0,0,0,549905.8125,670433.125,2,2,0,0,0,0,73,89,0,0,0.0,0.0,1421960782,1421960782,0.001,0.008,0.0,0.0,0.0,0,0,0.0,0.0,0,2,1,4,2,1,1,1,0
8,251,8,105,1,1,0.020241,2542,23278,31,29,7,14,2,979793.5,8981375.0,40,42,255,255,2096262532,4241975901,64,554,0,0,33.534994,32.397998,1421944455,1421944455,0.510487,0.479146,0.000751,0.000586,0.000165,0,0,0.0,0.0,0,4,8,2,3,1,1,1,0
2,5,2,0,0,2,2e-06,114,0,254,0,0,0,0,228000000.0,0.0,2,0,0,0,0,0,57,0,0,0,0.0,0.0,1424253103,1424253103,0.002,0.0,0.0,0.0,0.0,0,2,,,2,34,34,34,34,34,18,34,1
2,2,2,0,0,2,8e-06,114,0,254,0,0,0,0,57000000.0,0.0,2,0,0,0,0,0,57,0,0,0,0.0,0.0,1424255037,1424255037,0.008,0.0,0.0,0.0,0.0,0,2,,,2,34,34,34,34,34,16,34,1
2,2,3,0,0,2,1e-05,114,0,254,0,0,0,0,45600000.0,0.0,2,0,0,0,0,0,57,0,0,0,0.0,0.0,1424240540,1424240540,0.01,0.0,0.0,0.0,0.0,0,2,,,2,34,34,14,14,14,14,34,1
2,5,2,0,0,2,9e-06,114,0,254,0,0,0,0,50666664.0,0.0,2,0,0,0,0,0,57,0,0,0,0.0,0.0,1424253644,1424253644,0.009,0.0,0.0,0.0,0.0,0,2,,,2,15,15,15,15,15,15,15,1
6,252,16,4,1,1,0.292802,834,972,62,252,2,2,3,20518.98438,23251.20703,10,8,255,255,815819301,2198797888,83,122,0,0,1624.00712,57.82307,1424234320,1424234320,32.533556,40.108,0.061652,0.011392,0.05026,0,1,,,2,1,1,1,1,1,1,1,1
17,253,10,18,1,1,0.034128,7820,15060,31,29,30,32,2,1818096.625,3502344.25,122,126,255,255,2461373368,2459580050,64,120,0,0,18.036807,14.88483,1424235157,1424235157,0.283933,0.256152,0.002229,0.0021,0.000129,0,0,,,2,6,4,1,3,1,1,1,0
21,8,25,6,5,2,0.0,46,0,0,0,0,0,2,0.0,0.0,1,0,0,0,0,0,46,0,0,0,0.0,0.0,1424234651,1424234651,60000.008,0.0,0.0,0.0,0.0,1,2,,,2,1,1,1,1,1,1,1,0
14,254,20,9,1,1,0.00414,1036,2262,31,29,4,4,2,1835748.875,4007729.5,12,12,255,255,3533435910,1388361355,86,189,0,0,17.318784,0.389392,1424231057,1424231057,0.344818,0.320909,0.00074,0.000601,0.000139,0,0,,,2,5,5,3,2,2,2,4,0
19,5,21,0,0,2,8e-06,264,0,60,0,0,0,0,132000000.0,0.0,2,0,0,0,0,0,132,0,0,0,0.0,0.0,1424259068,1424259068,0.008,0.0,0.0,0.0,0.0,0,0,,,2,56,56,56,56,56,23,56,0
7,5,7,0,0,2,7e-06,264,0,60,0,0,0,0,150857136.0,0.0,2,0,0,0,0,0,132,0,0,0,0.0,0.0,1424245975,1424245975,0.007,0.0,0.0,0.0,0.0,0,0,,,2,41,41,17,17,17,17,41,0
1,255,10,10,0,0,0.005872,568,304,31,29,0,0,2,580381.5,310626.6875,4,4,0,0,0,0,142,76,0,0,2.332747,1.653452,1424257169,1424257169,1.655,1.175667,0.0,0.0,0.0,0,0,,,2,5,4,3,2,1,1,2,0
2,8,6,6,3,2,9e-06,200,0,254,0,0,0,2,88888888.0,0.0,2,0,0,0,0,0,100,0,0,0,0.0,0.0,1424237378,1424237378,0.009,0.0,0.0,0.0,0.0,0,2,,,2,5,5,3,17,3,3,5,1
6,2,6,0,0,2,9e-06,114,0,254,0,0,0,0,50666664.0,0.0,2,0,0,0,0,0,57,0,0,0,0.0,0.0,1424261219,1424261219,0.009,0.0,0.0,0.0,0.0,0,2,,,2,30,30,15,14,14,14,30,1
3,8,11,6,15,2,8e-06,200,0,254,0,0,0,2,100000000.0,0.0,2,0,0,0,0,0,100,0,0,0,0.0,0.0,1424230291,1424230291,0.008,0.0,0.0,0.0,0.0,0,2,,,2,6,6,2,2,2,2,6,1
6,2,6,0,0,2,9e-06,114,0,254,0,0,0,0,50666664.0,0.0,2,0,0,0,0,0,57,0,0,0,0.0,0.0,1424259302,1424259302,0.009,0.0,0.0,0.0,0.0,0,2,,,2,28,28,17,19,17,17,28,1
2,2,3,0,0,2,1.1e-05,114,0,254,0,0,0,0,41454544.0,0.0,2,0,0,0,0,0,57,0,0,0,0.0,0.0,1424240424,1424240424,0.011,0.0,0.0,0.0,0.0,0,2,,,2,33,33,14,13,13,13,33,1
14,256,8,8,1,1,0.027221,37232,3380,31,29,18,8,4,10731715.0,969839.4375,52,42,255,255,3336633580,3337688593,716,80,0,0,32.5424,1.34101,1421945720,1421945720,0.526922,0.650951,0.000674,0.000525,0.000149,0,0,0.0,0.0,0,1,2,2,6,1,1,1,0
2,257,2,4,1,1,3.934144,3366,142166,62,252,8,52,3,6643.376465,286415.5313,34,108,255,255,1030576978,920213661,99,1316,1,805,12659.36442,7349.339788,1421930446,1421930449,119.216485,36.404887,0.077289,0.038209,0.03908,0,1,1.0,0.0,0,1,1,1,1,1,1,1,1
11,258,13,4,1,1,1.318708,1684,10168,31,29,3,5,3,9488.075195,58263.08984,14,18,255,255,4261664147,2175319813,120,565,1,3924,8970.462686,7852.769703,1421938438,1421938440,101.412305,77.531824,0.000814,0.000662,0.000152,0,0,1.0,0.0,0,3,2,2,3,1,1,1,0
0,259,13,0,0,0,0.001041,146,178,31,29,0,0,0,560999.0625,683957.75,2,2,0,0,0,0,73,89,0,0,0.0,0.0,1421935008,1421935008,0.006,0.008,0.0,0.0,0.0,0,0,0.0,0.0,0,1,2,2,1,1,1,1,0
1,260,10,106,1,1,0.207939,4014,61374,31,29,7,28,2,152160.0156,2327528.75,68,70,255,255,2913392895,841542570,59,877,0,0,208.286705,205.001873,1421953766,1421953766,3.098851,3.005594,0.000708,0.000547,0.000161,0,0,0.0,0.0,0,9,5,3,3,1,1,1,0
7,2,7,0,0,2,6e-06,264,0,60,0,0,0,0,176000000.0,0.0,2,0,0,0,0,0,132,0,0,0,0.0,0.0,1424246494,1424246494,0.006,0.0,0.0,0.0,0.0,0,0,,,2,22,22,19,19,19,19,22,0
1,261,1,0,0,0,0.001012,130,162,31,29,0,0,0,513833.9688,640316.1875,2,2,0,0,0,0,65,81,0,0,0.0,0.0,1421941847,1421941847,0.005,0.006,0.0,0.0,0.0,0,0,0.0,0.0,0,4,4,5,6,2,1,1,0
3,262,11,1,1,1,2.509331,1752,1820,254,252,6,8,1,5308.187988,5512.226074,20,20,255,255,2269054942,4166163845,88,91,0,0,7013.42512,8524.427007,1421931045,1421931047,132.070054,127.816579,0.172124,0.065306,0.106818,0,1,0.0,0.0,0,1,1,2,2,1,1,2,1
11,263,4,107,1,1,0.172135,320,1902,31,29,1,2,5,12408.86523,77381.125,6,8,255,255,2824864912,1485476234,53,238,0,0,2418.292874,59.701781,1424233186,1424233187,34.3418,24.510857,0.000682,0.000556,0.000126,0,0,,,2,2,2,1,1,1,1,2,0
0,264,13,4,1,1,1.007803,1684,10168,31,29,3,5,3,12415.125,76237.125,14,18,255,255,1350010223,1351042916,120,565,0,0,8766.809775,7676.212945,1421931046,1421931047,77.49631,59.254059,0.000608,0.000478,0.00013,0,0,0.0,0.0,0,3,2,1,1,1,1,1,0
3,5,14,0,0,2,6e-06,114,0,254,0,0,0,0,76000000.0,0.0,2,0,0,0,0,0,57,0,0,0,0.0,0.0,1424244653,1424244653,0.006,0.0,0.0,0.0,0.0,0,2,,,2,36,36,13,13,13,8,36,1
12,265,19,108,1,1,0.039871,3182,38534,31,29,7,20,2,626219.5625,7588673.5,52,54,255,255,1333178196,3494503302,61,714,0,0,48.760018,48.083528,1424238745,1424238745,0.774529,0.741453,0.000684,0.000569,0.000115,0,0,,,2,4,4,3,4,1,1,1,0
6,8,17,6,16,2,8e-06,200,0,254,0,0,0,2,100000000.0,0.0,2,0,0,0,0,0,100,0,0,0,0.0,0.0,1424223171,1424223171,0.008,0.0,0.0,0.0,0.0,0,2,,,2,6,6,1,1,1,1,6,1
8,266,10,109,1,1,0.004433,424,8824,31,29,1,4,5,669524.0,14597789.0,8,12,255,255,659097622,2811597980,53,735,0,0,36.094345,19.945434,1424227999,1424227999,0.589286,0.355,0.000648,0.000525,0.000123,0,0,,,2,5,3,6,8,1,1,6,0
3,2,14,0,0,2,3e-06,114,0,254,0,0,0,0,152000000.0,0.0,2,0,0,0,0,0,57,0,0,0,0.0,0.0,1424244652,1424244652,0.003,0.0,0.0,0.0,0.0,0,2,,,2,54,54,54,54,54,35,54,1
1,267,8,9,1,1,0.221104,2054,2478,31,29,6,6,2,70953.03906,85932.41406,22,24,255,255,2436837281,2432923292,93,103,0,0,573.564269,547.841645,1421938650,1421938650,10.511286,9.588304,0.000707,0.000568,0.000139,0,0,0.0,0.0,0,7,8,5,3,1,1,1,0
10,268,10,110,1,1,0.115051,4048,2560,31,29,7,7,2,267429.2188,169107.6094,20,20,255,255,70927743,74175174,202,128,0,0,637.741233,19.098084,1424239892,1424239892,6.031947,6.026053,0.000692,0.000553,0.000139,0,0,,,2,13,8,6,5,1,1,4,0
1,269,0,111,1,1,0.03891,4862,82360,31,29,7,36,2,987920.8125,16736674.0,84,86,255,255,2562971307,417893866,58,958,0,0,24.194401,23.835916,1424257767,1424257767,0.470793,0.450635,0.000725,0.000597,0.000128,0,0,,,2,7,12,4,5,1,1,2,0
3,2,14,0,0,2,9e-06,114,0,254,0,0,0,0,50666664.0,0.0,2,0,0,0,0,0,57,0,0,0,0.0,0.0,1424246205,1424246205,0.009,0.0,0.0,0.0,0.0,0,2,,,2,46,46,40,39,39,22,46,1
2,5,3,0,0,2,3e-06,114,0,254,0,0,0,0,152000000.0,0.0,2,0,0,0,0,0,57,0,0,0,0.0,0.0,1424237596,1424237596,0.003,0.0,0.0,0.0,0.0,0,2,,,2,42,42,20,20,20,20,42,1
2,270,9,18,1,1,0.903238,1254,58400,62,252,6,27,2,10646.1416,508340.0,24,58,255,255,1598708279,2794346689,52,1007,0,0,1945.780299,1250.375855,1424225162,1424225162,39.271218,15.689053,0.044348,0.008273,0.036075,0,1,,,2,1,1,4,1,1,1,1,1
9,271,6,1,1,1,3.699481,1366,1638,62,252,7,9,1,2841.479736,3382.095947,26,22,255,255,4076486753,3745706289,53,74,0,0,9776.099412,356.784219,1424249107,1424249110,147.979235,168.285672,0.276014,0.164784,0.11123,0,1,,1.0,3,1,1,2,2,1,1,2,1
2,272,15,10,1,1,1.535259,564,354,254,252,2,1,2,2647.110352,1615.362671,10,8,255,255,2441345411,3111868731,56,44,0,0,10006.29361,296.776375,1424231194,1424231195,170.584333,197.280859,0.238376,0.127922,0.110454,0,1,,,2,3,1,1,1,1,1,1,1
2,5,3,0,0,2,8e-06,114,0,254,0,0,0,0,57000000.0,0.0,2,0,0,0,0,0,57,0,0,0,0.0,0.0,1421931177,1421931177,0.008,0.0,0.0,0.0,0.0,0,2,0.0,0.0,0,11,11,8,8,7,4,7,1
4,273,19,112,1,1,0.004683,4040,2456,31,29,7,7,2,6518898.0,3963271.5,18,18,255,255,602291643,2755165603,224,136,0,0,12.786193,0.32681,1424227605,1424227605,0.257294,0.245,0.000655,0.000514,0.000141,0,0,,,2,5,13,9,3,1,1,3,0
5,5,7,0,0,2,2.7e-05,264,0,60,0,0,0,0,39111112.0,0.0,2,0,0,0,0,0,132,0,0,0,0.0,0.0,1424231733,1424231733,0.027,0.0,0.0,0.0,0.0,0,0,,,2,36,36,25,25,25,25,36,0
3,274,14,113,1,0,0.228363,998,86,62,252,2,1,2,29146.57617,1506.373535,6,2,255,255,3349321096,176230816,166,43,0,0,2816.461731,0.0,1424238628,1424238629,45.6726,0.002,0.19664,0.116835,0.079805,0,3,,,2,5,4,1,1,1,1,4,0
1,275,12,114,1,1,0.004461,424,8824,31,29,1,4,5,665321.625,14506164.0,8,12,255,255,3642609316,3649727887,53,735,0,0,35.893537,19.789593,1421966004,1421966004,0.585429,0.362182,0.000611,0.000472,0.000139,0,0,0.0,0.0,0,3,3,8,9,1,1,5,0
17,276,19,9,1,1,0.00461,1064,2260,31,29,4,4,2,1693709.25,3595661.5,12,12,255,255,3022876170,3023148184,89,188,0,0,19.54165,0.377356,1424255187,1424255187,0.385909,0.316727,0.001209,0.001111,9.8e-05,0,0,,,2,1,4,3,2,1,1,1,0
3,5,3,0,0,2,8e-06,114,0,254,0,0,0,0,57000000.0,0.0,2,0,0,0,0,0,57,0,0,0,0.0,0.0,1424232269,1424232269,0.008,0.0,0.0,0.0,0.0,0,2,,,2,36,36,11,11,11,11,36,1
8,277,12,115,1,1,0.044902,5486,95164,31,29,7,42,2,967262.0,16781970.0,96,98,255,255,2323449240,2319547036,57,971,0,0,24.073672,23.930032,1424260236,1424260236,0.474404,0.456649,0.000746,0.000599,0.000147,0,0,,,2,5,3,2,4,1,1,1,0
2,2,3,0,0,2,2e-06,114,0,254,0,0,0,0,228000000.0,0.0,2,0,0,0,0,0,57,0,0,0,0.0,0.0,1424237527,1424237527,0.002,0.0,0.0,0.0,0.0,0,2,,,2,36,36,36,36,36,22,36,1
13,278,8,30,1,1,0.010726,5928,8010,31,29,14,17,6,4350550.0,5871340.5,62,58,255,255,3767459428,3767754778,96,138,0,0,11.396146,11.296453,1421971445,1421971445,0.175836,0.174912,0.000769,0.000618,0.000151,0,0,0.0,0.0,0,1,1,2,1,1,1,1,0
15,5,5,0,0,2,9e-06,264,0,60,0,0,0,0,117333328.0,0.0,2,0,0,0,0,0,132,0,0,0,0.0,0.0,1424253385,1424253385,0.009,0.0,0.0,0.0,0.0,0,0,,,2,30,30,18,18,18,18,30,0
11,279,0,116,1,1,0.386444,4632,3080,31,29,7,7,2,92473.9375,61649.29297,28,30,255,255,4254668389,2396355067,165,103,0,0,775.072845,19.446578,1421967004,1421967005,14.300963,13.306,0.000752,0.000564,0.000188,0,0,0.0,0.0,0,14,15,6,5,1,1,2,0
6,2,6,0,0,2,3e-06,114,0,254,0,0,0,0,152000000.0,0.0,2,0,0,0,0,0,57,0,0,0,0.0,0.0,1424259675,1424259675,0.003,0.0,0.0,0.0,0.0,0,2,,,2,33,33,18,17,17,17,33,1
3,2,14,0,0,2,3e-06,114,0,254,0,0,0,0,152000000.0,0.0,2,0,0,0,0,0,57,0,0,0,0.0,0.0,1424246037,1424246037,0.003,0.0,0.0,0.0,0.0,0,2,,,2,25,25,11,11,11,11,25,1
9,280,11,117,1,1,1.104799,980,1044,254,252,2,2,3,6386.682129,6618.398438,10,8,255,255,2837395318,1648786369,98,131,1,120,6696.754784,275.33475,1424252524,1424252525,122.755444,146.689422,0.158711,0.077187,0.081524,0,1,1.0,,2,1,1,1,2,1,1,1,1
5,2,5,0,0,2,8e-06,264,0,60,0,0,0,0,132000000.0,0.0,2,0,0,0,0,0,132,0,0,0,0.0,0.0,1424239299,1424239299,0.008,0.0,0.0,0.0,0.0,0,0,,,2,26,26,13,13,13,13,26,0
2,2,2,0,0,2,8e-06,114,0,254,0,0,0,0,57000000.0,0.0,2,0,0,0,0,0,57,0,0,0,0.0,0.0,1424253912,1424253912,0.008,0.0,0.0,0.0,0.0,0,2,,,2,14,14,13,13,13,13,15,1
3,5,14,0,0,2,1e-05,114,0,254,0,0,0,0,45600000.0,0.0,2,0,0,0,0,0,57,0,0,0,0.0,0.0,1424248148,1424248148,0.01,0.0,0.0,0.0,0.0,0,2,,,2,38,38,17,16,16,16,38,1
4,281,8,10,0,0,0.004343,568,312,31,29,0,0,2,784711.0625,431038.4688,4,4,0,0,0,0,142,78,0,0,1.646145,1.370374,1424259538,1424259538,1.167,0.974,0.0,0.0,0.0,0,0,,,2,3,6,7,7,1,1,3,0
3,2,3,0,0,2,3e-06,114,0,254,0,0,0,0,152000000.0,0.0,2,0,0,0,0,0,57,0,0,0,0.0,0.0,1424232843,1424232843,0.003,0.0,0.0,0.0,0.0,0,2,,,2,22,22,4,4,4,4,22,1
2,8,9,6,17,2,1e-05,200,0,254,0,0,0,2,80000000.0,0.0,2,0,0,0,0,0,100,0,0,0,0.0,0.0,1421930719,1421930719,0.01,0.0,0.0,0.0,0.0,0,2,0.0,0.0,0,13,11,2,7,2,2,2,1
3,2,14,0,0,2,4e-06,114,0,254,0,0,0,0,114000000.0,0.0,2,0,0,0,0,0,57,0,0,0,0.0,0.0,1424244929,1424244929,0.004,0.0,0.0,0.0,0.0,0,2,,,2,33,33,22,22,22,22,33,1
0,282,1,4,1,1,1.005735,1684,10168,31,29,3,5,3,12440.65234,76393.875,14,18,255,255,3557534523,3558631027,120,565,1,3924,8764.892753,7673.818483,1421952854,1421952855,77.332231,59.128882,0.000693,0.000537,0.000156,0,0,1.0,0.0,0,3,1,1,2,1,1,1,0
14,283,12,118,1,1,0.017894,2334,15124,31,29,7,11,2,1014865.313,6563094.0,36,34,255,255,3254360650,1105042214,65,445,0,0,34.483027,0.993172,1424230340,1424230340,0.502457,0.526303,0.000641,0.00052,0.000121,0,0,,,2,7,6,4,6,1,1,2,0
17,284,0,8,1,1,0.02017,37342,3276,31,29,18,8,4,14526128.0,1267228.625,52,40,255,255,120936704,2271560507,718,82,0,0,21.93426,0.977926,1424261782,1424261782,0.404878,0.503897,0.000659,0.00051,0.000149,0,0,,,2,1,1,14,10,1,1,8,0
6,5,6,0,0,2,4e-06,114,0,254,0,0,0,0,114000000.0,0.0,2,0,0,0,0,0,57,0,0,0,0.0,0.0,1424259337,1424259337,0.004,0.0,0.0,0.0,0.0,0,2,,,2,33,33,33,34,33,16,33,1
3,2,14,0,0,2,3e-06,114,0,254,0,0,0,0,152000000.0,0.0,2,0,0,0,0,0,57,0,0,0,0.0,0.0,1424246499,1424246499,0.003,0.0,0.0,0.0,0.0,0,2,,,2,39,39,39,40,39,22,39,1
3,285,15,10,0,2,9e-06,168,0,254,0,0,0,2,74666664.0,0.0,2,0,0,0,0,0,84,0,0,0,0.0,0.0,1424230512,1424230512,0.009,0.0,0.0,0.0,0.0,0,2,,,2,1,1,1,42,1,1,1,1
8,286,1,0,0,0,0.00107,146,178,31,29,0,0,0,545794.375,665420.5625,2,2,0,0,0,0,73,89,0,0,0.0,0.0,1424240180,1424240180,0.009,0.007,0.0,0.0,0.0,0,0,,,2,3,2,2,4,3,1,1,0
2,2,3,0,0,2,9e-06,114,0,254,0,0,0,0,50666664.0,0.0,2,0,0,0,0,0,57,0,0,0,0.0,0.0,1424239142,1424239142,0.009,0.0,0.0,0.0,0.0,0,2,,,2,28,28,13,13,13,13,28,1
3,287,6,51,1,1,1.02363,230,350,254,252,0,2,2,1438.019531,2282.074463,5,6,255,255,723041679,1521651516,46,58,0,0,363.56075,322.011437,1421933428,1421933429,255.6855,188.962,0.145828,0.07882,0.067008,0,1,0.0,0.0,0,8,4,2,2,1,1,2,1
10,288,10,119,1,1,0.024335,3614,47722,31,29,7,24,2,1168358.25,15435545.0,60,62,255,255,2220043477,74947552,60,770,0,0,22.4935,21.127308,1424223198,1424223198,0.413724,0.388836,0.000762,0.000611,0.000151,0,0,,,2,2,7,3,3,1,1,2,0
12,289,18,120,1,1,0.035248,4238,66846,31,29,7,30,2,948706.3125,14966636.0,72,74,255,255,2928793844,2929100729,59,903,0,0,26.629433,26.893614,1424249739,1424249739,0.492,0.474616,0.000727,0.000592,0.000135,0,0,,,2,7,1,1,6,1,1,2,0
14,290,0,121,1,1,0.034917,3390,44906,31,29,7,22,2,762952.125,10111292.0,56,58,255,255,2966146888,2979347897,61,774,0,0,0.0,36.257888,1421968967,1421968967,0.628855,0.573965,0.002386,0.002197,0.000189,0,0,0.0,0.0,0,7,5,5,5,1,1,1,0
0,291,18,9,1,1,0.005653,1920,4312,31,29,6,6,2,2594021.0,5848930.0,22,24,255,255,3840032419,1690745708,87,180,0,0,15.348783,12.890438,1424255113,1424255113,0.25319,0.219,0.000756,0.000607,0.000149,0,0,,,2,3,5,4,1,1,1,1,0
1,292,18,0,0,0,0.000995,130,162,31,29,0,0,0,522613.0625,651256.25,2,2,0,0,0,0,65,81,0,0,0.0,0.0,1421960569,1421960569,0.011,0.004,0.0,0.0,0.0,0,0,0.0,0.0,0,3,5,3,4,1,1,1,0
3,2,3,0,0,2,9e-06,114,0,254,0,0,0,0,50666664.0,0.0,2,0,0,0,0,0,57,0,0,0,0.0,0.0,1424232228,1424232228,0.009,0.0,0.0,0.0,0.0,0,2,,,2,33,33,22,22,22,22,33,1
3,2,3,0,0,2,5e-06,114,0,254,0,0,0,0,91200000.0,0.0,2,0,0,0,0,0,57,0,0,0,0.0,0.0,1424232880,1424232880,0.005,0.0,0.0,0.0,0.0,0,2,,,2,16,16,16,16,16,16,16,1
17,293,19,1,1,1,0.021581,2934,3740,31,29,11,15,1,1066864.375,1360826.625,52,54,255,255,2803386614,2808581957,56,69,0,0,30.028944,0.70986,1424254027,1424254027,0.434286,0.405596,0.0006,0.000487,0.000113,0,0,,1.0,3,1,1,7,5,1,1,4,0
13,294,0,30,1,1,0.040838,12472,12924,31,29,17,17,6,2408345.25,2492384.5,70,64,255,255,210676037,210985323,178,202,0,0,51.002264,52.706965,1421964570,1421964570,0.591855,0.636825,0.000739,0.000583,0.000156,0,0,0.0,0.0,0,1,1,3,1,1,1,1,0
6,5,9,0,0,2,4e-06,114,0,254,0,0,0,0,114000000.0,0.0,2,0,0,0,0,0,57,0,0,0,0.0,0.0,1424224160,1424224160,0.004,0.0,0.0,0.0,0.0,0,2,,,2,8,8,5,5,5,5,8,1
6,8,15,6,18,2,9e-06,200,0,254,0,0,0,2,88888888.0,0.0,2,0,0,0,0,0,100,0,0,0,0.0,0.0,1424251650,1424251650,0.009,0.0,0.0,0.0,0.0,0,2,,,2,6,6,3,4,3,3,6,1
2,2,2,0,0,2,9e-06,114,0,254,0,0,0,0,50666664.0,0.0,2,0,0,0,0,0,57,0,0,0,0.0,0.0,1424254617,1424254617,0.009,0.0,0.0,0.0,0.0,0,2,,,2,22,22,16,17,16,16,22,1
3,5,3,0,0,2,9e-06,114,0,254,0,0,0,0,50666664.0,0.0,2,0,0,0,0,0,57,0,0,0,0.0,0.0,1424232397,1424232397,0.009,0.0,0.0,0.0,0.0,0,2,,,2,38,38,13,14,13,13,38,1
3,2,14,0,0,2,3e-06,114,0,254,0,0,0,0,152000000.0,0.0,2,0,0,0,0,0,57,0,0,0,0.0,0.0,1424244954,1424244954,0.003,0.0,0.0,0.0,0.0,0,2,,,2,15,15,15,15,15,15,15,1
3,2,14,0,0,2,5e-06,114,0,254,0,0,0,0,91200000.0,0.0,2,0,0,0,0,0,57,0,0,0,0.0,0.0,1424247516,1424247516,0.005,0.0,0.0,0.0,0.0,0,2,,,2,19,19,19,19,19,19,19,1
4,295,20,122,0,0,0.14414,520,304,31,29,0,0,2,21645.62109,12654.36328,4,4,0,0,0,0,130,76,0,0,9.412771,61.787461,1421928216,1421928216,6.660333,43.697332,0.0,0.0,0.0,0,0,0.0,0.0,0,12,6,3,6,1,1,3,0
9,296,9,4,1,1,1.909722,1034,60633,62,252,2,23,3,4063.418701,249112.7031,16,52,255,255,2339294443,854410772,65,1166,1,29015,7310.184309,4194.423931,1424261174,1424261176,127.314806,36.117559,0.185101,0.103026,0.082075,0,1,1.0,,2,1,1,1,1,1,1,1,1
4,297,0,123,1,1,0.369453,4224,3080,31,29,7,7,2,88216.89844,64484.51953,28,30,255,255,4216893141,2075073579,151,103,0,0,706.277048,17.313184,1421967490,1421967491,13.671112,12.721173,0.000684,0.000532,0.000152,0,0,0.0,0.0,0,3,5,3,1,1,1,1,0
6,298,3,124,1,1,0.169002,6316,268,254,252,3,1,2,274079.5938,10603.42481,12,6,255,255,3878468252,3738893537,526,45,0,0,866.580677,44.950203,1424228566,1424228566,15.363819,32.3184,0.051223,0.006762,0.044461,0,1,,,2,1,1,1,1,1,1,1,1
1,299,4,125,1,1,0.499023,8928,320,31,29,4,1,5,132915.7188,4280.36377,14,6,255,255,2200492747,3021232651,638,53,0,0,3108.677326,124.728437,1424225114,1424225115,38.386384,99.690602,0.001442,0.000449,0.000993,0,0,,,2,2,5,3,3,1,1,3,0
10,300,19,4,1,1,26.643877,18422,1050390,31,29,2,353,2,5515.413574,314949.3438,345,721,255,255,3089898272,990628673,53,1457,0,0,4990.438782,3449.389051,1421945341,1421945367,77.452172,37.004674,0.00068,0.000525,0.000155,0,0,0.0,0.0,0,42,17,17,43,33,17,17,0
3,2,3,0,0,2,8e-06,114,0,254,0,0,0,0,57000000.0,0.0,2,0,0,0,0,0,57,0,0,0,0.0,0.0,1424231843,1424231843,0.008,0.0,0.0,0.0,0.0,0,2,,,2,45,45,12,12,12,7,45,1
2,2,3,0,0,2,9e-06,114,0,254,0,0,0,0,50666664.0,0.0,2,0,0,0,0,0,57,0,0,0,0.0,0.0,1424239557,1424239557,0.009,0.0,0.0,0.0,0.0,0,2,,,2,31,31,11,11,11,11,31,1
14,301,12,10,0,0,0.004885,568,304,31,29,0,0,2,697645.8125,373387.9063,4,4,0,0,0,0,142,76,0,0,1.811608,1.575671,1421958551,1421958551,1.285,1.120667,0.0,0.0,0.0,0,0,0.0,0.0,0,5,4,4,5,1,1,3,0
6,8,15,6,13,3,3.25424,864,0,254,0,0,0,2,1858.498413,0.0,8,0,0,0,0,0,108,0,0,0,660.465812,0.0,1424256634,1424256637,568.887625,0.0,0.0,0.0,0.0,0,6,,,2,1,1,1,4,1,1,1,1
0,302,13,7,1,1,0.141418,6700,242532,31,29,12,89,2,375624.0625,13652803.0,110,204,255,255,3293140445,1151331783,61,1189,0,0,71.203635,40.563501,1421959006,1421959006,1.294184,0.694113,0.000645,0.000509,0.000136,0,0,0.0,0.0,0,6,17,11,9,6,1,6,0
10,303,20,18,1,1,0.031592,7820,15662,31,29,30,32,2,1964041.5,3934667.0,122,126,255,255,3973147500,3978354475,64,124,0,0,16.396867,14.355236,1424240843,1424240843,0.271748,0.248904,0.000598,0.000475,0.000123,0,0,,,2,8,8,2,3,1,1,3,0
14,304,12,126,1,1,0.024952,3806,51314,31,29,7,26,2,1201346.625,16202950.0,64,66,255,255,1339244338,3489130849,59,777,0,0,20.737545,20.217866,1421928143,1421928143,0.390936,0.38025,0.000767,0.000605,0.000162,0,0,0.0,0.0,0,7,7,1,5,1,1,1,0
3,2,3,0,0,2,7e-06,114,0,254,0,0,0,0,65142856.0,0.0,2,0,0,0,0,0,57,0,0,0,0.0,0.0,1424233703,1424233703,0.007,0.0,0.0,0.0,0.0,0,2,,,2,29,29,10,10,10,10,29,1
3,5,3,0,0,2,9e-06,114,0,254,0,0,0,0,50666664.0,0.0,2,0,0,0,0,0,57,0,0,0,0.0,0.0,1424231080,1424231080,0.009,0.0,0.0,0.0,0.0,0,2,,,2,7,7,7,7,7,7,7,1
3,5,3,0,0,2,9e-06,114,0,254,0,0,0,0,50666664.0,0.0,2,0,0,0,0,0,57,0,0,0,0.0,0.0,1424233096,1424233096,0.009,0.0,0.0,0.0,0.0,0,2,,,2,20,20,18,19,18,18,20,1
14,305,12,0,0,0,0.001067,130,162,31,29,0,0,0,487347.7188,607310.25,2,2,0,0,0,0,65,81,0,0,0.0,0.0,1421929267,1421929267,0.004,0.009,0.0,0.0,0.0,0,0,0.0,0.0,0,1,2,2,1,1,1,1,0
10,306,0,127,1,1,0.043917,4550,72408,31,29,7,33,2,818270.8125,13025115.0,78,80,255,255,1875209817,1886964184,58,905,0,0,0.0,35.908392,1421971037,1421971037,0.566286,0.55582,0.000688,0.00056,0.000128,0,0,0.0,0.0,0,6,12,11,6,1,1,4,0
6,5,6,0,0,2,9e-06,114,0,254,0,0,0,0,50666664.0,0.0,2,0,0,0,0,0,57,0,0,0,0.0,0.0,1424260380,1424260380,0.009,0.0,0.0,0.0,0.0,0,2,,,2,33,33,35,33,33,16,33,1
3,5,3,0,0,2,9e-06,114,0,254,0,0,0,0,50666664.0,0.0,2,0,0,0,0,0,57,0,0,0,0.0,0.0,1424231392,1424231392,0.009,0.0,0.0,0.0,0.0,0,2,,,2,29,29,15,15,15,15,29,1
9,307,6,4,1,1,1.516236,782,3038,62,252,2,2,3,3714.461426,14430.47168,10,10,255,255,2543823300,1448070904,78,304,1,1075,11424.3634,259.207781,1424237376,1424237377,168.365667,161.430781,0.163329,0.06335,0.099979,0,1,1.0,,2,1,1,3,3,1,1,1,1
3,308,24,64,0,2,9e-06,450,0,254,0,0,0,2,200000000.0,0.0,2,0,0,0,0,0,225,0,0,0,0.0,0.0,1424239913,1424239913,0.009,0.0,0.0,0.0,0.0,0,2,,,2,3,2,1,2,1,1,2,1
3,2,3,0,0,2,3e-06,114,0,254,0,0,0,0,152000000.0,0.0,2,0,0,0,0,0,57,0,0,0,0.0,0.0,1424231585,1424231585,0.003,0.0,0.0,0.0,0.0,0,2,,,2,43,43,44,44,43,25,46,1
3,2,14,0,0,2,9e-06,114,0,254,0,0,0,0,50666664.0,0.0,2,0,0,0,0,0,57,0,0,0,0.0,0.0,1424247658,1424247658,0.009,0.0,0.0,0.0,0.0,0,2,,,2,34,34,22,22,22,22,34,1
14,58,10,18,1,1,0.047865,7818,15092,31,29,30,32,2,1295978.25,2502538.5,122,126,255,255,1158158949,1159633255,64,120,0,0,34.431656,30.101385,1421943773,1421943773,0.392777,0.378672,0.00066,0.00053,0.00013,0,0,0.0,0.0,0,9,3,2,3,1,1,1,0
2,309,16,10,0,2,9e-06,168,0,254,0,0,0,2,74666664.0,0.0,2,0,0,0,0,0,84,0,0,0,0.0,0.0,1424235663,1424235663,0.009,0.0,0.0,0.0,0.0,0,2,,,2,1,1,1,2,1,1,1,1
13,310,20,4,1,1,1.12689,1684,10168,31,29,3,5,3,11103.125,68180.57031,14,18,255,255,147428941,148441660,120,565,1,3924,8820.720073,7723.35538,1421941424,1421941425,86.657154,66.255412,0.000686,0.000544,0.000142,0,0,1.0,0.0,0,2,1,2,1,1,1,1,0
3,311,24,8,1,1,2.138536,2590,1770,62,252,7,8,4,9206.297852,6292.155273,20,20,255,255,2260227396,402723352,130,89,0,0,6338.947417,139.026422,1421931433,1421931435,112.50405,110.379156,0.094699,0.04133,0.053369,0,1,0.0,0.0,0,1,1,1,1,1,1,1,1
3,2,3,0,0,2,3e-06,114,0,254,0,0,0,0,152000000.0,0.0,2,0,0,0,0,0,57,0,0,0,0.0,0.0,1424231729,1424231729,0.003,0.0,0.0,0.0,0.0,0,2,,,2,15,15,15,15,15,15,15,1
2,2,3,0,0,2,1.2e-05,114,0,254,0,0,0,0,38000000.0,0.0,2,0,0,0,0,0,57,0,0,0,0.0,0.0,1421931020,1421931020,0.012,0.0,0.0,0.0,0.0,0,2,0.0,0.0,0,10,10,3,3,3,3,3,1
14,312,19,128,1,1,0.005915,3832,2456,31,29,7,7,2,4896027.0,3137785.25,18,18,255,255,4063183921,4066549545,213,136,0,0,16.359599,0.415872,1424237196,1424237196,0.329706,0.318118,0.000616,0.000505,0.000111,0,0,,,2,11,5,4,5,1,1,4,0
6,313,9,4,1,1,20.922342,136025,1128,254,252,53,1,3,51547.19141,414.867493,112,26,255,255,1602373773,911391813,1215,43,1,0,40699.27769,2643.81575,1424248838,1424248859,188.489567,831.767375,0.224912,0.127428,0.097484,0,1,1.0,,2,1,1,1,1,1,1,1,1
2,2,2,0,0,2,3e-06,114,0,254,0,0,0,0,152000000.0,0.0,2,0,0,0,0,0,57,0,0,0,0.0,0.0,1424252418,1424252418,0.003,0.0,0.0,0.0,0.0,0,2,,,2,16,16,16,16,16,16,16,1
0,314,18,129,1,1,0.047899,2558,23148,31,29,7,14,2,416710.1563,3774108.0,40,42,255,255,1511775507,1563732068,64,551,0,0,72.772171,70.564295,1421951133,1421951133,1.219795,1.15439,0.000719,0.000563,0.000156,0,0,0.0,0.0,0,6,7,2,4,1,1,1,0
4,315,8,4,1,1,1.123919,1684,10168,31,29,3,5,3,11132.47461,68360.79688,14,18,255,255,2526441869,2531620672,120,565,1,3924,8824.735939,7726.099345,1421948783,1421948784,86.426305,66.083118,0.000613,0.000502,0.000111,0,0,1.0,0.0,0,1,2,5,7,1,1,2,0
7,5,7,0,0,2,6e-06,264,0,60,0,0,0,0,176000000.0,0.0,2,0,0,0,0,0,132,0,0,0,0.0,0.0,1424245951,1424245951,0.006,0.0,0.0,0.0,0.0,0,0,,,2,41,41,41,41,41,21,41,0
3,8,11,6,3,2,2e-06,200,0,254,0,0,0,2,400000000.0,0.0,2,0,0,0,0,0,100,0,0,0,0.0,0.0,1424230398,1424230398,0.002,0.0,0.0,0.0,0.0,0,2,,,2,3,3,2,4,2,2,3,1
10,316,12,130,1,1,0.068005,2646,25418,31,29,7,15,2,303860.0,2922255.5,42,44,255,255,1626134130,3771911924,63,578,0,0,97.624413,97.243006,1421945521,1421945521,1.651049,1.565326,0.000834,0.000686,0.000148,0,0,0.0,0.0,0,14,10,9,13,4,4,8,0
9,8,24,6,13,2,5.052801,2688,0,254,0,0,0,2,4154.527344,0.0,42,0,0,0,0,0,64,0,0,0,140.325453,0.0,1424244670,1424244675,123.239047,0.0,0.0,0.0,0.0,0,2,,,2,1,1,1,1,1,1,1,1
9,317,9,10,0,2,1.2e-05,168,0,254,0,0,0,2,56000000.0,0.0,2,0,0,0,0,0,84,0,0,0,0.0,0.0,1421932949,1421932949,0.012,0.0,0.0,0.0,0.0,0,2,0.0,0.0,0,2,1,1,1,1,1,1,1
2,2,3,0,0,2,5e-06,114,0,254,0,0,0,0,91200000.0,0.0,2,0,0,0,0,0,57,0,0,0,0.0,0.0,1424237827,1424237827,0.005,0.0,0.0,0.0,0.0,0,2,,,2,37,37,27,27,27,16,37,1
1,318,8,4,1,1,1.017702,1684,10168,31,29,3,5,3,12294.36523,75495.57813,14,18,255,255,1291061535,1292158164,120,565,1,3924,8766.229707,7675.552806,1424231715,1424231716,78.126459,59.823353,0.000857,0.000701,0.000156,0,0,1.0,,2,1,1,1,1,1,1,1,0
2,5,3,0,0,2,8e-06,114,0,254,0,0,0,0,57000000.0,0.0,2,0,0,0,0,0,57,0,0,0,0.0,0.0,1424238987,1424238987,0.008,0.0,0.0,0.0,0.0,0,2,,,2,55,55,44,44,44,20,55,1
8,319,13,4,1,1,1.004875,1580,10168,31,29,3,5,2,11535.76367,76459.26563,12,18,255,255,1583424446,1584431015,132,565,2,192,9524.668517,0.0,1421945474,1421945475,91.320001,59.077174,0.000719,0.000559,0.00016,0,0,6.0,0.0,0,11,22,23,10,6,6,6,0
12,143,10,131,1,1,0.123517,2766,24004,31,29,7,16,2,175133.7813,1520956.625,44,46,255,255,2375097948,311686341,63,522,0,0,173.614265,167.288064,1424228682,1424228682,2.86407,2.732622,0.000669,0.000547,0.000122,0,0,,,2,4,6,1,3,1,1,1,0
14,320,1,132,1,1,0.017921,2542,23278,31,29,7,14,2,1106634.625,10144076.0,40,42,255,255,2349965,2641407,64,554,0,0,32.219097,31.082056,1424236921,1424236921,0.450872,0.422659,0.00073,0.000584,0.000146,0,0,,,2,9,11,4,3,1,1,1,0
11,321,1,133,1,1,0.004123,424,8824,31,29,1,4,5,719864.1875,15695368.0,8,12,255,255,4279658587,2141124725,53,735,0,0,33.662916,19.413156,1424252118,1424252118,0.545,0.334273,0.000561,0.000442,0.000119,0,0,,,2,2,2,5,5,1,1,3,0
13,322,12,134,1,1,0.279427,8928,320,31,29,4,1,5,237371.4844,7644.214844,14,6,255,255,1255547340,1596925263,638,53,0,0,1922.127757,81.012727,1421953599,1421953599,21.494385,55.756398,0.000646,0.000507,0.000139,0,0,0.0,0.0,0,5,4,5,3,1,1,3,0
4,323,10,135,1,1,0.015887,2854,31458,31,29,7,17,2,1405929.375,15511047.0,46,48,255,255,186665034,186956427,62,655,0,0,19.271408,19.31343,1424227468,1424227468,0.353955,0.332065,0.000751,0.000603,0.000148,0,0,,,2,3,6,2,4,1,1,2,0
8,324,13,0,0,0,0.001019,146,178,31,29,0,0,0,573110.9375,698724.25,2,2,0,0,0,0,73,89,0,0,0.0,0.0,1421970919,1421970919,0.012,0.002,0.0,0.0,0.0,0,0,0.0,0.0,0,4,3,6,5,2,1,1,0
2,5,2,0,0,2,1e-05,114,0,254,0,0,0,0,45600000.0,0.0,2,0,0,0,0,0,57,0,0,0,0.0,0.0,1424251872,1424251872,0.01,0.0,0.0,0.0,0.0,0,2,,,2,32,32,32,32,32,17,32,1
3,5,14,0,0,2,8e-06,114,0,254,0,0,0,0,57000000.0,0.0,2,0,0,0,0,0,57,0,0,0,0.0,0.0,1424244627,1424244627,0.008,0.0,0.0,0.0,0.0,0,2,,,2,60,60,16,16,16,9,60,1
11,325,1,136,0,0,0.001704,520,304,31,29,0,0,2,1830985.875,1070422.5,4,4,0,0,0,0,130,76,0,0,0.62084,0.290623,1424257509,1424257509,0.443,0.211,0.0,0.0,0.0,0,0,,,2,8,7,6,8,1,1,3,0
2,326,17,26,1,1,2.699088,884,764,254,252,4,4,2,2457.126221,2104.414551,16,14,255,255,2635672904,1290740356,55,55,0,0,9655.731541,298.238688,1424239780,1424239783,179.9392,201.361531,0.150415,0.080642,0.069773,0,1,,,2,2,2,1,25,1,1,2,1
11,327,12,8,1,1,0.038712,37178,3380,31,29,18,8,2,7535441.5,681959.125,52,42,255,255,1492894423,1493900926,715,80,0,0,46.61408,1.981548,1421933867,1421933867,0.751118,0.924439,0.000959,0.000807,0.000152,0,0,0.0,0.0,0,8,10,3,4,1,1,2,0
17,328,18,137,1,1,0.002881,320,1930,31,29,1,2,5,741409.25,4690038.0,6,8,255,255,1539002015,3688111420,53,241,0,0,28.174332,0.545346,1424259719,1424259719,0.5138,0.334571,0.000683,0.000536,0.000147,0,0,,,2,2,2,2,4,1,1,2,0
10,329,10,138,1,1,0.032793,2750,27398,31,29,7,16,2,655749.6875,6544811.5,44,48,255,255,1129899378,1179223937,63,571,0,0,55.364448,49.752105,1424235838,1424235838,0.772905,0.701913,0.001181,0.000502,0.000679,0,0,,,2,14,9,3,3,1,1,2,0
0,330,19,139,1,1,0.048984,3390,44558,31,29,7,22,2,543851.0625,7151723.0,56,58,255,255,2402449181,253155785,61,768,0,0,58.609867,56.697719,1424254545,1424254545,0.901389,0.849632,0.000669,0.000545,0.000124,0,0,,,2,2,1,2,3,1,1,1,0
6,331,16,8,1,1,2.231385,165993,2632,62,252,68,8,4,590933.4375,9188.912109,142,38,255,255,2545421470,2534959802,1169,69,0,0,1687.246849,95.689641,1424245703,1424245706,15.938465,59.942242,0.062276,0.007813,0.054463,0,1,,,2,2,1,1,2,2,1,1,1
2,332,15,10,1,1,0.653497,564,354,254,252,2,1,2,6218.850586,3794.967773,10,8,255,255,217589281,1977957189,56,44,0,0,5362.670868,141.569562,1424236942,1424236943,71.579778,90.866,0.032828,0.017426,0.015402,0,1,,,2,6,6,1,1,1,1,6,1
9,8,15,6,14,2,4e-06,200,0,254,0,0,0,2,200000000.0,0.0,2,0,0,0,0,0,100,0,0,0,0.0,0.0,1424258816,1424258816,0.004,0.0,0.0,0.0,0.0,0,2,,,2,7,7,4,6,4,4,7,1
8,333,12,140,1,1,0.005218,4328,2456,31,29,7,7,2,6267535.5,3556918.25,18,18,255,255,4084437200,1938046623,240,136,0,0,14.296862,0.365622,1424261549,1424261549,0.288235,0.277882,0.000611,0.000489,0.000122,0,0,,,2,6,6,5,5,1,1,4,0
19,5,21,0,0,2,7e-06,264,0,60,0,0,0,0,150857136.0,0.0,2,0,0,0,0,0,132,0,0,0,0.0,0.0,1424261765,1424261765,0.007,0.0,0.0,0.0,0.0,0,0,,,2,23,23,19,19,19,19,23,0
9,334,17,33,1,1,1.62589,23198,440,254,252,9,1,2,109389.9297,1948.471313,24,10,255,255,106700886,4118767092,967,44,0,0,5671.431352,229.220313,1424249299,1424249301,65.635959,166.336563,0.225224,0.128857,0.096367,0,1,,,2,2,1,1,2,1,1,6,1
3,335,24,4,1,1,3.13774,1634,3282,62,252,3,3,3,3819.30957,7671.76416,12,12,255,255,3159337283,615322296,136,274,1,625,19294.30359,472.696781,1424249394,1424249397,285.242545,274.852469,0.200583,0.114355,0.086228,0,1,1.0,,2,2,2,2,2,1,1,1,1
3,5,3,0,0,2,8e-06,114,0,254,0,0,0,0,57000000.0,0.0,2,0,0,0,0,0,57,0,0,0,0.0,0.0,1424232087,1424232087,0.008,0.0,0.0,0.0,0.0,0,2,,,2,45,45,43,43,43,18,45,1
3,5,14,0,0,2,9e-06,114,0,254,0,0,0,0,50666664.0,0.0,2,0,0,0,0,0,57,0,0,0,0.0,0.0,1424247332,1424247332,0.009,0.0,0.0,0.0,0.0,0,2,,,2,36,36,14,14,14,14,36,1
14,336,8,0,0,0,0.001045,146,178,31,29,0,0,0,558851.625,681339.6875,2,2,0,0,0,0,73,89,0,0,0.0,0.0,1424244427,1424244427,0.006,0.007,0.0,0.0,0.0,0,0,,,2,2,3,1,2,2,1,1,0
6,337,17,141,1,0,0.288772,172,86,254,60,1,1,2,3573.753906,1191.251343,4,2,255,255,114043597,1121700712,43,43,0,0,5271.279459,0.0,1424235179,1424235179,96.257333,0.007,0.288761,0.116993,0.171768,0,0,,,2,6,10,4,4,3,1,6,0
2,5,3,0,0,2,9e-06,114,0,254,0,0,0,0,50666664.0,0.0,2,0,0,0,0,0,57,0,0,0,0.0,0.0,1424239057,1424239057,0.009,0.0,0.0,0.0,0.0,0,2,,,2,35,35,20,20,20,20,35,1
15,5,5,0,0,2,7e-06,264,0,60,0,0,0,0,150857136.0,0.0,2,0,0,0,0,0,132,0,0,0,0.0,0.0,1424253006,1424253006,0.007,0.0,0.0,0.0,0.0,0,0,,,2,40,40,19,19,19,19,40,0
17,338,12,9,1,1,0.00425,1064,2260,31,29,4,4,2,1837176.375,3900235.0,12,12,255,255,2323958140,2324295663,89,188,0,0,17.639113,0.402459,1424240472,1424240472,0.354,0.328545,0.000773,0.000626,0.000147,0,0,,,2,1,1,1,1,1,1,1,0
11,339,10,142,1,1,0.288361,8928,320,31,29,4,1,5,230017.2188,7407.381348,14,6,255,255,2249740864,3385589607,638,53,0,0,1815.80653,73.111867,1421937467,1421937467,22.181616,57.524398,0.000722,0.000588,0.000134,0,0,0.0,0.0,0,3,3,2,4,1,1,2,0
3,2,3,0,0,2,9e-06,114,0,254,0,0,0,0,50666664.0,0.0,2,0,0,0,0,0,57,0,0,0,0.0,0.0,1424231966,1424231966,0.009,0.0,0.0,0.0,0.0,0,2,,,2,37,37,25,25,25,25,37,1
14,340,13,143,1,1,0.002816,320,1940,31,29,1,2,5,758522.75,4823863.5,6,8,255,255,3194844371,1049006192,53,243,0,0,27.569665,0.527599,1424246314,1424246314,0.4996,0.327857,0.000641,0.000517,0.000124,0,0,,,2,3,4,3,4,1,1,8,0
11,341,12,10,0,0,0.004994,568,320,31,29,0,0,2,682418.9375,384461.375,4,4,0,0,0,0,142,80,0,0,1.835887,1.615032,1424258367,1424258367,1.303667,1.149,0.0,0.0,0.0,0,0,,,2,6,6,4,5,1,1,2,0
3,342,6,12,0,2,1.2e-05,1064,0,254,0,0,0,2,354666656.0,0.0,2,0,0,0,0,0,532,0,0,0,0.0,0.0,1421933490,1421933490,0.012,0.0,0.0,0.0,0.0,0,2,0.0,0.0,0,6,5,3,3,2,1,2,1
2,5,3,0,0,2,9e-06,114,0,254,0,0,0,0,50666664.0,0.0,2,0,0,0,0,0,57,0,0,0,0.0,0.0,1424237479,1424237479,0.009,0.0,0.0,0.0,0.0,0,2,,,2,44,44,20,20,20,20,44,1
11,343,0,144,1,1,0.223789,8928,320,31,29,4,1,5,296386.3125,9544.705078,14,6,255,255,3525700653,2544579154,638,53,0,0,1553.701034,66.200414,1421929648,1421929649,17.214539,44.615602,0.000617,0.000485,0.000132,0,0,0.0,0.0,0,2,2,8,2,1,1,2,0
3,344,11,10,1,1,1.5739,564,354,254,252,2,1,2,2582.12085,1575.703735,10,8,255,255,195428648,2893312952,56,44,0,0,11825.69778,298.039188,1421927867,1421927868,168.045333,207.381719,0.205121,0.122224,0.082897,0,1,0.0,0.0,0,3,1,1,1,1,1,1,1
5,5,5,0,0,2,6e-06,264,0,60,0,0,0,0,176000000.0,0.0,2,0,0,0,0,0,132,0,0,0,0.0,0.0,1424238954,1424238954,0.006,0.0,0.0,0.0,0.0,0,0,,,2,22,22,8,8,8,8,22,0
1,345,8,9,1,1,0.0058,2054,2478,31,29,6,6,2,2704827.5,3275862.0,22,24,255,255,4178439892,4178714903,93,103,0,0,16.174709,14.288116,1424222303,1424222303,0.259667,0.229174,0.000631,0.000521,0.00011,0,0,,,2,7,3,2,3,2,1,2,0
2,5,2,0,0,2,9e-06,114,0,254,0,0,0,0,50666664.0,0.0,2,0,0,0,0,0,57,0,0,0,0.0,0.0,1424254941,1424254941,0.009,0.0,0.0,0.0,0.0,0,2,,,2,18,18,18,18,18,18,19,1
12,346,18,1,1,0,1.65597,2610,3164,31,29,10,13,1,12338.3877,14942.29981,46,44,255,255,2930554517,3300523847,57,72,0,0,2621.184755,77.592172,1421945484,1421945486,36.799332,33.10607,0.000658,0.000519,0.000139,0,0,0.0,1.0,3,2,2,2,2,2,2,2,0
13,347,8,145,1,1,0.021085,2646,24330,31,29,7,15,2,980033.1875,9021769.0,42,44,255,255,39943690,2185625945,63,553,0,0,0.0,37.521932,1421941427,1421941427,0.505415,0.475837,0.000772,0.00062,0.000152,0,0,0.0,0.0,0,5,10,6,3,1,1,2,0
2,8,15,6,3,2,9e-06,200,0,254,0,0,0,2,88888888.0,0.0,2,0,0,0,0,0,100,0,0,0,0.0,0.0,1424244443,1424244443,0.009,0.0,0.0,0.0,0.0,0,2,,,2,7,7,4,4,4,4,12,1
11,348,8,0,0,0,0.00101,146,178,31,29,0,0,0,578217.8125,704950.5,2,2,0,0,0,0,73,89,0,0,0.0,0.0,1421960824,1421960824,0.004,0.009,0.0,0.0,0.0,0,0,0.0,0.0,0,3,2,4,3,2,1,2,0
0,349,0,0,0,0,0.001138,146,178,31,29,0,0,0,513181.0,625659.0,2,2,0,0,0,0,73,89,0,0,0.0,0.0,1424229817,1424229817,0.009,0.008,0.0,0.0,0.0,0,0,,,2,4,2,1,3,1,1,1,0
10,350,4,7,1,1,0.561027,13246,548216,31,29,21,197,2,188069.3906,7799482.0,230,438,255,255,1792220266,3945873709,58,1252,0,0,550.620896,396.365296,1424254404,1424254405,2.459307,1.282746,0.000719,0.000463,0.000256,0,0,,,2,5,5,4,2,2,1,3,0
7,5,7,0,0,2,9e-06,264,0,60,0,0,0,0,117333328.0,0.0,2,0,0,0,0,0,132,0,0,0,0.0,0.0,1424246169,1424246169,0.009,0.0,0.0,0.0,0.0,0,0,,,2,31,31,21,21,21,21,31,0
14,351,20,0,0,0,0.001006,132,164,31,29,0,0,0,524850.9375,652087.5,2,2,0,0,0,0,66,82,0,0,0.0,0.0,1424252179,1424252179,0.008,0.007,0.0,0.0,0.0,0,0,,,2,2,3,10,13,2,1,7,0
11,352,0,0,0,0,0.001049,130,162,31,29,0,0,0,495710.2188,617731.1875,2,2,0,0,0,0,65,81,0,0,0.0,0.0,1421948467,1421948467,0.007,0.008,0.0,0.0,0.0,0,0,0.0,0.0,0,4,2,3,8,1,1,1,0
8,353,18,146,1,1,0.034049,3302,35712,31,29,7,21,2,761490.75,8241064.0,54,56,255,255,88485588,2238361636,61,638,0,0,38.683468,37.073328,1421964638,1421964638,0.635509,0.609309,0.000652,0.000526,0.000126,0,0,0.0,0.0,0,4,11,5,3,1,1,1,0
2,5,3,0,0,2,3e-06,114,0,254,0,0,0,0,152000000.0,0.0,2,0,0,0,0,0,57,0,0,0,0.0,0.0,1424239016,1424239016,0.003,0.0,0.0,0.0,0.0,0,2,,,2,36,36,17,17,17,17,36,1
11,354,1,147,1,1,0.062973,3926,55074,31,29,7,27,2,491258.1563,6893748.0,66,68,255,255,3441879487,3442151808,59,810,0,0,60.88244,59.447768,1424230892,1424230892,0.978906,0.923657,0.001193,0.001078,0.000115,0,0,,,2,6,2,2,5,1,1,2,0
12,355,8,4,1,1,1.134222,1684,10168,31,29,3,5,3,11031.34961,67739.82031,14,18,255,255,2871727061,2872800309,120,565,0,0,8851.102389,7749.945705,1424233593,1424233594,87.220231,66.691176,0.000598,0.000468,0.00013,0,0,,,2,1,3,1,1,1,1,2,0
14,356,20,30,1,1,2.095817,12648,13202,31,29,35,33,6,47897.30859,49989.09375,126,124,255,255,260547444,260874543,100,106,0,0,1320.48849,1341.429688,1424234885,1424234887,16.766536,17.314662,0.000779,0.000622,0.000157,0,0,,,2,2,2,4,2,2,2,2,0
2,2,3,0,0,2,2e-06,114,0,254,0,0,0,0,228000000.0,0.0,2,0,0,0,0,0,57,0,0,0,0.0,0.0,1424237484,1424237484,0.002,0.0,0.0,0.0,0.0,0,2,,,2,6,6,6,6,6,4,6,1
1,357,4,0,0,0,0.001054,146,178,31,29,0,0,0,554079.6875,675521.8125,2,2,0,0,0,0,73,89,0,0,0.0,0.0,1421944559,1421944559,0.008,0.009,0.0,0.0,0.0,0,0,0.0,0.0,0,3,3,1,3,1,1,1,0
4,358,0,9,1,1,0.596089,2048,2410,31,29,6,7,2,26345.05859,31109.44727,24,26,255,255,3095307462,3091408284,85,93,0,0,1732.757719,0.0,1421941053,1421941053,25.902392,23.82036,0.000695,0.000571,0.000124,0,0,0.0,0.0,0,5,12,6,4,1,1,1,0
14,359,13,148,1,1,0.011856,2230,14952,31,29,7,11,2,1460863.75,9809042.0,34,36,255,255,2245283790,2245582132,66,415,0,0,21.582538,19.9508,1424226534,1424226534,0.384767,0.330765,0.000763,0.000601,0.000162,0,0,,,2,7,3,1,2,1,1,1,0
2,5,3,0,0,2,1.1e-05,114,0,254,0,0,0,0,41454544.0,0.0,2,0,0,0,0,0,57,0,0,0,0.0,0.0,1424239609,1424239609,0.011,0.0,0.0,0.0,0.0,0,2,,,2,34,34,14,14,14,14,34,1
6,8,17,6,19,2,5e-06,200,0,254,0,0,0,2,160000000.0,0.0,2,0,0,0,0,0,100,0,0,0,0.0,0.0,1424223170,1424223170,0.005,0.0,0.0,0.0,0.0,0,2,,,2,3,3,1,1,1,1,3,1
2,2,3,0,0,2,4e-06,114,0,254,0,0,0,0,114000000.0,0.0,2,0,0,0,0,0,57,0,0,0,0.0,0.0,1421931439,1421931439,0.004,0.0,0.0,0.0,0.0,0,2,0.0,0.0,0,5,5,1,1,1,1,1,1
0,360,18,7,1,1,0.215926,1540,1644,31,29,4,4,2,53499.80859,57538.23047,16,18,255,255,921830621,961696061,96,91,0,0,1010.989195,22.93982,1421928160,1421928161,14.371334,12.673941,0.000635,0.000468,0.000167,0,0,0.0,0.0,0,13,18,7,7,5,1,5,0
13,361,20,149,1,1,0.019555,2750,27602,31,29,7,16,2,1099667.625,11046586.0,44,46,255,255,3397575663,1263315149,63,600,0,0,26.924322,26.444343,1424227037,1424227037,0.44686,0.433432,0.000603,0.000481,0.000122,0,0,,,2,13,5,3,5,1,1,3,0
6,2,6,0,0,2,9e-06,114,0,254,0,0,0,0,50666664.0,0.0,2,0,0,0,0,0,57,0,0,0,0.0,0.0,1424259199,1424259199,0.009,0.0,0.0,0.0,0.0,0,2,,,2,30,30,19,19,19,8,30,1
1,362,1,0,0,0,0.001083,146,178,31,29,0,0,0,539242.875,657433.0625,2,2,0,0,0,0,73,89,0,0,0.0,0.0,1421940230,1421940230,0.01,0.008,0.0,0.0,0.0,0,0,0.0,0.0,0,4,1,3,2,1,1,2,0
17,363,20,150,1,1,0.409473,5184,3080,31,29,7,7,2,97667.0,58182.10156,28,30,255,255,2908538918,973156221,185,103,0,0,882.232352,22.806412,1421951432,1421951433,15.152148,14.098552,0.000762,0.000611,0.000151,0,0,0.0,0.0,0,4,7,5,1,1,1,1,0
12,364,12,4,1,1,1.137775,1684,10168,31,29,3,5,3,10996.90234,67528.29688,14,18,255,255,2273134352,128328517,120,565,1,3924,8819.072501,7723.796163,1424243750,1424243751,87.492844,66.899824,0.012422,0.000475,0.011947,0,0,1.0,,2,3,2,2,2,2,1,4,0
2,5,2,0,0,2,3e-06,114,0,254,0,0,0,0,152000000.0,0.0,2,0,0,0,0,0,57,0,0,0,0.0,0.0,1424254098,1424254098,0.003,0.0,0.0,0.0,0.0,0,2,,,2,2,2,2,3,2,2,2,1
2,5,3,0,0,2,8e-06,114,0,254,0,0,0,0,57000000.0,0.0,2,0,0,0,0,0,57,0,0,0,0.0,0.0,1424239082,1424239082,0.008,0.0,0.0,0.0,0.0,0,2,,,2,45,45,44,44,44,20,45,1
3,2,3,0,0,2,9e-06,114,0,254,0,0,0,0,50666664.0,0.0,2,0,0,0,0,0,57,0,0,0,0.0,0.0,1424233680,1424233680,0.009,0.0,0.0,0.0,0.0,0,2,,,2,27,27,27,28,27,12,27,1
0,365,20,8,1,1,0.161915,37866,3380,31,29,19,8,4,1836272.125,163048.5156,54,42,255,255,1209714490,3356038714,701,80,0,0,351.947785,12.323801,1421959436,1421959436,3.048491,3.937293,0.000616,0.000483,0.000133,0,0,0.0,0.0,0,1,2,1,1,1,1,1,0
3,2,3,0,0,2,9e-06,114,0,254,0,0,0,0,50666664.0,0.0,2,0,0,0,0,0,57,0,0,0,0.0,0.0,1424232391,1424232391,0.009,0.0,0.0,0.0,0.0,0,2,,,2,31,31,25,26,25,25,31,1
3,2,3,0,0,2,5e-06,114,0,254,0,0,0,0,91200000.0,0.0,2,0,0,0,0,0,57,0,0,0,0.0,0.0,1424232138,1424232138,0.005,0.0,0.0,0.0,0.0,0,2,,,2,27,27,9,9,9,9,27,1
13,366,13,7,1,1,1.592886,1540,1644,31,29,4,4,2,7252.245605,7799.679688,16,18,255,255,165777559,2360663685,96,91,0,0,6597.182734,174.658859,1421954194,1421954196,106.170069,93.634883,0.00125,0.001082,0.000168,0,0,0.0,0.0,0,8,17,8,5,5,1,5,0
2,367,17,10,0,2,4e-06,168,0,254,0,0,0,2,168000000.0,0.0,2,0,0,0,0,0,84,0,0,0,0.0,0.0,1424225888,1424225888,0.004,0.0,0.0,0.0,0.0,0,2,,,2,1,1,1,2,1,1,1,1
1,368,1,151,1,1,0.014958,2230,15258,31,29,7,11,2,1157908.875,7934216.0,34,36,255,255,3292125068,3303753492,66,424,0,0,27.92916,26.301467,1424233680,1424233680,0.443485,0.413514,0.000604,0.000482,0.000122,0,0,,,2,5,3,3,6,1,1,2,0
6,369,15,12,0,2,5e-06,78,0,254,0,0,0,2,62400000.0,0.0,2,0,0,0,0,0,39,0,0,0,0.0,0.0,1424235437,1424235437,0.005,0.0,0.0,0.0,0.0,0,2,,,2,7,8,5,4,3,2,7,1
2,370,2,152,1,1,0.661576,364,6166,62,252,1,3,5,3857.455566,67112.47656,8,10,255,255,4012359668,2593799082,46,617,0,0,6513.411776,5950.253877,1421932141,1421932142,94.510859,68.238111,0.089866,0.046729,0.043137,0,1,0.0,0.0,0,1,1,2,8,1,1,2,1
2,2,3,0,0,2,9e-06,114,0,254,0,0,0,0,50666664.0,0.0,2,0,0,0,0,0,57,0,0,0,0.0,0.0,1424239139,1424239139,0.009,0.0,0.0,0.0,0.0,0,2,,,2,39,39,24,24,24,24,39,1
4,371,8,9,1,1,0.004347,1470,1728,31,29,5,4,2,2583851.0,2953761.25,22,14,255,255,2203193404,2203498417,67,123,0,0,12.745592,0.36123,1424236473,1424236473,0.207,0.275615,0.00078,0.000639,0.000141,0,0,,,2,3,8,3,1,1,1,1,0
12,372,13,7,1,1,0.231538,9298,372934,31,29,15,134,2,319256.4688,12842505.0,158,300,255,255,1450608447,3599465761,59,1243,0,0,82.684301,44.27931,1421971670,1421971670,1.472739,0.77289,0.000569,0.000441,0.000128,0,0,0.0,0.0,0,10,18,8,9,7,1,8,0
3,164,15,14,0,2,1e-05,1390,0,254,0,0,0,2,556000000.0,0.0,2,0,0,0,0,0,695,0,0,0,0.0,0.0,1424231476,1424231476,0.01,0.0,0.0,0.0,0.0,0,2,,,2,3,2,2,28,2,2,2,1
10,373,13,153,1,1,0.026874,3614,47158,31,29,7,24,2,1057974.25,13812012.0,60,62,255,255,2389586604,240317444,60,761,0,0,23.630936,22.701134,1421969349,1421969349,0.450136,0.430902,0.000704,0.000566,0.000138,0,0,0.0,0.0,0,3,2,1,3,1,1,1,0
2,374,2,4,1,1,0.996042,816,9066,62,252,2,4,3,5903.365234,66752.20313,10,12,255,255,414539060,1088841433,82,756,1,4039,5843.756596,0.0,1424231192,1424231193,110.568333,74.658091,0.2424,0.174787,0.067613,0,1,1.0,,2,1,1,1,1,1,1,1,1
3,2,14,0,0,2,1e-05,114,0,254,0,0,0,0,45600000.0,0.0,2,0,0,0,0,0,57,0,0,0,0.0,0.0,1424247893,1424247893,0.01,0.0,0.0,0.0,0.0,0,2,,,2,39,39,39,39,39,22,39,1
1,375,20,4,1,1,1.006987,1580,10168,31,29,3,5,2,11511.56934,76298.89844,12,18,255,255,3500982916,1352423339,132,565,2,192,9529.459477,7675.618014,1421945030,1421945031,91.510456,59.202531,0.000675,0.00054,0.000135,0,0,6.0,0.0,0,5,13,14,6,6,6,6,0
11,376,13,10,0,0,0.005353,568,312,31,29,0,0,2,636652.3125,349710.4375,4,4,0,0,0,0,142,78,0,0,1.996398,1.841779,1421931813,1421931813,1.416667,1.307333,0.0,0.0,0.0,0,0,0.0,0.0,0,5,6,4,5,1,1,3,0
9,8,15,6,3,2,5e-06,200,0,254,0,0,0,2,160000000.0,0.0,2,0,0,0,0,0,100,0,0,0,0.0,0.0,1424258864,1424258864,0.005,0.0,0.0,0.0,0.0,0,2,,,2,6,6,3,7,3,3,6,1
8,377,1,154,1,1,0.042134,2438,18678,31,29,7,13,2,450752.3438,3457919.75,38,40,255,255,2295769694,183529522,64,467,0,0,70.512554,68.655815,1424243603,1424243603,1.129946,1.066333,0.000685,0.000544,0.000141,0,0,,,2,9,5,2,2,1,1,2,0
3,2,14,0,0,2,9e-06,114,0,254,0,0,0,0,50666664.0,0.0,2,0,0,0,0,0,57,0,0,0,0.0,0.0,1424246233,1424246233,0.009,0.0,0.0,0.0,0.0,0,2,,,2,26,26,17,17,17,17,26,1
3,8,11,6,20,2,8e-06,200,0,254,0,0,0,2,100000000.0,0.0,2,0,0,0,0,0,100,0,0,0,0.0,0.0,1424230258,1424230258,0.008,0.0,0.0,0.0,0.0,0,2,,,2,2,2,2,20,2,2,2,1
12,378,0,4,1,1,1.234088,1684,10168,31,29,3,5,3,10138.66113,62258.125,14,18,255,255,2584138140,2600766170,120,565,1,3924,8859.476771,7757.402012,1424235039,1424235040,94.902,72.561118,0.000686,0.000546,0.00014,0,0,1.0,,2,2,3,3,1,1,1,3,0
16,2,21,0,0,2,9e-06,264,0,60,0,0,0,0,117333328.0,0.0,2,0,0,0,0,0,132,0,0,0,0.0,0.0,1424224510,1424224510,0.009,0.0,0.0,0.0,0.0,0,0,,,2,31,31,16,16,16,8,31,0
0,379,1,155,0,0,0.036135,528,304,31,29,0,0,2,87671.23438,50477.37891,4,4,0,0,0,0,132,76,0,0,10.395413,10.837118,1421957128,1421957128,7.359667,7.668,0.0,0.0,0.0,0,0,0.0,0.0,0,5,10,7,3,1,1,3,0
3,2,14,0,0,2,9e-06,114,0,254,0,0,0,0,50666664.0,0.0,2,0,0,0,0,0,57,0,0,0,0.0,0.0,1424246671,1424246671,0.009,0.0,0.0,0.0,0.0,0,2,,,2,28,28,28,28,28,18,28,1
6,380,2,33,1,1,2.347485,2574,354,254,252,2,1,2,7896.109863,1056.449707,10,8,255,255,1013939662,3063758085,257,44,0,0,18756.683,692.474687,1424261916,1424261919,260.721,321.450281,0.154164,0.09733,0.056834,0,1,,,2,2,2,1,17,1,1,2,1
3,2,3,0,0,2,8e-06,114,0,254,0,0,0,0,57000000.0,0.0,2,0,0,0,0,0,57,0,0,0,0.0,0.0,1424232022,1424232022,0.008,0.0,0.0,0.0,0.0,0,2,,,2,24,24,23,23,23,23,24,1
1,381,20,10,0,0,0.004541,568,304,31,29,0,0,2,750495.5,401673.6563,4,4,0,0,0,0,142,76,0,0,1.707665,1.42482,1421961816,1421961816,1.215,1.015,0.0,0.0,0.0,0,0,0.0,0.0,0,5,8,4,3,1,1,3,0
6,2,9,0,0,2,3e-06,114,0,254,0,0,0,0,152000000.0,0.0,2,0,0,0,0,0,57,0,0,0,0.0,0.0,1424224470,1424224470,0.003,0.0,0.0,0.0,0.0,0,2,,,2,29,29,17,17,17,8,29,1
17,382,10,7,1,1,1.74017,13766,548216,31,29,21,197,2,63023.72656,2514536.0,240,438,255,255,1310256995,3464250444,57,1252,0,0,2331.220589,1720.225373,1424243577,1424243578,7.310336,3.981039,0.00058,0.000453,0.000127,0,0,,,2,15,12,5,5,3,1,9,0
11,383,20,156,1,1,0.017102,2766,27392,31,29,7,16,2,1264881.375,12535143.0,44,46,255,255,3435737868,1298879606,63,595,0,0,0.0,25.20863,1421953008,1421953008,0.399476,0.368311,0.00069,0.000525,0.000165,0,0,0.0,0.0,0,9,5,4,4,1,1,2,0
14,384,13,0,0,0,0.001124,146,178,31,29,0,0,0,519572.9688,633452.0,2,2,0,0,0,0,73,89,0,0,0.0,0.0,1424251766,1424251766,0.01,0.031,0.0,0.0,0.0,0,0,,,2,3,2,2,4,2,2,2,0
3,385,15,1,1,1,1.029127,826,682,254,252,3,4,1,5892.373047,4866.260254,12,12,255,255,912924738,1009229020,69,57,0,0,5211.544579,122.248828,1421928480,1421928481,93.548457,89.718633,0.096686,0.042221,0.054465,0,1,0.0,0.0,0,3,3,1,2,1,1,1,1
7,5,7,0,0,2,9e-06,264,0,60,0,0,0,0,117333328.0,0.0,2,0,0,0,0,0,132,0,0,0,0.0,0.0,1424244684,1424244684,0.009,0.0,0.0,0.0,0.0,0,0,,,2,48,48,45,45,45,22,48,0
9,386,11,4,1,1,0.657406,802,1232,62,252,2,2,3,8786.046875,13118.22559,10,8,255,255,3698185123,2943685905,80,154,1,214,4481.06331,122.1215,1424247293,1424247294,73.045111,86.672711,0.074845,0.02093,0.053915,0,1,1.0,,2,2,2,1,1,1,1,2,0
2,387,3,10,0,2,7e-06,168,0,254,0,0,0,2,96000000.0,0.0,2,0,0,0,0,0,84,0,0,0,0.0,0.0,1424245362,1424245362,0.007,0.0,0.0,0.0,0.0,0,2,,,2,1,1,1,1,1,1,1,1
11,388,13,157,0,0,0.001748,544,304,31,29,0,0,2,1867276.875,1043478.25,4,4,0,0,0,0,136,76,0,0,0.641818,0.29629,1421943968,1421943968,0.460333,0.215,0.0,0.0,0.0,0,0,0.0,0.0,0,5,10,8,3,1,1,3,0
2,8,15,6,21,2,8e-06,200,0,254,0,0,0,2,100000000.0,0.0,2,0,0,0,0,0,100,0,0,0,0.0,0.0,1424244388,1424244388,0.008,0.0,0.0,0.0,0.0,0,2,,,2,12,12,5,5,4,4,16,1
11,389,4,18,1,1,1.177837,7810,15502,31,29,30,32,2,52611.69531,104455.875,122,126,255,255,4224989011,2094435834,64,123,0,0,622.267522,623.38692,1421964885,1421964886,9.675298,9.49433,0.000671,0.000537,0.000134,0,0,0.0,0.0,0,9,9,4,6,1,1,1,0
6,390,16,33,1,1,1.760474,994,842,254,252,3,2,2,4144.338379,3444.526855,12,10,255,255,4056040854,3585464035,83,84,0,0,9510.545413,365.845031,1424241819,1424241821,159.931182,187.661781,0.15045,0.07151,0.07894,0,1,,,2,6,3,3,5,2,1,3,0
3,5,14,0,0,2,1e-05,114,0,254,0,0,0,0,45600000.0,0.0,2,0,0,0,0,0,57,0,0,0,0.0,0.0,1424248068,1424248068,0.01,0.0,0.0,0.0,0.0,0,2,,,2,39,39,39,39,39,17,39,1
17,391,13,8,1,1,0.476948,37226,3276,31,29,18,8,4,612410.5625,53590.75,52,40,255,255,1346315084,1347357725,716,82,0,0,897.893018,30.308531,1424248734,1424248735,9.345294,12.215282,0.000642,0.000548,9.4e-05,0,0,,,2,1,1,6,2,1,1,1,0
6,2,9,0,0,2,3e-06,114,0,254,0,0,0,0,152000000.0,0.0,2,0,0,0,0,0,57,0,0,0,0.0,0.0,1424225601,1424225601,0.003,0.0,0.0,0.0,0.0,0,2,,,2,11,11,3,2,2,2,12,1
3,2,14,0,0,2,8e-06,114,0,254,0,0,0,0,57000000.0,0.0,2,0,0,0,0,0,57,0,0,0,0.0,0.0,1424244921,1424244921,0.008,0.0,0.0,0.0,0.0,0,2,,,2,16,16,16,16,16,16,16,1
2,2,3,0,0,2,9e-06,114,0,254,0,0,0,0,50666664.0,0.0,2,0,0,0,0,0,57,0,0,0,0.0,0.0,1424238582,1424238582,0.009,0.0,0.0,0.0,0.0,0,2,,,2,42,42,28,28,28,14,42,1
12,392,19,4,1,1,1.008078,1684,10168,31,29,3,5,3,12411.73828,76216.32813,14,18,255,255,442890343,444345142,120,565,1,3924,8766.386286,7675.498976,1424260021,1424260023,77.51831,59.268882,0.000642,0.000506,0.000136,0,0,1.0,,2,1,1,3,1,1,1,1,0
17,307,0,158,1,1,0.239594,424,8824,31,29,1,4,5,12387.62207,270090.25,8,12,255,255,681096560,789151536,53,735,0,0,2844.219876,1742.191194,1421961926,1421961927,34.177571,21.734455,0.000726,0.00051,0.000216,0,0,0.0,0.0,0,3,3,6,5,1,1,3,0
7,2,7,0,0,2,7e-06,264,0,60,0,0,0,0,150857136.0,0.0,2,0,0,0,0,0,132,0,0,0,0.0,0.0,1424245071,1424245071,0.007,0.0,0.0,0.0,0.0,0,0,,,2,15,15,15,15,15,15,15,0
0,393,20,0,0,0,0.001115,146,178,31,29,0,0,0,523766.8125,638565.0,2,2,0,0,0,0,73,89,0,0,0.0,0.0,1421941044,1421941044,0.007,0.008,0.0,0.0,0.0,0,0,0.0,0.0,0,3,4,5,5,2,1,3,0
13,394,0,159,1,1,0.116899,4238,65288,31,29,7,30,2,286058.9063,4407634.0,72,74,255,255,1170416524,3320287499,59,882,0,0,95.548939,93.717703,1424225555,1424225555,1.642,1.593671,0.000671,0.000553,0.000118,0,0,,,2,6,5,4,3,1,1,1,0
3,2,3,0,0,2,9e-06,114,0,254,0,0,0,0,50666664.0,0.0,2,0,0,0,0,0,57,0,0,0,0.0,0.0,1424231357,1424231357,0.009,0.0,0.0,0.0,0.0,0,2,,,2,34,34,18,18,18,18,34,1
11,395,12,4,1,1,1.005976,1580,10168,31,29,3,5,3,11523.1377,76375.58594,12,18,255,255,34267444,2184919575,132,565,1,3924,9530.341829,7676.235834,1421943467,1421943468,91.411544,59.143532,0.000679,0.000528,0.000151,0,0,1.0,0.0,0,1,3,3,3,1,1,2,0
1,396,0,160,1,1,0.016912,2854,31360,31,29,7,17,2,1320719.0,14525544.0,46,48,255,255,3870655936,3870948658,62,653,0,0,20.807013,20.22783,1424226794,1424226794,0.368978,0.354826,0.000721,0.000581,0.00014,0,0,,,2,8,4,3,1,1,1,1,0
2,2,2,0,0,2,6e-06,114,0,254,0,0,0,0,76000000.0,0.0,2,0,0,0,0,0,57,0,0,0,0.0,0.0,1424253527,1424253527,0.006,0.0,0.0,0.0,0.0,0,2,,,2,30,30,16,17,16,16,30,1
6,5,9,0,0,2,3e-06,114,0,254,0,0,0,0,152000000.0,0.0,2,0,0,0,0,0,57,0,0,0,0.0,0.0,1424224447,1424224447,0.003,0.0,0.0,0.0,0.0,0,2,,,2,14,14,9,9,9,9,14,1
0,397,0,161,1,1,0.042791,2438,18678,31,29,7,13,2,443831.625,3404828.0,38,40,255,255,4126818502,4155397227,64,467,0,0,0.0,70.839238,1421951781,1421951781,1.147514,1.082564,0.000721,0.000568,0.000153,0,0,0.0,0.0,0,5,9,3,5,1,1,2,0
6,8,15,6,3,2,3e-06,200,0,254,0,0,0,2,266666656.0,0.0,2,0,0,0,0,0,100,0,0,0,0.0,0.0,1424251662,1424251662,0.003,0.0,0.0,0.0,0.0,0,2,,,2,6,6,3,3,3,3,6,1
2,398,6,162,1,1,0.291759,570,3956,62,252,2,3,9,14066.40332,97642.22656,10,10,255,255,279458074,3846495282,57,396,0,0,1617.477131,1979.536045,1424228481,1424228481,32.417667,27.033444,0.085759,0.028264,0.057495,0,1,,,2,1,1,1,1,1,1,1,1
6,399,11,4,1,1,0.569486,818,268,254,252,2,1,3,10353.19531,3146.697021,10,6,255,255,2580646491,3375853857,82,45,1,0,2999.7771,157.527578,1424261702,1424261703,59.030444,101.091203,0.138111,0.064021,0.07409,0,1,1.0,,2,1,1,1,2,1,1,1,1
2,5,3,0,0,2,8e-06,114,0,254,0,0,0,0,57000000.0,0.0,2,0,0,0,0,0,57,0,0,0,0.0,0.0,1424239390,1424239390,0.008,0.0,0.0,0.0,0.0,0,2,,,2,36,36,20,20,20,20,36,1
3,400,24,4,1,1,0.877325,1212,87178,62,252,2,34,3,10504.65918,783910.1875,20,72,255,255,1448422960,2678371162,61,1211,1,0,2328.74512,1299.096025,1424231896,1424231896,46.175,12.369129,0.060435,0.01098,0.049455,0,1,1.0,,2,2,1,1,8,1,1,1,1
0,401,4,30,1,1,0.151754,3728,5474,31,29,7,7,6,190413.4219,276552.8438,32,24,255,255,2695070648,545795159,117,228,0,0,397.895365,13.119117,1421928962,1421928962,4.895291,6.564348,0.000782,0.000621,0.000161,0,0,0.0,0.0,0,2,1,7,1,1,1,1,0
3,5,14,0,0,2,6e-06,114,0,254,0,0,0,0,76000000.0,0.0,2,0,0,0,0,0,57,0,0,0,0.0,0.0,1424245713,1424245713,0.006,0.0,0.0,0.0,0.0,0,2,,,2,31,31,18,17,17,17,31,1
9,8,3,6,13,2,12.853813,2184,0,254,0,0,0,2,1326.921387,0.0,42,0,0,0,0,0,52,0,0,0,340.910781,0.0,1424252416,1424252429,313.507625,0.0,0.0,0.0,0.0,0,2,,,2,1,1,1,4,1,1,1,1
12,402,8,163,1,1,0.153214,4862,77388,31,29,7,36,2,250890.9219,3993838.75,84,86,255,255,699591314,2944706552,58,900,0,0,95.340496,93.807691,1424231940,1424231940,1.842145,1.796671,0.000641,0.000493,0.000148,0,0,,,2,5,3,2,3,1,1,1,0
2,2,3,0,0,2,1e-05,114,0,254,0,0,0,0,45600000.0,0.0,2,0,0,0,0,0,57,0,0,0,0.0,0.0,1424239595,1424239595,0.01,0.0,0.0,0.0,0.0,0,2,,,2,30,30,24,24,24,24,30,1
15,5,5,0,0,2,9e-06,264,0,60,0,0,0,0,117333328.0,0.0,2,0,0,0,0,0,132,0,0,0,0.0,0.0,1424254989,1424254989,0.009,0.0,0.0,0.0,0.0,0,0,,,2,14,14,14,14,14,14,14,0
13,403,0,164,1,1,0.048885,2542,22072,31,29,7,14,2,405686.8125,3526153.25,40,42,255,255,3000616797,1006203116,64,526,0,0,73.386947,72.125029,1421967210,1421967210,1.243821,1.178756,0.000709,0.000553,0.000156,0,0,0.0,0.0,0,3,6,5,1,1,1,1,0
6,404,3,10,1,1,1.520903,564,354,254,252,2,1,2,2672.09668,1630.610229,10,8,255,255,3116439955,4083405786,56,44,0,0,10327.58931,289.276687,1424249181,1424249183,168.989222,202.696281,0.168679,0.102002,0.066677,0,1,,,2,4,1,1,2,1,1,1,1
1,405,0,0,0,0,0.001072,146,178,31,29,0,0,0,544776.125,664179.125,2,2,0,0,0,0,73,89,0,0,0.0,0.0,1421956764,1421956764,0.011,0.009,0.0,0.0,0.0,0,0,0.0,0.0,0,3,4,2,3,3,1,1,0
2,5,2,0,0,2,1.9e-05,114,0,254,0,0,0,0,24000002.0,0.0,2,0,0,0,0,0,57,0,0,0,0.0,0.0,1424252738,1424252738,0.019,0.0,0.0,0.0,0.0,0,2,,,2,31,31,31,31,31,16,31,1
3,5,3,0,0,2,5e-06,114,0,254,0,0,0,0,91200000.0,0.0,2,0,0,0,0,0,57,0,0,0,0.0,0.0,1424233588,1424233588,0.005,0.0,0.0,0.0,0.0,0,2,,,2,33,33,18,18,18,18,33,1
4,406,1,165,1,1,0.019055,2750,25314,31,29,7,15,2,1128522.75,10375020.0,44,42,255,255,367617530,2513250482,63,603,0,0,29.547866,0.827871,1424238621,1424238621,0.43507,0.46315,0.000647,0.000526,0.000121,0,0,,,2,2,2,4,2,1,1,1,0
8,407,0,166,1,1,0.224474,424,8824,31,29,1,4,5,13222.02148,288282.8438,8,12,255,255,161092762,2404875571,53,735,0,0,2180.406789,1734.130772,1421970132,1421970133,32.018144,20.357364,0.000699,0.000538,0.000161,0,0,0.0,0.0,0,1,1,1,2,1,1,1,0
2,2,2,0,0,2,4e-06,114,0,254,0,0,0,0,114000000.0,0.0,2,0,0,0,0,0,57,0,0,0,0.0,0.0,1424252035,1424252035,0.004,0.0,0.0,0.0,0.0,0,2,,,2,27,27,12,15,12,12,27,1
10,408,10,4,1,1,1.121814,1684,10168,31,29,3,5,3,11153.36426,68489.07031,14,18,255,255,2242283426,2243357587,120,565,1,3924,8820.551339,7723.498939,1424251771,1424251772,86.267846,65.959235,0.000661,0.000503,0.000158,0,0,1.0,,2,2,1,2,4,1,1,4,0
2,8,6,6,22,2,9e-06,200,0,254,0,0,0,2,88888888.0,0.0,2,0,0,0,0,0,100,0,0,0,0.0,0.0,1424237294,1424237294,0.009,0.0,0.0,0.0,0.0,0,2,,,2,8,8,3,4,3,3,8,1
3,2,14,0,0,2,9e-06,114,0,254,0,0,0,0,50666664.0,0.0,2,0,0,0,0,0,57,0,0,0,0.0,0.0,1424247901,1424247901,0.009,0.0,0.0,0.0,0.0,0,2,,,2,36,36,19,19,19,19,36,1
13,409,10,167,1,1,0.102149,4014,61374,31,29,7,28,2,309743.5938,4738020.0,68,70,255,255,271663933,2431570876,59,877,0,0,0.0,84.4498,1424245526,1424245526,1.566708,1.470246,0.000831,0.000699,0.000132,0,0,,,2,4,2,2,2,1,1,1,0
14,410,1,0,0,0,0.001074,146,178,31,29,0,0,0,543761.625,662942.25,2,2,0,0,0,0,73,89,0,0,0.0,0.0,1421931929,1421931929,0.01,0.008,0.0,0.0,0.0,0,0,0.0,0.0,0,2,1,4,1,1,1,1,0
14,411,12,168,0,0,0.001653,520,304,31,29,0,0,2,1887477.25,1103448.25,4,4,0,0,0,0,130,76,0,0,0.595856,0.271061,1424257537,1424257537,0.426333,0.196667,0.0,0.0,0.0,0,0,,,2,15,17,5,7,1,1,5,0
2,412,16,4,1,1,0.799888,924,354,254,252,2,1,2,8321.165039,3100.434082,10,8,255,255,1904085464,1761697572,92,44,0,0,5000.916602,179.862234,1421933317,1421933318,86.980778,102.195711,0.143478,0.084511,0.058967,0,1,0.0,0.0,0,1,3,1,1,1,1,1,1
14,413,20,0,0,0,0.00103,146,178,31,29,0,0,0,566990.25,691262.125,2,2,0,0,0,0,73,89,0,0,0.0,0.0,1421936863,1421936863,0.011,0.003,0.0,0.0,0.0,0,0,0.0,0.0,0,3,2,5,4,1,1,4,0
14,414,4,8,1,1,0.424886,37850,3380,31,29,19,8,4,699481.75,62134.31641,54,42,255,255,533164724,2683708690,701,80,0,0,748.357942,24.850814,1424244760,1424244760,8.163538,10.349805,0.00069,0.00054,0.00015,0,0,,,2,1,1,2,2,1,1,2,0
4,415,18,0,0,0,0.00105,146,178,31,29,0,0,0,556190.5,678095.25,2,2,0,0,0,0,73,89,0,0,0.0,0.0,1424256118,1424256118,0.008,0.005,0.0,0.0,0.0,0,0,,,2,4,1,2,9,2,1,3,0
12,416,4,10,0,0,0.005951,568,304,31,29,0,0,2,572676.875,306503.125,4,4,0,0,0,0,142,76,0,0,2.303048,2.085966,1421936144,1421936144,1.636,1.483,0.0,0.0,0.0,0,0,0.0,0.0,0,10,10,5,6,1,1,3,0
13,417,19,9,1,1,2.294361,12144,27624,31,29,39,45,2,42054.41016,95695.48438,146,154,255,255,422380771,422697909,83,179,0,0,1173.053366,1143.201361,1421966038,1421966040,15.820793,14.992065,0.0007,0.000564,0.000136,0,0,0.0,0.0,0,1,3,2,1,1,1,1,0
12,418,13,0,0,0,0.001151,146,178,31,29,0,0,0,507384.875,618592.5,2,2,0,0,0,0,73,89,0,0,0.0,0.0,1421940892,1421940892,0.011,0.009,0.0,0.0,0.0,0,0,0.0,0.0,0,3,2,3,4,1,1,1,0
6,419,2,4,1,1,0.426527,812,1090,62,252,2,2,2,13710.73828,17893.35742,10,8,255,255,2250743492,3431004110,81,136,0,0,2512.328398,71.893906,1421933524,1421933525,47.391889,53.815855,0.117493,0.049125,0.068368,0,1,0.0,0.0,0,9,6,2,4,3,1,2,0
3,420,24,8,1,1,1.525212,13592,1802,62,252,11,8,4,68748.47656,8979.735352,28,20,255,255,3435340475,346048231,485,90,0,0,3175.570295,86.658039,1424228338,1424228339,56.456521,75.705734,0.144568,0.086773,0.057795,0,1,,,2,1,1,4,1,1,1,1,1
6,2,6,0,0,2,8e-06,114,0,254,0,0,0,0,57000000.0,0.0,2,0,0,0,0,0,57,0,0,0,0.0,0.0,1424260698,1424260698,0.008,0.0,0.0,0.0,0.0,0,2,,,2,39,39,27,27,27,14,39,1
8,421,20,169,1,1,0.030048,2542,21834,31,29,7,14,2,660010.6875,5674920.0,40,42,255,255,3952078982,1806958989,64,520,0,0,55.739023,53.480045,1421946190,1421946190,0.761538,0.705585,0.001255,0.001112,0.000143,0,0,0.0,0.0,0,9,11,3,4,1,1,1,0
14,422,13,170,1,1,0.028907,4238,61238,31,29,7,30,2,1156813.25,16718719.0,72,74,255,255,193702669,2353181596,59,828,0,0,0.0,20.353326,1421969610,1421969610,0.402366,0.389411,0.000602,0.000476,0.000126,0,0,0.0,0.0,0,12,4,1,7,1,1,1,0
16,2,21,0,0,2,3e-06,264,0,60,0,0,0,0,352000000.0,0.0,2,0,0,0,0,0,132,0,0,0,0.0,0.0,1424223508,1424223508,0.003,0.0,0.0,0.0,0.0,0,0,,,2,16,16,9,9,8,8,17,0
2,8,6,6,3,2,5e-06,200,0,254,0,0,0,2,160000000.0,0.0,2,0,0,0,0,0,100,0,0,0,0.0,0.0,1424237422,1424237422,0.005,0.0,0.0,0.0,0.0,0,2,,,2,6,6,2,2,2,2,6,1
2,2,3,0,0,2,1e-06,114,0,254,0,0,0,0,456000000.0,0.0,2,0,0,0,0,0,57,0,0,0,0.0,0.0,1424239982,1424239982,0.001,0.0,0.0,0.0,0.0,0,2,,,2,24,24,25,25,24,24,24,1
3,423,15,10,1,1,0.746652,564,354,254,252,2,1,2,5442.963867,3321.493896,10,8,255,255,281631804,271191115,56,44,0,0,5676.55684,142.143375,1424246626,1424246627,78.806556,101.40043,0.0968,0.036842,0.059958,0,1,,,2,1,1,1,18,1,1,1,1
2,2,3,0,0,2,1.1e-05,114,0,254,0,0,0,0,41454544.0,0.0,2,0,0,0,0,0,57,0,0,0,0.0,0.0,1421932037,1421932037,0.011,0.0,0.0,0.0,0.0,0,2,0.0,0.0,0,11,11,3,4,3,3,3,1
5,2,7,0,0,2,5e-06,264,0,60,0,0,0,0,211200000.0,0.0,2,0,0,0,0,0,132,0,0,0,0.0,0.0,1424232360,1424232360,0.005,0.0,0.0,0.0,0.0,0,0,,,2,39,39,39,39,39,18,39,0
0,424,8,0,0,0,0.001049,146,178,31,29,0,0,0,556720.6875,678741.6875,2,2,0,0,0,0,73,89,0,0,0.0,0.0,1421968828,1421968828,0.006,0.009,0.0,0.0,0.0,0,0,0.0,0.0,0,3,3,2,1,1,1,1,0
2,8,15,6,23,2,9e-06,200,0,254,0,0,0,2,88888888.0,0.0,2,0,0,0,0,0,100,0,0,0,0.0,0.0,1424244384,1424244384,0.009,0.0,0.0,0.0,0.0,0,2,,,2,9,9,3,3,2,2,13,1
0,425,18,171,1,1,0.062984,4222,61786,31,29,7,30,2,528896.25,7741903.0,72,74,255,255,2086491153,4233684559,59,835,0,0,54.161078,51.48863,1421945053,1421945053,0.881577,0.819356,0.003357,0.003169,0.000188,0,0,0.0,0.0,0,15,6,3,19,3,3,3,0
4,426,13,9,1,1,0.005601,1958,2308,31,29,6,6,2,2669523.25,3159435.75,22,24,255,255,1157760281,3307612646,89,96,0,0,15.244159,13.081855,1424241937,1424241937,0.24881,0.219478,0.000685,0.000547,0.000138,0,0,,,2,5,3,4,4,1,1,1,0
2,5,3,0,0,2,1e-05,114,0,254,0,0,0,0,45600000.0,0.0,2,0,0,0,0,0,57,0,0,0,0.0,0.0,1424237743,1424237743,0.01,0.0,0.0,0.0,0.0,0,2,,,2,39,39,18,15,15,15,39,1
3,5,3,0,0,2,6e-06,114,0,254,0,0,0,0,76000000.0,0.0,2,0,0,0,0,0,57,0,0,0,0.0,0.0,1424231552,1424231552,0.006,0.0,0.0,0.0,0.0,0,2,,,2,19,19,18,19,18,18,19,1
4,427,12,8,1,1,0.81192,37342,3380,31,29,18,8,4,360863.1563,32515.51953,52,42,255,255,4076215027,4147333410,718,80,0,0,1225.218564,38.911289,1424255919,1424255920,15.913412,19.791244,0.000608,0.000476,0.000132,0,0,,,2,1,2,2,2,1,1,2,0
2,5,3,0,0,2,1e-05,114,0,254,0,0,0,0,45600000.0,0.0,2,0,0,0,0,0,57,0,0,0,0.0,0.0,1421933839,1421933839,0.01,0.0,0.0,0.0,0.0,0,2,0.0,0.0,0,7,7,7,7,7,4,7,1
15,2,5,0,0,2,4e-06,264,0,60,0,0,0,0,264000000.0,0.0,2,0,0,0,0,0,132,0,0,0,0.0,0.0,1424254077,1424254077,0.004,0.0,0.0,0.0,0.0,0,0,,,2,23,23,23,23,23,23,23,0
6,8,11,6,13,2,13.790198,12832,0,254,0,0,0,2,7178.432129,0.0,28,0,0,0,0,0,458,0,0,0,549.45875,0.0,1424252535,1424252548,510.748063,0.0,0.0,0.0,0.0,0,2,,,2,1,1,1,1,1,1,1,1
19,5,21,0,0,2,7e-06,264,0,60,0,0,0,0,150857136.0,0.0,2,0,0,0,0,0,132,0,0,0,0.0,0.0,1424261957,1424261957,0.007,0.0,0.0,0.0,0.0,0,0,,,2,27,27,14,14,14,14,27,0
6,428,14,37,1,1,0.389389,756,268,254,252,2,1,2,13991.15039,4602.081543,10,6,255,255,4019048150,3288908826,76,45,0,0,2100.861709,87.162031,1424231101,1424231102,38.190778,64.407602,0.148068,0.067346,0.080722,0,1,,,2,5,4,1,1,1,1,3,1
9,429,9,172,1,1,0.512787,2544,354,254,252,2,1,2,35726.33594,4836.316406,10,8,255,255,3034920818,2811396882,254,44,0,0,3823.33717,126.579484,1424260582,1424260583,55.552222,68.088289,0.073124,0.036157,0.036967,0,1,,,2,1,1,1,1,1,1,1,1
17,430,12,30,1,1,0.653893,5928,8010,31,29,14,17,6,71363.35938,96309.33594,62,58,255,255,3155665002,3155929193,96,138,0,0,0.0,672.926769,1421972693,1421972694,10.719557,11.459526,0.000713,0.000571,0.000142,0,0,0.0,0.0,0,2,1,1,2,1,1,1,0
2,2,3,0,0,2,1.1e-05,114,0,254,0,0,0,0,41454544.0,0.0,2,0,0,0,0,0,57,0,0,0,0.0,0.0,1421933651,1421933651,0.011,0.0,0.0,0.0,0.0,0,2,0.0,0.0,0,6,6,3,3,3,3,3,1
6,431,24,173,0,2,1.3e-05,754,0,254,0,0,0,2,232000000.0,0.0,2,0,0,0,0,0,377,0,0,0,0.0,0.0,1421928769,1421928769,0.013,0.0,0.0,0.0,0.0,0,2,0.0,0.0,0,1,6,2,1,1,1,1,1
3,2,3,0,0,2,1e-05,114,0,254,0,0,0,0,45600000.0,0.0,2,0,0,0,0,0,57,0,0,0,0.0,0.0,1424232474,1424232474,0.01,0.0,0.0,0.0,0.0,0,2,,,2,35,35,25,26,25,25,35,1
10,432,20,174,1,1,0.011633,2438,19422,31,29,7,13,2,1632596.875,13022952.0,38,40,255,255,742392250,742730405,64,486,0,0,17.816184,15.679841,1424258272,1424258272,0.304892,0.282487,0.000752,0.000607,0.000145,0,0,,,2,10,6,3,2,1,1,2,0
7,5,7,0,0,2,8e-06,264,0,60,0,0,0,0,132000000.0,0.0,2,0,0,0,0,0,132,0,0,0,0.0,0.0,1424248174,1424248174,0.008,0.0,0.0,0.0,0.0,0,0,,,2,23,23,22,22,22,22,23,0
10,433,13,0,0,0,0.001072,146,178,31,29,0,0,2,544776.125,664179.125,2,2,0,0,0,0,73,89,0,0,0.0,0.0,1421932976,1421932976,0.011,0.008,0.0,0.0,0.0,0,0,0.0,0.0,0,18,11,7,7,2,1,5,0
2,434,14,64,0,2,1e-05,414,0,254,0,0,0,2,165600000.0,0.0,2,0,0,0,0,0,207,0,0,0,0.0,0.0,1424247808,1424247808,0.01,0.0,0.0,0.0,0.0,0,2,,,2,15,14,30,9,8,1,14,0
11,435,1,175,1,1,0.047085,3614,45396,31,29,7,24,2,603844.125,7588659.0,60,62,255,255,2189112195,2189386541,60,732,0,0,52.124734,49.898719,1421945167,1421945167,0.784712,0.763131,0.000658,0.000526,0.000132,0,0,0.0,0.0,0,12,8,3,11,3,3,3,0
0,436,0,4,1,1,1.056941,1684,10168,31,29,3,5,3,11837.93555,72692.79688,14,18,255,255,3773191940,1624649961,120,565,1,3924,9066.131236,7937.138398,1424232274,1424232275,81.277233,62.142176,0.000646,0.000521,0.000125,0,0,1.0,,2,1,1,1,2,1,1,1,0
13,437,19,176,1,1,0.020754,2974,33374,31,29,7,18,2,1122867.875,12607497.0,48,50,255,255,1919703976,1919945087,62,667,0,0,26.525427,24.153872,1424227589,1424227589,0.44237,0.418437,0.000781,0.000665,0.000116,0,0,,,2,10,10,9,7,1,1,5,0
3,2,14,0,0,2,5e-06,114,0,254,0,0,0,0,91200000.0,0.0,2,0,0,0,0,0,57,0,0,0,0.0,0.0,1424247774,1424247774,0.005,0.0,0.0,0.0,0.0,0,2,,,2,34,34,22,22,22,22,34,1
2,2,2,0,0,2,3e-06,114,0,254,0,0,0,0,152000000.0,0.0,2,0,0,0,0,0,57,0,0,0,0.0,0.0,1424252309,1424252309,0.003,0.0,0.0,0.0,0.0,0,2,,,2,16,16,16,17,16,16,16,1
14,438,12,177,1,1,0.059483,4966,75496,31,29,7,36,2,660222.25,10032850.0,86,84,255,255,2388211841,2398324820,58,899,0,0,40.415159,40.510738,1424221702,1424221702,0.696118,0.710771,0.000612,0.000486,0.000126,0,0,,,2,6,8,1,3,1,1,3,0
2,2,2,0,0,2,9e-06,114,0,254,0,0,0,0,50666664.0,0.0,2,0,0,0,0,0,57,0,0,0,0.0,0.0,1424253682,1424253682,0.009,0.0,0.0,0.0,0.0,0,2,,,2,26,26,8,8,8,8,26,1
2,8,6,6,24,2,9e-06,200,0,254,0,0,0,2,88888888.0,0.0,2,0,0,0,0,0,100,0,0,0,0.0,0.0,1424237331,1424237331,0.009,0.0,0.0,0.0,0.0,0,2,,,2,4,4,2,4,2,2,4,1
2,5,3,0,0,2,5e-06,114,0,254,0,0,0,0,91200000.0,0.0,2,0,0,0,0,0,57,0,0,0,0.0,0.0,1424237612,1424237612,0.005,0.0,0.0,0.0,0.0,0,2,,,2,52,52,44,44,44,20,52,1
17,439,12,178,1,1,0.006136,4328,2456,31,29,7,7,2,5329856.5,3024771.75,18,18,255,255,1617029284,3769898495,240,136,0,0,17.150366,0.392121,1421938054,1421938054,0.342294,0.298235,0.001258,0.001062,0.000196,0,0,0.0,0.0,0,5,7,5,4,1,1,3,0
0,440,0,0,0,0,0.003374,130,162,31,29,0,0,0,154119.7344,192056.9063,2,2,0,0,0,0,65,81,0,0,0.0,0.0,1424247751,1424247751,0.007,0.002,0.0,0.0,0.0,0,0,,,2,2,1,4,3,1,1,2,0
0,441,0,179,1,1,0.226405,8928,320,31,29,4,1,5,292961.75,9434.420898,14,6,255,255,2070075234,2654125742,638,53,0,0,1605.509112,68.663109,1421929967,1421929967,17.41577,45.153,0.000596,0.00045,0.000146,0,0,0.0,0.0,0,3,3,4,4,1,1,3,0
10,442,19,180,1,1,0.015624,2646,26176,31,29,7,15,2,1322580.625,13098823.0,42,44,255,255,3382687322,3387195827,63,595,0,0,23.132406,21.27926,1424251139,1424251139,0.3822,0.348512,0.000775,0.00063,0.000145,0,0,,,2,5,6,4,2,1,1,2,0
0,443,20,7,1,1,0.018523,1540,1644,31,29,4,4,2,623657.0625,670733.6875,16,18,255,255,807366404,812537458,96,91,0,0,73.855381,2.092091,1424219960,1424219960,1.214533,1.062177,0.000571,0.00046,0.000111,0,0,,,2,12,7,9,18,12,1,7,0
3,444,11,4,1,1,0.826492,13952,268,254,252,6,1,3,127546.3047,2168.199951,18,6,255,255,477379722,4135284466,775,45,1,0,3817.631642,266.830562,1424251903,1424251904,48.617178,145.971594,0.178734,0.095997,0.082737,0,1,1.0,,2,1,1,1,1,1,1,1,1
14,445,8,181,1,1,0.054368,4862,82930,31,29,7,36,2,707033.5625,12060918.0,84,86,255,255,281428663,2448343846,58,964,0,0,0.0,37.12588,1424224133,1424224133,0.659305,0.648867,0.000635,0.000508,0.000127,0,0,,,2,6,2,2,2,1,1,2,0
9,8,15,6,13,3,58.705761,16320,0,254,0,0,0,2,2186.90625,0.0,60,0,0,0,0,0,272,0,0,0,1273.60675,0.0,1424247161,1424247220,1022.608875,0.0,0.0,0.0,0.0,0,6,,,2,1,1,2,2,1,1,1,1
12,446,12,1,1,1,0.844712,2934,3742,31,29,11,15,1,27256.62695,34785.82031,52,54,255,255,4078747117,1934430667,56,69,0,0,1589.057063,53.151465,1424225105,1424225106,16.550509,15.927849,0.000661,0.000532,0.000129,0,0,,1.0,3,1,1,6,5,1,1,3,0
2,5,3,0,0,2,7e-06,114,0,254,0,0,0,0,65142856.0,0.0,2,0,0,0,0,0,57,0,0,0,0.0,0.0,1424240225,1424240225,0.007,0.0,0.0,0.0,0.0,0,2,,,2,20,20,20,21,20,20,20,1
3,5,14,0,0,2,1e-05,114,0,254,0,0,0,0,45600000.0,0.0,2,0,0,0,0,0,57,0,0,0,0.0,0.0,1424244711,1424244711,0.01,0.0,0.0,0.0,0.0,0,2,,,2,21,21,17,17,17,17,21,1
8,447,13,0,0,0,0.001077,146,178,31,29,0,0,2,542246.9375,661095.625,2,2,0,0,0,0,73,89,0,0,0.0,0.0,1421955837,1421955837,0.007,0.008,0.0,0.0,0.0,0,0,0.0,0.0,0,14,17,8,5,2,1,1,0
14,448,0,4,1,1,1.15066,19618,1087890,31,29,2,370,3,136026.2813,7553452.5,368,746,255,255,3393164605,1244631798,53,1458,1,524288,176.186328,106.117774,1421954264,1421954265,3.134373,1.543754,0.000721,0.000558,0.000163,0,0,1.0,0.0,0,3,2,5,13,3,1,4,0
6,5,6,0,0,2,3e-06,114,0,254,0,0,0,0,152000000.0,0.0,2,0,0,0,0,0,57,0,0,0,0.0,0.0,1424262021,1424262021,0.003,0.0,0.0,0.0,0.0,0,2,,,2,9,9,9,9,9,9,9,1
3,2,3,0,0,2,9e-06,114,0,254,0,0,0,0,50666664.0,0.0,2,0,0,0,0,0,57,0,0,0,0.0,0.0,1424231247,1424231247,0.009,0.0,0.0,0.0,0.0,0,2,,,2,39,39,21,21,21,21,39,1
0,449,19,8,1,1,2.698827,37272,3172,31,29,18,8,2,108361.1484,9156.570312,52,38,255,255,2440845346,321680877,717,83,0,0,5234.652864,180.744063,1421945000,1421945002,52.911432,72.925328,0.00073,0.000587,0.000143,0,0,0.0,0.0,0,5,10,20,8,6,6,6,0
2,2,3,0,0,2,9e-06,114,0,254,0,0,0,0,50666664.0,0.0,2,0,0,0,0,0,57,0,0,0,0.0,0.0,1424238864,1424238864,0.009,0.0,0.0,0.0,0.0,0,2,,,2,39,39,24,25,24,24,39,1
3,5,14,0,0,2,3e-06,114,0,254,0,0,0,0,152000000.0,0.0,2,0,0,0,0,0,57,0,0,0,0.0,0.0,1424244787,1424244787,0.003,0.0,0.0,0.0,0.0,0,2,,,2,20,20,17,18,17,17,20,1
4,450,13,10,0,0,0.123231,568,312,31,29,0,0,2,27655.37891,15190.98242,4,4,0,0,0,0,142,78,0,0,51.389223,50.866906,1424234680,1424234680,36.340668,35.973332,0.0,0.0,0.0,0,0,,,2,8,7,5,3,1,1,3,0
15,2,5,0,0,2,7e-06,264,0,60,0,0,0,0,150857136.0,0.0,2,0,0,0,0,0,132,0,0,0,0.0,0.0,1424255131,1424255131,0.007,0.0,0.0,0.0,0.0,0,0,,,2,31,31,23,23,23,23,31,0
11,451,10,182,1,1,0.042917,4550,73698,31,29,7,33,2,837337.25,13566093.0,78,80,255,255,2357631645,212548316,58,921,0,0,32.149647,30.702647,1421964914,1421964914,0.552922,0.53543,0.000765,0.000608,0.000157,0,0,0.0,0.0,0,1,4,1,1,1,1,1,0
3,5,3,0,0,2,9e-06,114,0,254,0,0,0,0,50666664.0,0.0,2,0,0,0,0,0,57,0,0,0,0.0,0.0,1424230264,1424230264,0.009,0.0,0.0,0.0,0.0,0,2,,,2,18,18,18,19,18,18,18,1
9,452,17,183,1,1,1.416647,608,646,254,252,1,4,2,3094.631348,3286.634033,10,10,255,255,755531416,3351706053,61,65,0,0,1163133.584,34879.388,1424237924,1424237925,11773.2062,11773.135,0.202978,0.116824,0.086154,0,1,,,2,2,2,2,3,2,2,2,1
8,453,10,184,1,1,0.016923,2958,32650,31,29,7,18,2,1369497.25,15125924.0,48,50,255,255,2030168065,4189596389,62,653,0,0,19.832852,19.342236,1424238087,1424238087,0.352915,0.334224,0.000686,0.000542,0.000144,0,0,,,2,5,2,3,4,1,1,1,0
11,454,19,0,0,0,0.002317,146,178,31,29,0,0,0,252050.0781,307293.9063,2,2,0,0,0,0,73,89,0,0,0.0,0.0,1424242524,1424242524,0.009,0.006,0.0,0.0,0.0,0,0,,,2,3,2,1,1,1,1,2,0
3,2,14,0,0,2,9e-06,114,0,254,0,0,0,0,50666664.0,0.0,2,0,0,0,0,0,57,0,0,0,0.0,0.0,1424245856,1424245856,0.009,0.0,0.0,0.0,0.0,0,2,,,2,32,32,32,32,32,18,32,1
9,455,6,4,1,1,1.065082,794,2214,62,252,2,2,3,5370.478516,14556.62598,10,8,255,255,4255045664,230026860,79,277,0,0,5871.332685,202.275078,1421928111,1421928112,118.342444,127.707711,0.300434,0.170219,0.130215,0,1,0.0,0.0,0,1,2,1,1,1,1,1,1
1,456,1,185,1,1,0.059471,4550,74188,31,29,7,33,2,604260.875,9855022.0,78,80,255,255,2078894818,4224886991,58,927,0,0,45.466623,42.528213,1421959806,1421959806,0.765805,0.737266,0.001431,0.001219,0.000212,0,0,0.0,0.0,0,8,1,1,2,1,1,1,0
13,457,12,0,0,0,0.001044,146,178,31,29,0,0,0,559386.9375,681992.3125,2,2,0,0,0,0,73,89,0,0,0.0,0.0,1424241938,1424241938,0.009,0.002,0.0,0.0,0.0,0,0,,,2,5,3,2,9,3,2,2,0
14,458,12,0,0,0,0.001865,146,178,31,29,0,0,0,313136.7188,381769.4375,2,2,0,0,0,0,73,89,0,0,0.0,0.0,1421966644,1421966644,0.004,0.008,0.0,0.0,0.0,0,0,0.0,0.0,0,2,8,1,2,1,1,1,0
8,459,1,18,1,1,0.033237,7800,14988,31,29,30,32,2,1862262.0,3579143.75,122,126,255,255,957943272,959000008,64,119,0,0,17.263859,15.190763,1421967256,1421967256,0.274067,0.261584,0.000673,0.000535,0.000138,0,0,0.0,0.0,0,12,8,2,3,1,1,1,0
3,460,14,1,1,1,1.391618,1096,1662,62,252,7,9,1,5990.149414,9123.193359,20,22,255,255,1354592021,2492391303,55,76,0,0,3883.576259,3641.493043,1424258088,1424258089,73.24305,65.646999,0.068913,0.012387,0.056526,0,1,,1.0,3,1,1,2,2,1,1,2,1
2,2,3,0,0,2,9e-06,114,0,254,0,0,0,0,50666664.0,0.0,2,0,0,0,0,0,57,0,0,0,0.0,0.0,1424238759,1424238759,0.009,0.0,0.0,0.0,0.0,0,2,,,2,43,43,25,26,24,24,43,1
19,5,21,0,0,2,1e-06,264,0,60,0,0,0,0,1056000000.0,0.0,2,0,0,0,0,0,132,0,0,0,0.0,0.0,1424260309,1424260309,0.001,0.0,0.0,0.0,0.0,0,0,,,2,24,24,19,19,19,19,24,0
9,461,24,12,0,2,9e-06,104,0,254,0,0,0,2,46222220.0,0.0,2,0,0,0,0,0,52,0,0,0,0.0,0.0,1424231946,1424231946,0.009,0.0,0.0,0.0,0.0,0,2,,,2,6,6,6,6,6,1,6,1
3,5,14,0,0,2,3.6e-05,114,0,254,0,0,0,0,12666666.0,0.0,2,0,0,0,0,0,57,0,0,0,0.0,0.0,1424248188,1424248188,0.036,0.0,0.0,0.0,0.0,0,2,,,2,45,45,17,17,17,6,45,1
4,462,10,7,1,1,0.211911,1540,1644,31,29,4,4,2,54513.45313,58628.38672,16,18,255,255,1532491208,3706977529,96,91,0,0,810.359477,24.890104,1424227650,1424227650,14.1066,12.430529,0.00073,0.000583,0.000147,0,0,,,2,13,9,5,9,4,1,5,0
6,2,6,0,0,2,6e-06,114,0,254,0,0,0,0,76000000.0,0.0,2,0,0,0,0,0,57,0,0,0,0.0,0.0,1424259261,1424259261,0.006,0.0,0.0,0.0,0.0,0,2,,,2,28,28,17,18,17,17,28,1
1,463,8,186,0,0,0.001759,536,304,31,29,0,0,2,1828311.5,1036952.813,4,4,0,0,0,0,134,76,0,0,0.619426,0.320325,1421938344,1421938344,0.444,0.232,0.0,0.0,0.0,0,0,0.0,0.0,0,5,5,3,3,1,1,3,0
12,464,18,10,0,0,0.339324,568,320,31,29,0,0,2,10043.49805,5658.309082,4,4,0,0,0,0,142,80,0,0,152.266719,140.942406,1424223184,1424223184,107.670336,99.668336,0.0,0.0,0.0,0,0,,,2,3,11,6,3,1,1,3,0
2,5,3,0,0,2,8e-06,114,0,254,0,0,0,0,57000000.0,0.0,2,0,0,0,0,0,57,0,0,0,0.0,0.0,1424238632,1424238632,0.008,0.0,0.0,0.0,0.0,0,2,,,2,53,53,41,41,41,19,53,1
11,465,0,0,0,0,0.001064,146,178,31,29,0,0,0,548872.1875,669172.9375,2,2,0,0,0,0,73,89,0,0,0.0,0.0,1424255176,1424255176,0.009,0.004,0.0,0.0,0.0,0,0,,,2,1,2,1,4,1,1,2,0
4,466,8,187,1,1,0.043579,4030,57982,31,29,7,27,2,728974.9375,10487620.0,68,68,255,255,1430086728,1461012267,59,853,0,0,36.272936,0.93588,1421934346,1421934346,0.644716,0.642358,0.000673,0.000536,0.000137,0,0,0.0,0.0,0,14,9,3,4,1,1,1,0
2,467,3,12,0,2,6e-06,104,0,254,0,0,0,2,69333328.0,0.0,2,0,0,0,0,0,52,0,0,0,0.0,0.0,1424235444,1424235444,0.006,0.0,0.0,0.0,0.0,0,2,,,2,8,7,2,4,2,1,6,1
3,5,3,0,0,2,8e-06,114,0,254,0,0,0,0,57000000.0,0.0,2,0,0,0,0,0,57,0,0,0,0.0,0.0,1424233697,1424233697,0.008,0.0,0.0,0.0,0.0,0,2,,,2,37,37,18,19,18,18,37,1
3,5,3,0,0,2,8e-06,114,0,254,0,0,0,0,57000000.0,0.0,2,0,0,0,0,0,57,0,0,0,0.0,0.0,1424231741,1424231741,0.008,0.0,0.0,0.0,0.0,0,2,,,2,37,37,15,15,15,15,37,1
2,8,15,6,8,2,9e-06,200,0,254,0,0,0,2,88888888.0,0.0,2,0,0,0,0,0,100,0,0,0,0.0,0.0,1424244376,1424244376,0.009,0.0,0.0,0.0,0.0,0,2,,,2,5,5,2,2,2,2,5,1
3,2,14,0,0,2,3e-06,114,0,254,0,0,0,0,152000000.0,0.0,2,0,0,0,0,0,57,0,0,0,0.0,0.0,1424246365,1424246365,0.003,0.0,0.0,0.0,0.0,0,2,,,2,28,28,29,28,28,15,28,1
8,468,18,1,1,1,0.836598,2934,3742,31,29,11,15,1,27520.98438,35123.20313,52,54,255,255,1773685745,3924284881,56,69,0,0,1413.69015,52.874594,1424234479,1424234480,16.397432,15.774302,0.000694,0.000556,0.000138,0,0,,1.0,3,1,1,6,2,1,1,3,0
3,2,3,0,0,2,1e-06,114,0,254,0,0,0,0,456000000.0,0.0,2,0,0,0,0,0,57,0,0,0,0.0,0.0,1424230745,1424230745,0.001,0.0,0.0,0.0,0.0,0,2,,,2,25,25,25,25,25,25,26,1
3,2,3,0,0,2,5e-06,114,0,254,0,0,0,0,91200000.0,0.0,2,0,0,0,0,0,57,0,0,0,0.0,0.0,1424231489,1424231489,0.005,0.0,0.0,0.0,0.0,0,2,,,2,25,25,26,27,25,25,26,1
6,5,6,0,0,2,7e-06,114,0,254,0,0,0,0,65142856.0,0.0,2,0,0,0,0,0,57,0,0,0,0.0,0.0,1424260665,1424260665,0.007,0.0,0.0,0.0,0.0,0,2,,,2,23,23,14,14,14,14,23,1
1,469,19,188,1,1,0.012861,2766,24004,31,29,7,16,2,1681984.25,14607262.0,44,46,255,255,2058110096,2064418753,63,522,0,0,17.212847,17.257776,1424228882,1424228882,0.291628,0.280023,0.000674,0.000537,0.000137,0,0,,,2,6,4,2,4,1,1,2,0
2,8,6,6,3,2,9e-06,200,0,254,0,0,0,2,88888888.0,0.0,2,0,0,0,0,0,100,0,0,0,0.0,0.0,1424237383,1424237383,0.009,0.0,0.0,0.0,0.0,0,2,,,2,7,7,2,8,2,2,7,1
9,470,17,189,1,1,0.230327,828,9452,62,252,2,5,2,25910.98828,304853.5313,10,14,255,255,3703535303,3290354382,83,675,0,0,1223.813879,1473.34193,1421927572,1421927572,25.591889,17.166231,0.05171,0.006463,0.045247,0,1,0.0,0.0,0,1,1,1,1,1,1,1,1
6,2,9,0,0,2,1e-06,114,0,254,0,0,0,0,456000000.0,0.0,2,0,0,0,0,0,57,0,0,0,0.0,0.0,1424223507,1424223507,0.001,0.0,0.0,0.0,0.0,0,2,,,2,16,16,2,2,2,2,16,1
6,8,17,6,3,2,6e-06,200,0,254,0,0,0,2,133333328.0,0.0,2,0,0,0,0,0,100,0,0,0,0.0,0.0,1424223282,1424223282,0.006,0.0,0.0,0.0,0.0,0,2,,,2,7,7,4,21,4,4,7,1
14,471,12,8,1,1,0.038699,37272,3380,31,29,18,8,2,7556991.0,682188.125,52,42,255,255,4167545947,2019599492,717,80,0,0,47.554459,2.137259,1421944827,1421944827,0.751804,0.930293,0.000715,0.000552,0.000163,0,0,0.0,0.0,0,9,8,9,9,3,3,3,0
3,2,3,0,0,2,1e-05,114,0,254,0,0,0,0,45600000.0,0.0,2,0,0,0,0,0,57,0,0,0,0.0,0.0,1424230912,1424230912,0.01,0.0,0.0,0.0,0.0,0,2,,,2,43,43,25,28,25,25,43,1
13,472,1,0,0,0,0.001036,146,178,31,29,0,0,0,563706.5625,687258.6875,2,2,0,0,0,0,73,89,0,0,0.0,0.0,1424229098,1424229098,0.008,0.008,0.0,0.0,0.0,0,0,,,2,3,4,4,5,1,1,2,0
2,473,17,12,0,2,1e-06,104,0,254,0,0,0,2,416000000.0,0.0,2,0,0,0,0,0,52,0,0,0,0.0,0.0,1424227998,1424227998,0.001,0.0,0.0,0.0,0.0,0,2,,,2,3,3,3,4,3,3,3,1
2,2,2,0,0,2,8e-06,114,0,254,0,0,0,0,57000000.0,0.0,2,0,0,0,0,0,57,0,0,0,0.0,0.0,1424253314,1424253314,0.008,0.0,0.0,0.0,0.0,0,2,,,2,24,24,16,16,16,8,24,1
6,5,9,0,0,2,9e-06,114,0,254,0,0,0,0,50666664.0,0.0,2,0,0,0,0,0,57,0,0,0,0.0,0.0,1424224897,1424224897,0.009,0.0,0.0,0.0,0.0,0,2,,,2,20,20,17,17,17,9,20,1
11,474,12,8,1,1,0.501652,37396,3276,31,29,18,8,4,584899.5,50951.65625,52,40,255,255,1553101999,1554186542,719,82,0,0,915.667408,30.902984,1421937195,1421937196,9.829118,12.849128,0.000677,0.000529,0.000148,0,0,0.0,0.0,0,1,2,2,3,1,1,1,0
1,475,20,0,0,0,0.000952,146,178,31,29,0,0,0,613445.375,747899.1875,2,2,0,0,0,0,73,89,0,0,0.0,0.0,1421949896,1421949896,0.013,0.002,0.0,0.0,0.0,0,0,0.0,0.0,0,1,2,4,2,1,1,1,0
2,5,3,0,0,2,1e-05,114,0,254,0,0,0,0,45600000.0,0.0,2,0,0,0,0,0,57,0,0,0,0.0,0.0,1424237527,1424237527,0.01,0.0,0.0,0.0,0.0,0,2,,,2,52,52,8,8,8,6,52,1
5,5,7,0,0,2,9e-06,264,0,60,0,0,0,0,117333328.0,0.0,2,0,0,0,0,0,132,0,0,0,0.0,0.0,1424230453,1424230453,0.009,0.0,0.0,0.0,0.0,0,0,,,2,35,35,11,11,11,5,35,0
8,476,19,190,1,1,0.222723,8928,320,31,29,4,1,5,297804.875,9590.387695,14,6,255,255,1218884613,1288445977,638,53,0,0,1584.239404,67.974406,1421945026,1421945026,17.132539,44.411602,0.000655,0.000521,0.000134,0,0,0.0,0.0,0,3,3,15,15,4,4,15,0
6,2,6,0,0,2,3e-06,114,0,254,0,0,0,0,152000000.0,0.0,2,0,0,0,0,0,57,0,0,0,0.0,0.0,1424260754,1424260754,0.003,0.0,0.0,0.0,0.0,0,2,,,2,32,32,17,19,17,17,32,1
2,5,3,0,0,2,9e-06,114,0,254,0,0,0,0,50666664.0,0.0,2,0,0,0,0,0,57,0,0,0,0.0,0.0,1424238236,1424238236,0.009,0.0,0.0,0.0,0.0,0,2,,,2,20,20,20,20,20,20,20,1
6,8,24,6,12,0,0.348786,152,82,254,60,0,0,2,1743.189209,940.404724,2,2,0,0,0,0,76,41,0,0,0.0,0.0,1424234781,1424234782,0.015,0.007,0.0,0.0,0.0,0,0,,,2,1,1,1,2,1,1,3,1
11,477,19,0,0,0,0.001098,146,178,31,29,0,0,0,531876.125,648451.75,2,2,0,0,0,0,73,89,0,0,0.0,0.0,1424226822,1424226822,0.006,0.006,0.0,0.0,0.0,0,0,,,2,2,3,3,1,1,1,1,0
2,478,14,4,1,1,1.489078,818,2118,62,252,2,2,3,3959.49707,10245.26563,10,10,255,255,2013983858,3243343985,82,212,1,594,9824.09896,281.008156,1424224069,1424224070,165.453111,156.016891,0.1341,0.084289,0.049811,0,1,1.0,,2,2,1,1,1,1,1,1,1
2,8,15,6,24,2,2.7e-05,200,0,254,0,0,0,2,29629630.0,0.0,2,0,0,0,0,0,100,0,0,0,0.0,0.0,1424244390,1424244390,0.027,0.0,0.0,0.0,0.0,0,2,,,2,12,12,4,4,4,4,17,1
6,479,15,10,1,1,0.659616,564,354,254,252,2,1,2,6161.160645,3759.763184,10,8,255,255,766229575,2710316542,56,44,0,0,5583.155687,139.786734,1424236855,1424236856,71.039,92.856711,0.05606,0.00961,0.04645,0,1,,,2,1,1,1,1,1,1,1,1
2,8,6,6,3,2,4e-06,200,0,254,0,0,0,2,200000000.0,0.0,2,0,0,0,0,0,100,0,0,0,0.0,0.0,1424237417,1424237417,0.004,0.0,0.0,0.0,0.0,0,2,,,2,3,3,1,2,1,1,3,1
13,480,13,8,1,1,0.144942,37280,3380,31,29,18,8,4,2018131.375,182141.8281,52,42,255,255,3622378268,3623397044,717,80,0,0,317.853678,10.887054,1424232642,1424232643,2.831529,3.52139,0.000699,0.000561,0.000138,0,0,,,2,1,1,2,4,1,1,3,0
6,2,9,0,0,2,1e-05,114,0,254,0,0,0,0,45600000.0,0.0,2,0,0,0,0,0,57,0,0,0,0.0,0.0,1424224271,1424224271,0.01,0.0,0.0,0.0,0.0,0,2,,,2,21,21,8,10,8,8,21,1
2,8,9,6,25,2,6e-06,200,0,254,0,0,0,2,133333328.0,0.0,2,0,0,0,0,0,100,0,0,0,0.0,0.0,1421930690,1421930690,0.006,0.0,0.0,0.0,0.0,0,2,0.0,0.0,0,12,12,6,6,6,6,6,1
11,481,18,191,1,1,0.266602,424,8824,31,29,1,4,5,11132.69922,242728.8594,8,12,255,255,2812457861,1450645410,53,735,0,0,2408.29553,1906.584212,1424255642,1424255643,38.041714,24.193001,0.000586,0.000476,0.00011,0,0,,,2,2,2,3,2,1,1,3,0
1,482,12,192,1,1,0.042897,2438,19420,31,29,7,13,2,442734.9063,3531249.25,38,40,255,255,1424677996,1470625182,64,486,0,0,69.075654,67.881726,1421949032,1421949032,1.150757,1.086051,0.000671,0.000533,0.000138,0,0,0.0,0.0,0,17,10,4,10,1,1,1,0
17,483,13,0,0,0,0.001035,146,178,31,29,0,0,0,564251.25,687922.75,2,2,0,0,0,0,73,89,0,0,0.0,0.0,1421947611,1421947611,0.008,0.009,0.0,0.0,0.0,0,0,0.0,0.0,0,3,4,2,3,1,1,2,0
14,484,4,8,1,1,0.042909,37084,3380,31,29,18,8,4,6781048.5,615255.5625,52,42,255,255,3517712162,3518765565,713,80,0,0,71.267918,2.225518,1421965109,1421965109,0.834176,1.032878,0.000706,0.000556,0.00015,0,0,0.0,0.0,0,1,1,1,8,1,1,1,0
3,485,6,193,1,1,0.789759,1212,1770,254,252,6,6,2,11598.47559,16936.8125,18,18,255,255,1948944608,1696898269,67,98,0,0,2707.469303,68.761062,1424228537,1424228538,46.456412,43.465176,0.092155,0.046908,0.045247,0,1,,,2,1,1,1,2,1,1,1,1
8,486,20,0,0,0,0.000997,146,178,31,29,0,0,0,585757.25,714142.4375,2,2,0,0,0,0,73,89,0,0,0.0,0.0,1424227522,1424227522,0.001,0.007,0.0,0.0,0.0,0,0,,,2,1,3,3,4,1,1,5,0
3,2,14,0,0,2,3e-06,114,0,254,0,0,0,0,152000000.0,0.0,2,0,0,0,0,0,57,0,0,0,0.0,0.0,1424247990,1424247990,0.003,0.0,0.0,0.0,0.0,0,2,,,2,39,39,22,22,22,22,39,1
4,487,19,18,1,1,0.182773,7818,15074,31,29,30,32,2,339393.6875,654582.5,122,126,255,255,4068453824,1919889053,64,120,0,0,158.848487,157.242112,1421971839,1421971839,1.507669,1.458192,0.000639,0.000495,0.000144,0,0,0.0,0.0,0,9,5,3,13,1,1,1,0
2,2,3,0,0,2,1e-05,114,0,254,0,0,0,0,45600000.0,0.0,2,0,0,0,0,0,57,0,0,0,0.0,0.0,1424238486,1424238486,0.01,0.0,0.0,0.0,0.0,0,2,,,2,29,29,7,7,7,5,29,1
15,2,5,0,0,2,3e-06,264,0,60,0,0,0,0,352000000.0,0.0,2,0,0,0,0,0,132,0,0,0,0.0,0.0,1424254749,1424254749,0.003,0.0,0.0,0.0,0.0,0,0,,,2,13,13,1,1,1,1,13,0
3,488,15,64,0,2,3e-06,1670,0,254,0,0,0,2,2226666496.0,0.0,2,0,0,0,0,0,835,0,0,0,0.0,0.0,1421933355,1421933355,0.003,0.0,0.0,0.0,0.0,0,2,0.0,0.0,0,6,3,1,2,1,1,1,1
3,2,14,0,0,2,1e-06,114,0,254,0,0,0,0,456000000.0,0.0,2,0,0,0,0,0,57,0,0,0,0.0,0.0,1424248212,1424248212,0.001,0.0,0.0,0.0,0.0,0,2,,,2,45,45,13,13,13,8,45,1
4,489,10,7,1,1,0.314912,1540,1644,31,29,4,4,2,36683.26563,39452.29297,16,18,255,255,1219070632,1257686475,96,91,0,0,1316.977536,33.036492,1421941783,1421941784,20.972799,18.496646,0.000598,0.000468,0.00013,0,0,0.0,0.0,0,5,15,12,4,3,1,3,0
6,2,6,0,0,2,2e-06,114,0,254,0,0,0,0,228000000.0,0.0,2,0,0,0,0,0,57,0,0,0,0.0,0.0,1424259209,1424259209,0.002,0.0,0.0,0.0,0.0,0,2,,,2,27,27,11,11,11,11,27,1
10,490,0,30,1,1,0.081812,3728,5474,31,29,7,7,6,353200.0,512980.9688,32,24,255,255,544405171,2690102503,117,228,0,0,225.435025,7.592486,1421965387,1421965387,2.639097,3.526261,0.000696,0.00057,0.000126,0,0,0.0,0.0,0,2,2,4,1,1,1,1,0
9,491,2,4,1,1,0.547485,1058,51939,62,252,2,20,3,14495.37402,741704.375,16,44,255,255,3747825916,2233503391,66,1180,1,24839,2083.466112,1408.923535,1424250712,1424250713,36.498999,12.796762,0.057871,0.009267,0.048604,0,1,1.0,,2,1,2,1,1,1,1,1,1
3,492,2,4,1,1,0.449971,914,268,254,252,2,1,3,14632.05469,3982.479004,10,6,255,255,2956896188,1408178592,91,45,1,0,2842.131456,134.166703,1424253053,1424253054,49.996778,78.612797,0.12995,0.056079,0.073871,0,1,1.0,,2,3,3,2,2,2,1,3,1
1,493,1,4,1,1,1.135618,1684,10168,31,29,3,5,3,11017.79004,67656.55469,14,18,255,255,3799814905,3796851035,120,565,1,3924,9130.087953,7997.321619,1424228799,1424228800,87.328925,66.768,0.000753,0.000559,0.000194,0,0,1.0,,2,1,2,1,1,1,1,1,0
9,494,3,4,1,1,0.923859,2078,1068,254,252,3,2,2,16496.02344,8096.473633,12,8,255,255,1895327576,2234157369,173,134,1,109,4231.687564,156.040156,1424261020,1424261021,79.529727,120.235,0.157026,0.082212,0.074814,0,1,1.0,,2,1,1,1,1,1,1,1,1
6,495,9,4,1,1,0.395509,3628,268,254,252,3,1,3,67275.33594,4530.870117,12,6,255,255,2403267471,1349070253,302,45,1,0,2236.325899,127.330016,1424239005,1424239005,34.522089,72.136398,0.09544,0.034813,0.060627,0,1,1.0,,2,1,1,1,1,1,1,1,1
9,496,16,8,1,1,3.628224,465021,3818,62,252,183,8,4,1022600.625,8299.37793,374,70,255,255,1329546373,234701269,1243,55,0,0,1114.53325,63.869363,1424229919,1424229923,9.727142,52.078914,0.080344,0.033986,0.046358,0,1,,,2,1,1,1,4,1,1,1,1
11,497,19,0,0,0,0.000906,130,162,31,29,0,0,0,573951.4375,715231.8125,2,2,0,0,0,0,65,81,0,0,0.0,0.0,1424229425,1424229425,0.006,0.004,0.0,0.0,0.0,0,0,,,2,2,4,2,3,1,1,1,0
10,498,8,30,1,1,0.006513,3728,5474,31,29,7,7,6,4436665.0,6443728.0,32,24,255,255,4079059686,1929793960,117,228,0,0,13.059452,0.369016,1421939139,1421939139,0.210097,0.251522,0.000726,0.000587,0.000139,0,0,0.0,0.0,0,1,1,3,5,1,1,1,0
2,8,6,6,26,2,5e-06,200,0,254,0,0,0,2,160000000.0,0.0,2,0,0,0,0,0,100,0,0,0,0.0,0.0,1424237301,1424237301,0.005,0.0,0.0,0.0,0.0,0,2,,,2,3,3,2,4,2,2,3,1
6,499,6,4,1,1,0.384106,956,268,254,252,2,1,3,17932.54883,4665.378906,10,6,255,255,1223703482,1862532509,96,45,1,0,2494.891921,120.725648,1424260596,1424260596,41.721778,66.571398,0.106754,0.051241,0.055513,0,1,1.0,,2,2,1,1,1,1,1,25,1
5,2,7,0,0,2,2e-06,264,0,60,0,0,0,0,528000000.0,0.0,2,0,0,0,0,0,132,0,0,0,0.0,0.0,1424231930,1424231930,0.002,0.0,0.0,0.0,0.0,0,0,,,2,40,40,13,13,13,13,40,0
6,500,14,4,1,1,0.826198,68197,612,254,252,27,1,2,649345.5625,5509.575195,60,14,255,255,3161893780,1419192500,1137,44,1,0,1444.885381,76.394094,1424245774,1424245775,13.68619,59.435617,0.122642,0.053531,0.069111,0,1,1.0,,2,1,1,1,1,1,1,2,1
2,501,15,4,1,1,1.528325,950,2936,62,252,2,2,3,4475.487793,13447.40234,10,8,255,255,252330541,4080578276,95,367,1,1050,13518.06852,487.764125,1424240263,1424240264,169.813889,210.173141,0.122246,0.05652,0.065726,0,1,1.0,,2,1,3,2,1,1,1,1,1
10,502,0,10,0,0,0.004578,568,312,31,29,0,0,2,744429.875,408912.1875,4,4,0,0,0,0,142,78,0,0,1.665947,1.466305,1421963848,1421963848,1.185,1.042333,0.0,0.0,0.0,0,0,0.0,0.0,0,7,10,6,6,1,1,3,0
2,2,2,0,0,2,2e-06,114,0,254,0,0,0,0,228000000.0,0.0,2,0,0,0,0,0,57,0,0,0,0.0,0.0,1424252888,1424252888,0.002,0.0,0.0,0.0,0.0,0,2,,,2,29,29,11,11,11,11,29,1
12,503,8,0,0,0,0.000961,146,178,31,29,0,0,0,607700.3125,740894.9375,2,2,0,0,0,0,73,89,0,0,0.0,0.0,1424224379,1424224379,0.002,0.008,0.0,0.0,0.0,0,0,,,2,4,1,3,4,2,1,1,0
14,504,4,7,1,1,0.387644,13350,548216,31,29,21,197,2,274334.1875,11287986.0,232,438,255,255,176475291,179869337,58,1252,0,0,92.655434,55.924491,1424256428,1424256428,1.684091,0.885954,0.000612,0.00048,0.000132,0,0,,,2,14,16,6,12,6,1,7,0
6,505,14,8,1,1,1.855872,58634,1958,62,252,27,8,4,248676.625,8116.938965,62,26,255,255,1796459523,3879687625,946,75,0,0,2456.217786,105.10225,1424229412,1424229414,30.408394,72.127398,0.103409,0.052686,0.050723,0,1,,,2,1,1,1,1,1,1,1,1
6,506,14,18,1,1,0.836972,1188,50798,62,252,6,25,2,10839.07227,476555.9688,22,54,255,255,3539197961,3774184066,54,941,0,0,2095.956755,1292.922928,1424222252,1424222253,39.855808,15.358793,0.037438,0.022157,0.015281,0,1,,,2,1,1,1,1,1,1,1,1
0,507,13,7,1,1,0.013836,1540,1644,31,29,4,4,2,834923.375,897947.375,16,18,255,255,3795962986,3802129315,96,91,0,0,62.457748,1.450859,1421962908,1421962908,0.896133,0.787176,0.000586,0.00045,0.000136,0,0,0.0,0.0,0,7,8,9,7,5,1,5,0
10,508,0,4,1,1,1.14869,1684,10168,31,29,3,5,3,10892.4082,66886.625,14,18,255,255,387183955,388222626,120,565,0,0,8838.891748,7738.500886,1424233600,1424233601,88.334079,67.541765,0.000597,0.000475,0.000122,0,0,,,2,1,1,2,4,1,1,1,0
13,509,4,194,1,1,0.011889,2230,12896,31,29,7,11,2,1456808.75,8436706.0,34,36,255,255,1482838234,1501806177,66,358,0,0,27.817671,26.218764,1424223895,1424223895,0.361812,0.3295,0.000826,0.000682,0.000144,0,0,,,2,5,2,3,3,1,1,1,0
3,510,17,4,1,1,1.253915,824,8488,62,252,2,4,3,4733.973145,50287.30078,10,14,255,255,2717657896,2640146107,82,606,0,0,8015.767235,6975.879493,1424241538,1424241539,139.295444,91.27423,0.126925,0.067342,0.059583,0,1,,,2,1,1,1,1,1,1,1,1
1,511,1,195,0,0,0.001825,536,304,31,29,0,0,2,1762191.75,999452.0,4,4,0,0,0,0,134,76,0,0,0.650066,0.356856,1421935085,1421935085,0.463667,0.259333,0.0,0.0,0.0,0,0,0.0,0.0,0,8,11,7,5,1,1,3,0
9,512,24,4,1,1,0.407506,694,268,254,252,2,1,3,12269.75879,4397.481445,10,6,255,255,3487420973,1365749838,69,45,1,0,2493.92127,109.832562,1424223198,1424223198,43.779556,66.995203,0.138505,0.072522,0.065983,0,1,1.0,,2,3,3,1,1,1,1,3,1
2,5,2,0,0,2,9e-06,114,0,254,0,0,0,0,50666664.0,0.0,2,0,0,0,0,0,57,0,0,0,0.0,0.0,1424255042,1424255042,0.009,0.0,0.0,0.0,0.0,0,2,,,2,25,25,25,36,25,11,25,1
3,513,24,4,1,1,0.179001,864,268,254,252,2,1,3,34770.75391,10011.11719,10,6,255,255,4096624440,2946513692,86,45,1,0,985.507425,59.18843,1424221928,1424221928,18.304667,34.413,0.051401,0.006932,0.044469,0,1,1.0,,2,1,1,1,1,1,1,1,1
10,514,18,8,1,1,0.570913,37850,3380,31,29,19,8,4,520569.6563,46241.71875,54,42,255,255,685942008,2872534926,701,80,0,0,854.749979,27.363707,1424244821,1424244822,10.972173,13.886683,0.001666,0.001553,0.000113,0,0,,,2,1,1,3,2,1,1,1,0
2,515,9,8,1,1,3.181502,59974,2108,62,252,28,8,4,148375.2031,5096.963379,62,26,255,255,2579158936,1421369098,967,81,0,0,5530.120154,229.831156,1424254170,1424254174,52.141,122.30168,0.207459,0.123954,0.083505,0,1,,,2,1,1,1,1,1,1,4,1
4,516,1,196,1,1,0.373936,4856,3080,31,29,7,7,2,100188.2656,63711.4375,28,30,255,255,514499328,517518294,173,103,0,0,796.837893,20.379488,1424262015,1424262016,13.837889,12.875552,0.000687,0.000542,0.000145,0,0,,,2,5,10,2,4,1,1,2,0
19,2,21,0,0,2,8e-06,264,0,60,0,0,0,0,132000000.0,0.0,2,0,0,0,0,0,132,0,0,0,0.0,0.0,1424259239,1424259239,0.008,0.0,0.0,0.0,0.0,0,0,,,2,36,36,13,13,13,13,36,0
3,2,3,0,0,2,9e-06,114,0,254,0,0,0,0,50666664.0,0.0,2,0,0,0,0,0,57,0,0,0,0.0,0.0,1424233792,1424233792,0.009,0.0,0.0,0.0,0.0,0,2,,,2,43,43,43,44,43,25,43,1
3,2,14,0,0,2,9e-06,114,0,254,0,0,0,0,50666664.0,0.0,2,0,0,0,0,0,57,0,0,0,0.0,0.0,1424245932,1424245932,0.009,0.0,0.0,0.0,0.0,0,2,,,2,27,27,21,23,21,21,27,1
9,517,14,47,1,1,0.760579,1062,30944,62,252,7,17,7,10665.55859,316916.4688,22,38,255,255,2575538882,1649942317,48,814,0,0,1845.447951,1383.238158,1421927463,1421927464,36.218047,20.001486,0.04999,0.00571,0.04428,0,1,0.0,0.0,0,1,1,1,1,1,1,1,1
3,5,3,0,0,2,8e-06,114,0,254,0,0,0,0,57000000.0,0.0,2,0,0,0,0,0,57,0,0,0,0.0,0.0,1424231561,1424231561,0.008,0.0,0.0,0.0,0.0,0,2,,,2,36,36,18,19,18,18,36,1
0,518,13,0,0,0,0.001073,146,178,31,29,0,0,0,544268.375,663560.125,2,2,0,0,0,0,73,89,0,0,0.0,0.0,1421966685,1421966685,0.011,0.008,0.0,0.0,0.0,0,0,0.0,0.0,0,3,3,3,1,1,1,1,0
0,519,0,197,1,1,0.425079,4840,3080,31,29,7,7,2,87851.90625,56046.05469,28,30,255,255,1979009366,123428176,173,103,0,0,871.073247,21.986037,1424243306,1424243307,15.695037,14.638414,0.000893,0.000556,0.000337,0,0,,,2,8,8,1,3,1,1,5,0
2,5,2,0,0,2,5e-06,114,0,254,0,0,0,0,91200000.0,0.0,2,0,0,0,0,0,57,0,0,0,0.0,0.0,1424253287,1424253287,0.005,0.0,0.0,0.0,0.0,0,2,,,2,28,28,18,18,18,18,28,1
11,520,19,0,0,0,0.001177,146,178,31,29,0,0,0,496176.7188,604927.8125,2,2,0,0,0,0,73,89,0,0,0.0,0.0,1424258996,1424258996,0.009,0.002,0.0,0.0,0.0,0,0,,,2,2,3,3,4,1,1,2,0
14,521,4,198,1,1,0.062516,2646,26060,31,29,7,15,2,330539.4063,3259069.75,42,44,255,255,636490854,684224945,63,592,0,0,89.865764,87.261519,1424223600,1424223600,1.516146,1.442581,0.000803,0.000482,0.000321,0,0,,,2,3,4,3,2,1,1,1,0
6,8,15,6,27,2,9e-06,200,0,254,0,0,0,2,88888888.0,0.0,2,0,0,0,0,0,100,0,0,0,0.0,0.0,1424251641,1424251641,0.009,0.0,0.0,0.0,0.0,0,2,,,2,4,4,3,3,3,3,4,1
12,522,18,199,1,1,0.021909,3390,44426,31,29,7,22,2,1215938.625,15942672.0,56,58,255,255,751951680,752290287,61,766,0,0,21.615041,20.551306,1424243948,1424243948,0.407358,0.373404,0.000742,0.000617,0.000125,0,0,,,2,6,9,7,4,1,1,1,0
8,523,8,9,1,1,0.00596,2158,2464,31,29,6,6,2,2777181.0,3170469.75,24,24,255,255,1234037737,1234376531,90,103,0,0,15.065903,0.326511,1421943967,1421943967,0.244217,0.230696,0.000774,0.000619,0.000155,0,0,0.0,0.0,0,9,6,4,1,1,1,1,0
9,524,14,26,1,1,1.672854,774,556,254,252,4,3,2,3438.435303,2395.905518,14,10,255,255,3083863142,709495353,55,56,0,0,240.271672,349.164594,1424260941,1424260942,136.752828,177.821109,0.170423,0.072464,0.097959,0,1,,,2,3,3,1,1,1,1,3,0
6,5,9,0,0,2,8e-06,114,0,254,0,0,0,0,57000000.0,0.0,2,0,0,0,0,0,57,0,0,0,0.0,0.0,1424225154,1424225154,0.008,0.0,0.0,0.0,0.0,0,2,,,2,13,13,2,2,2,2,13,1
2,2,2,0,0,2,5e-06,114,0,254,0,0,0,0,91200000.0,0.0,2,0,0,0,0,0,57,0,0,0,0.0,0.0,1424252733,1424252733,0.005,0.0,0.0,0.0,0.0,0,2,,,2,17,17,16,16,16,16,17,1
6,5,6,0,0,2,3e-06,114,0,254,0,0,0,0,152000000.0,0.0,2,0,0,0,0,0,57,0,0,0,0.0,0.0,1424260568,1424260568,0.003,0.0,0.0,0.0,0.0,0,2,,,2,23,23,16,17,16,16,23,1
2,2,3,0,0,2,9e-06,114,0,254,0,0,0,0,50666664.0,0.0,2,0,0,0,0,0,57,0,0,0,0.0,0.0,1424239308,1424239308,0.009,0.0,0.0,0.0,0.0,0,2,,,2,32,32,24,24,24,24,32,1
6,8,15,6,21,2,1e-05,200,0,254,0,0,0,2,80000000.0,0.0,2,0,0,0,0,0,100,0,0,0,0.0,0.0,1424251624,1424251624,0.01,0.0,0.0,0.0,0.0,0,2,,,2,4,4,1,1,1,1,4,1
3,2,14,0,0,2,6e-06,114,0,254,0,0,0,0,76000000.0,0.0,2,0,0,0,0,0,57,0,0,0,0.0,0.0,1424247888,1424247888,0.006,0.0,0.0,0.0,0.0,0,2,,,2,29,29,22,22,22,22,29,1
3,2,3,0,0,2,8e-06,114,0,254,0,0,0,0,57000000.0,0.0,2,0,0,0,0,0,57,0,0,0,0.0,0.0,1424233594,1424233594,0.008,0.0,0.0,0.0,0.0,0,2,,,2,34,34,34,34,34,20,34,1
4,525,13,0,0,0,0.000996,130,162,31,29,0,0,0,522088.3438,650602.375,2,2,0,0,0,0,65,81,0,0,0.0,0.0,1421947034,1421947034,0.009,0.008,0.0,0.0,0.0,0,0,0.0,0.0,0,4,6,4,4,2,1,1,0
11,526,19,4,1,1,1.225173,1684,10168,31,29,3,5,3,10212.43555,62711.14453,14,18,255,255,1230756400,1264704995,120,565,1,3924,9270.01435,8115.495481,1424247517,1424247518,94.215767,72.039529,0.000775,0.000499,0.000276,0,0,1.0,,2,2,4,1,5,2,1,1,0
3,5,14,0,0,2,3e-06,114,0,254,0,0,0,0,152000000.0,0.0,2,0,0,0,0,0,57,0,0,0,0.0,0.0,1424248105,1424248105,0.003,0.0,0.0,0.0,0.0,0,2,,,2,13,13,13,13,13,13,13,1
2,5,2,0,0,2,8e-06,114,0,254,0,0,0,0,57000000.0,0.0,2,0,0,0,0,0,57,0,0,0,0.0,0.0,1424254614,1424254614,0.008,0.0,0.0,0.0,0.0,0,2,,,2,34,34,34,34,34,18,34,1
2,5,3,0,0,2,6e-06,114,0,254,0,0,0,0,76000000.0,0.0,2,0,0,0,0,0,57,0,0,0,0.0,0.0,1424237842,1424237842,0.006,0.0,0.0,0.0,0.0,0,2,,,2,32,32,13,13,13,13,32,1
3,5,3,0,0,2,3e-06,114,0,254,0,0,0,0,152000000.0,0.0,2,0,0,0,0,0,57,0,0,0,0.0,0.0,1424232061,1424232061,0.003,0.0,0.0,0.0,0.0,0,2,,,2,54,54,44,43,43,18,54,1
9,527,6,4,1,1,0.235307,1196,1270,62,252,2,2,2,36615.99609,37805.92969,10,8,255,255,4042239212,2074044196,120,159,0,0,1243.915281,45.936754,1421932411,1421932411,26.111889,31.669857,0.066962,0.013617,0.053345,0,1,0.0,0.0,0,2,2,1,1,1,1,1,1
3,2,3,0,0,2,3e-06,114,0,254,0,0,0,0,152000000.0,0.0,2,0,0,0,0,0,57,0,0,0,0.0,0.0,1424232947,1424232947,0.003,0.0,0.0,0.0,0.0,0,2,,,2,28,28,25,27,25,25,28,1
11,528,10,0,0,0,0.00105,146,178,31,29,0,0,0,556190.5,678095.25,2,2,0,0,0,0,73,89,0,0,0.0,0.0,1421944659,1421944659,0.006,0.007,0.0,0.0,0.0,0,0,0.0,0.0,0,4,3,2,2,2,2,2,0
2,5,3,0,0,2,9e-06,114,0,254,0,0,0,0,50666664.0,0.0,2,0,0,0,0,0,57,0,0,0,0.0,0.0,1424238893,1424238893,0.009,0.0,0.0,0.0,0.0,0,2,,,2,39,39,20,20,20,20,39,1
11,529,8,200,1,1,0.033224,4550,68342,31,29,7,33,2,1081627.75,16250421.0,78,80,255,255,4203684174,4204280096,58,854,0,0,22.889746,22.136276,1421937787,1421937787,0.427013,0.41238,0.000791,0.000635,0.000156,0,0,0.0,0.0,0,3,4,1,2,1,1,1,0
2,2,3,0,0,2,8e-06,114,0,254,0,0,0,0,57000000.0,0.0,2,0,0,0,0,0,57,0,0,0,0.0,0.0,1424238660,1424238660,0.008,0.0,0.0,0.0,0.0,0,2,,,2,56,56,43,42,42,22,56,1
11,530,20,1,1,1,0.850708,2934,3740,31,29,11,15,1,27064.51563,34521.83203,52,54,255,255,3952310252,3957482625,56,69,0,0,1412.90189,52.864051,1424254340,1424254341,16.674293,16.041245,0.000645,0.000518,0.000127,0,0,,1.0,3,1,1,3,2,1,1,6,0
3,2,14,0,0,2,8e-06,114,0,254,0,0,0,0,57000000.0,0.0,2,0,0,0,0,0,57,0,0,0,0.0,0.0,1424248111,1424248111,0.008,0.0,0.0,0.0,0.0,0,2,,,2,25,25,22,22,22,22,25,1
3,5,14,0,0,2,7e-06,114,0,254,0,0,0,0,65142856.0,0.0,2,0,0,0,0,0,57,0,0,0,0.0,0.0,1424246218,1424246218,0.007,0.0,0.0,0.0,0.0,0,2,,,2,32,32,17,17,17,17,32,1
6,5,6,0,0,2,1e-06,114,0,254,0,0,0,0,456000000.0,0.0,2,0,0,0,0,0,57,0,0,0,0.0,0.0,1424260385,1424260385,0.001,0.0,0.0,0.0,0.0,0,2,,,2,22,22,23,22,22,9,22,1
11,531,8,201,1,1,0.014657,2438,19440,31,29,7,13,2,1295763.125,10345364.0,38,40,255,255,1645983744,3791687033,64,486,0,0,30.749008,26.402614,1424257965,1424257965,0.398056,0.369158,0.000734,0.000622,0.000112,0,0,,,2,13,8,6,6,1,1,2,0
2,2,3,0,0,2,9e-06,114,0,254,0,0,0,0,50666664.0,0.0,2,0,0,0,0,0,57,0,0,0,0.0,0.0,1424238582,1424238582,0.009,0.0,0.0,0.0,0.0,0,2,,,2,42,42,28,28,28,14,42,1
12,532,12,202,1,1,0.004939,3968,2456,31,29,7,7,2,6070864.5,3757845.5,18,18,255,255,746087309,749384198,220,136,0,0,13.369588,0.348449,1421940584,1421940584,0.271941,0.258353,0.000693,0.00054,0.000153,0,0,0.0,0.0,0,8,12,3,3,1,1,3,0
12,533,0,203,0,0,0.0017,536,304,31,29,0,0,2,1891764.625,1072941.125,4,4,0,0,0,0,134,76,0,0,0.620132,0.28497,1421956664,1421956664,0.443,0.206,0.0,0.0,0.0,0,0,0.0,0.0,0,4,3,2,2,1,1,2,0
6,5,9,0,0,2,6e-06,114,0,254,0,0,0,0,76000000.0,0.0,2,0,0,0,0,0,57,0,0,0,0.0,0.0,1424224558,1424224558,0.006,0.0,0.0,0.0,0.0,0,2,,,2,19,19,8,8,8,3,19,1
0,534,10,10,0,0,0.004667,568,320,31,29,0,0,2,730233.5625,411399.1875,4,4,0,0,0,0,142,80,0,0,1.721569,1.513681,1421934121,1421934121,1.221333,1.076333,0.0,0.0,0.0,0,0,0.0,0.0,0,16,6,3,5,1,1,3,0
2,8,15,6,17,2,4e-06,200,0,254,0,0,0,2,200000000.0,0.0,2,0,0,0,0,0,100,0,0,0,0.0,0.0,1424244404,1424244404,0.004,0.0,0.0,0.0,0.0,0,2,,,2,8,8,6,6,5,5,10,1
6,2,9,0,0,2,3e-06,114,0,254,0,0,0,0,152000000.0,0.0,2,0,0,0,0,0,57,0,0,0,0.0,0.0,1424224918,1424224918,0.003,0.0,0.0,0.0,0.0,0,2,,,2,15,15,6,6,6,6,15,1
14,535,18,0,0,0,0.001073,146,178,31,29,0,0,0,544268.375,663560.125,2,2,0,0,0,0,73,89,0,0,0.0,0.0,1421929048,1421929048,0.011,0.008,0.0,0.0,0.0,0,0,0.0,0.0,0,2,3,1,1,1,1,1,0
17,536,12,9,1,1,0.180675,1920,4312,31,29,6,6,2,81162.30469,183002.625,22,24,255,255,987451643,987780254,87,180,0,0,509.464284,485.573364,1421958394,1421958394,8.584619,7.828696,0.000764,0.000604,0.00016,0,0,0.0,0.0,0,4,3,3,2,1,1,1,0
6,537,14,33,1,1,1.399996,994,766,254,252,3,2,2,5211.443359,3834.296631,12,8,255,255,3308275166,1720699344,83,96,0,0,6774.418762,252.145641,1421928053,1421928054,123.096824,182.694859,0.223262,0.121121,0.102141,0,1,0.0,0.0,0,2,2,1,2,1,1,1,1
17,538,4,204,1,1,0.016978,2870,27666,31,29,7,16,2,1323124.125,12740253.0,46,44,255,255,261310124,261592026,62,629,0,0,21.926374,0.575527,1421930235,1421930235,0.370156,0.382279,0.00068,0.000529,0.000151,0,0,0.0,0.0,0,5,5,6,3,1,1,1,0
3,2,3,0,0,2,5e-06,114,0,254,0,0,0,0,91200000.0,0.0,2,0,0,0,0,0,57,0,0,0,0.0,0.0,1424232741,1424232741,0.005,0.0,0.0,0.0,0.0,0,2,,,2,22,22,22,23,22,22,22,1
10,539,18,8,1,1,0.037721,37266,3380,31,29,18,8,4,7751650.0,699875.375,52,42,255,255,974047487,975111223,717,80,0,0,51.245132,1.605248,1421946157,1421946157,0.732706,0.906781,0.000681,0.000537,0.000144,0,0,0.0,0.0,0,2,1,3,4,1,1,3,0
4,540,12,9,1,1,0.008217,2054,2478,31,29,6,6,2,1909212.5,2312279.25,22,24,255,255,413284202,2558912748,93,103,0,0,24.699309,16.757944,1421933951,1421933951,0.37381,0.306913,0.001268,0.001145,0.000123,0,0,0.0,0.0,0,8,15,2,6,1,1,1,0
3,541,2,8,1,1,2.529213,3019,1710,62,252,8,8,4,9153.835938,5139.938965,24,20,255,255,3115672371,3644375057,126,86,0,0,5930.714357,181.298812,1424237471,1424237473,109.926518,129.668313,0.132664,0.065507,0.067157,0,1,,,2,1,1,2,1,1,1,1,1
3,2,3,0,0,2,3e-06,114,0,254,0,0,0,0,152000000.0,0.0,2,0,0,0,0,0,57,0,0,0,0.0,0.0,1424232031,1424232031,0.003,0.0,0.0,0.0,0.0,0,2,,,2,47,47,37,37,37,19,47,1
6,8,17,6,3,2,9e-06,200,0,254,0,0,0,2,88888888.0,0.0,2,0,0,0,0,0,100,0,0,0,0.0,0.0,1424223248,1424223248,0.009,0.0,0.0,0.0,0.0,0,2,,,2,5,5,2,9,2,2,5,1
2,2,3,0,0,2,9e-06,114,0,254,0,0,0,0,50666664.0,0.0,2,0,0,0,0,0,57,0,0,0,0.0,0.0,1424240496,1424240496,0.009,0.0,0.0,0.0,0.0,0,2,,,2,44,44,44,44,44,24,44,1
3,542,17,4,1,1,3.67728,1190,2326,62,252,2,2,3,2329.983154,4555.541016,10,10,255,255,503809718,870715191,119,233,1,632,26078.39063,737.147125,1424239710,1424239714,408.586667,399.037125,0.129267,0.08526,0.044007,0,1,1.0,,2,4,1,1,1,1,1,1,1
4,543,13,9,1,1,1.080023,3848,19084,31,29,11,15,2,27940.14453,138641.4844,50,52,255,255,1273481901,1274085551,77,367,0,0,1809.239992,1772.786663,1424233340,1424233341,22.493605,21.57516,0.001419,0.001262,0.000157,0,0,,,2,4,4,6,1,1,1,1,0
0,544,8,8,1,1,0.026345,37172,3276,31,29,18,8,4,11070943.0,970203.0625,52,40,255,255,1052051051,1053078334,715,82,0,0,32.409371,1.437999,1424224818,1424224818,0.509706,0.661205,0.000693,0.000554,0.000139,0,0,,,2,1,1,2,2,1,1,3,0
11,545,20,0,0,0,0.001053,146,178,31,29,0,0,0,554605.875,676163.375,2,2,0,0,0,0,73,89,0,0,0.0,0.0,1421927899,1421927899,0.01,0.009,0.0,0.0,0.0,0,0,0.0,0.0,0,1,2,3,5,1,1,2,0
12,546,12,205,1,1,0.104778,2542,19266,31,29,7,13,2,189276.375,1434270.625,40,40,255,255,584422268,701191453,64,482,0,0,158.637183,4.255523,1424220411,1424220411,2.749237,2.672539,0.000687,0.000547,0.00014,0,0,,,2,5,2,1,4,1,1,1,0
3,5,3,0,0,2,9e-06,114,0,254,0,0,0,0,50666664.0,0.0,2,0,0,0,0,0,57,0,0,0,0.0,0.0,1424231474,1424231474,0.009,0.0,0.0,0.0,0.0,0,2,,,2,35,35,10,10,10,10,35,1
6,2,6,0,0,2,9e-06,114,0,254,0,0,0,0,50666664.0,0.0,2,0,0,0,0,0,57,0,0,0,0.0,0.0,1424259542,1424259542,0.009,0.0,0.0,0.0,0.0,0,2,,,2,32,32,18,17,17,17,32,1
2,2,2,0,0,2,3e-06,114,0,254,0,0,0,0,152000000.0,0.0,2,0,0,0,0,0,57,0,0,0,0.0,0.0,1424252969,1424252969,0.003,0.0,0.0,0.0,0.0,0,2,,,2,30,30,26,27,26,13,30,1
11,547,13,4,1,1,1.136689,1684,10168,31,29,3,5,3,11007.40918,67592.8125,14,18,255,255,2067744380,4218453945,120,565,1,3924,8833.008953,7734.744961,1421956817,1421956818,87.395618,66.833647,0.000636,0.000514,0.000122,0,0,4.0,0.0,0,3,3,6,3,2,2,2,0
12,548,8,8,1,1,0.023672,37288,3276,31,29,18,8,2,12359243.0,1079756.75,52,40,255,255,2965706813,821351376,717,82,0,0,27.820929,1.341369,1421945340,1421945340,0.457255,0.59441,0.000603,0.000482,0.000121,0,0,0.0,0.0,0,11,9,9,13,5,5,5,0
2,5,3,0,0,2,1e-05,114,0,254,0,0,0,0,45600000.0,0.0,2,0,0,0,0,0,57,0,0,0,0.0,0.0,1424237564,1424237564,0.01,0.0,0.0,0.0,0.0,0,2,,,2,52,52,32,32,32,11,52,1
17,549,12,206,1,1,0.085534,3390,43544,31,29,7,22,2,311455.0938,4002525.25,56,58,255,255,3999790902,1923940046,61,751,0,0,91.543373,88.981781,1421932185,1421932185,1.549436,1.491281,0.000673,0.000527,0.000146,0,0,0.0,0.0,0,5,5,2,3,1,1,1,0
3,2,3,0,0,2,1e-05,114,0,254,0,0,0,0,45600000.0,0.0,2,0,0,0,0,0,57,0,0,0,0.0,0.0,1424231918,1424231918,0.01,0.0,0.0,0.0,0.0,0,2,,,2,34,34,12,12,12,12,34,1
5,5,5,0,0,2,4e-06,264,0,60,0,0,0,0,264000000.0,0.0,2,0,0,0,0,0,132,0,0,0,0.0,0.0,1424239451,1424239451,0.004,0.0,0.0,0.0,0.0,0,0,,,2,27,27,13,13,13,13,27,0
6,8,17,6,3,2,9e-06,200,0,254,0,0,0,2,88888888.0,0.0,2,0,0,0,0,0,100,0,0,0,0.0,0.0,1424223248,1424223248,0.009,0.0,0.0,0.0,0.0,0,2,,,2,5,5,2,9,2,2,5,1
3,550,11,26,1,1,0.382447,534,268,254,252,2,1,2,10061.52441,4685.616699,10,6,255,255,86067713,3148218820,53,45,0,0,1922.944304,92.141164,1424223312,1424223312,36.020778,65.642,0.091015,0.054228,0.036787,0,1,,,2,8,5,2,3,2,1,5,1
12,551,12,0,0,0,0.001036,130,162,31,29,0,0,0,501930.5,625482.625,2,2,0,0,0,0,65,81,0,0,0.0,0.0,1421951461,1421951461,0.001,0.008,0.0,0.0,0.0,0,0,0.0,0.0,0,1,2,3,10,1,1,1,0
17,552,10,207,1,1,0.017825,2990,33592,31,29,7,18,2,1314109.375,14775203.0,48,50,255,255,980146944,999708033,62,672,0,0,20.312654,19.973134,1421971569,1421971569,0.372362,0.350347,0.000809,0.000654,0.000155,0,0,0.0,0.0,0,4,8,2,3,1,1,1,0
12,553,20,18,1,1,0.034319,7816,15020,31,29,30,32,2,1807045.75,3473528.0,122,126,255,255,2668535376,2669473110,64,119,0,0,17.912813,0.419823,1424249681,1424249681,0.290462,0.270528,0.00062,0.0005,0.00012,0,0,,,2,10,4,4,6,1,1,5,0
6,8,15,6,3,2,5e-06,200,0,254,0,0,0,2,160000000.0,0.0,2,0,0,0,0,0,100,0,0,0,0.0,0.0,1424251667,1424251667,0.005,0.0,0.0,0.0,0.0,0,2,,,2,2,2,2,2,2,2,2,1
1,554,8,0,0,0,0.001079,130,162,31,29,0,0,0,481927.7188,600556.125,2,2,0,0,0,0,65,81,0,0,0.0,0.0,1421947222,1421947222,0.008,0.008,0.0,0.0,0.0,0,0,0.0,0.0,0,2,4,1,4,1,1,1,0
2,555,9,33,1,1,1.119043,3052,736,254,252,3,2,2,20002.80664,4603.934082,12,8,255,255,1553757879,3633559002,254,92,0,0,5204.412971,214.470781,1424248717,1424248718,98.235911,141.886719,0.289866,0.125827,0.164039,0,1,,,2,9,4,1,1,1,1,4,1
4,556,12,208,1,1,0.053855,528,8824,31,29,1,4,5,70708.38281,1201596.875,10,12,255,255,3479804021,1633837659,53,735,0,0,589.353677,443.328597,1424224418,1424224418,6.681125,4.844546,0.000705,0.000562,0.000143,0,0,,,2,3,3,4,7,1,1,3,0
10,557,18,209,0,0,0.001709,536,304,31,29,0,0,2,1881802.25,1067290.875,4,4,0,0,0,0,134,76,0,0,0.615183,0.312312,1424238044,1424238044,0.44,0.225333,0.0,0.0,0.0,0,0,,,2,3,4,5,4,1,1,3,0
3,2,3,0,0,2,9e-06,114,0,254,0,0,0,0,50666664.0,0.0,2,0,0,0,0,0,57,0,0,0,0.0,0.0,1424231854,1424231854,0.009,0.0,0.0,0.0,0.0,0,2,,,2,27,27,25,26,25,25,27,1
13,558,4,210,1,1,0.447534,4688,3080,31,29,7,7,2,80816.21094,53233.94531,28,30,255,255,683470712,2976417097,167,103,0,0,893.310552,22.425402,1421958616,1421958616,16.562889,15.412689,0.000713,0.000562,0.000151,0,0,0.0,0.0,0,11,10,9,4,1,1,4,0
2,5,3,0,0,2,4e-06,114,0,254,0,0,0,0,114000000.0,0.0,2,0,0,0,0,0,57,0,0,0,0.0,0.0,1421931973,1421931973,0.004,0.0,0.0,0.0,0.0,0,2,0.0,0.0,0,14,14,6,6,6,4,6,1
3,5,3,0,0,2,9e-06,114,0,254,0,0,0,0,50666664.0,0.0,2,0,0,0,0,0,57,0,0,0,0.0,0.0,1424231867,1424231867,0.009,0.0,0.0,0.0,0.0,0,2,,,2,31,31,20,20,20,8,31,1
1,559,4,211,1,1,0.050717,3302,35400,31,29,7,21,2,511228.9688,5484236.0,54,56,255,255,1029832627,1035709294,61,632,0,0,0.0,60.780818,1421936479,1421936479,0.950528,0.913655,0.000591,0.000462,0.000129,0,0,0.0,0.0,0,5,5,2,3,1,1,1,0
6,2,6,0,0,2,3e-06,114,0,254,0,0,0,0,152000000.0,0.0,2,0,0,0,0,0,57,0,0,0,0.0,0.0,1424261003,1424261003,0.003,0.0,0.0,0.0,0.0,0,2,,,2,19,19,3,3,3,3,20,1
14,560,10,212,1,1,0.24649,320,1842,31,29,1,2,5,8665.666016,52318.55078,6,8,255,255,66900999,1390453772,53,230,0,0,3471.021239,85.718383,1421939121,1421939121,49.232,35.132145,0.000682,0.00056,0.000122,0,0,0.0,0.0,0,3,3,1,5,1,1,1,0
13,561,10,9,1,1,0.039189,2054,2478,31,29,6,6,2,400316.4063,484829.9375,22,24,255,255,1891500393,1891813189,93,103,0,0,239.847252,221.841468,1421957093,1421957093,1.848952,1.67587,0.000797,0.000633,0.000164,0,0,0.0,0.0,0,4,11,1,1,1,1,1,0
13,562,20,213,1,1,0.017498,2334,16920,31,29,7,12,2,1037832.938,7532289.5,36,38,255,255,1662420389,3822636060,65,445,0,0,43.120244,40.082713,1424227635,1424227635,0.520818,0.460324,0.000596,0.000463,0.000133,0,0,,,2,9,10,5,7,1,1,3,0
8,563,10,0,0,0,0.001093,146,178,31,29,0,0,2,534309.1875,651418.0625,2,2,0,0,0,0,73,89,0,0,0.0,0.0,1421955656,1421955656,0.01,0.005,0.0,0.0,0.0,0,0,0.0,0.0,0,5,9,1,1,1,1,1,0
1,564,0,0,0,0,0.001027,146,178,31,29,0,0,0,568646.5625,693281.375,2,2,0,0,0,0,73,89,0,0,0.0,0.0,1421931532,1421931532,0.011,0.008,0.0,0.0,0.0,0,0,0.0,0.0,0,2,1,2,1,1,1,1,0
3,8,11,6,28,2,8e-06,200,0,254,0,0,0,2,100000000.0,0.0,2,0,0,0,0,0,100,0,0,0,0.0,0.0,1424230298,1424230298,0.008,0.0,0.0,0.0,0.0,0,2,,,2,4,4,1,1,1,1,4,1
3,565,24,8,1,1,0.808596,3687,1882,254,252,8,8,4,34825.79688,17689.92188,22,20,255,255,2325333313,757831714,168,94,0,0,1992.440612,49.410996,1424233856,1424233857,38.504571,41.171738,0.053412,0.007978,0.045434,0,1,,,2,1,1,1,1,1,1,1,1
11,566,19,9,1,1,0.006128,2054,2478,31,29,6,6,2,2560052.25,3100522.25,22,24,255,255,4288591553,2143477212,93,103,0,0,16.170976,15.83448,1421929558,1421929558,0.274095,0.24313,0.000942,0.000525,0.000417,0,0,0.0,0.0,0,6,3,1,1,1,1,1,0
5,5,7,0,0,2,4e-06,264,0,60,0,0,0,0,264000000.0,0.0,2,0,0,0,0,0,132,0,0,0,0.0,0.0,1424232869,1424232869,0.004,0.0,0.0,0.0,0.0,0,0,,,2,25,25,25,25,25,25,25,0
2,2,2,0,0,2,3e-06,114,0,254,0,0,0,0,152000000.0,0.0,2,0,0,0,0,0,57,0,0,0,0.0,0.0,1424253259,1424253259,0.003,0.0,0.0,0.0,0.0,0,2,,,2,46,46,9,9,9,9,46,1
8,567,12,9,1,1,1.118131,1920,4312,31,29,6,6,2,13114.74219,29570.77344,22,24,255,255,4043471863,1898398505,87,180,0,0,4042.475716,3855.31853,1424251312,1424251313,53.227189,48.588479,0.000706,0.000587,0.000119,0,0,,,2,4,2,1,3,1,1,1,0
3,5,14,0,0,2,1e-05,114,0,254,0,0,0,0,45600000.0,0.0,2,0,0,0,0,0,57,0,0,0,0.0,0.0,1424245186,1424245186,0.01,0.0,0.0,0.0,0.0,0,2,,,2,15,15,15,15,15,15,15,1
2,2,3,0,0,2,8e-06,114,0,254,0,0,0,0,57000000.0,0.0,2,0,0,0,0,0,57,0,0,0,0.0,0.0,1424237751,1424237751,0.008,0.0,0.0,0.0,0.0,0,2,,,2,39,39,25,25,24,24,39,1
14,568,19,0,0,0,0.001104,146,178,31,29,0,0,0,528985.5,644927.5,2,2,0,0,0,0,73,89,0,0,0.0,0.0,1421967234,1421967234,0.01,0.009,0.0,0.0,0.0,0,0,0.0,0.0,0,3,1,2,2,1,1,1,0
10,569,10,0,0,0,0.001055,146,178,31,29,0,0,0,553554.5,674881.5,2,2,0,0,0,0,73,89,0,0,0.0,0.0,1424243354,1424243354,0.007,0.007,0.0,0.0,0.0,0,0,,,2,1,2,1,1,1,1,1,0
0,570,8,4,1,1,0.003856,1044,824,31,29,2,2,3,1896265.5,1539419.125,8,10,255,255,1556948926,1558005140,131,82,1,83,32.16565,0.665785,1424262006,1424262006,0.503143,0.368222,0.000663,0.000538,0.000125,0,0,1.0,,2,2,1,9,11,1,1,7,0
1,571,18,214,1,1,0.076962,4014,57846,31,29,7,28,2,411111.9688,5927081.0,68,70,255,255,2078184672,4223855774,59,826,0,0,70.317149,68.77034,1424232182,1424232182,1.14397,1.107246,0.000692,0.000555,0.000137,0,0,,,2,2,3,3,3,1,1,1,0
9,572,6,4,1,1,0.239718,2682,268,254,252,2,1,3,80561.32813,7475.450195,10,6,255,255,3493037875,2587501391,268,45,1,0,1260.057746,64.462227,1424222415,1424222415,23.538889,43.813801,0.073845,0.020639,0.053206,0,1,1.0,,2,1,1,1,1,1,1,1,1
2,5,3,0,0,2,4e-06,114,0,254,0,0,0,0,114000000.0,0.0,2,0,0,0,0,0,57,0,0,0,0.0,0.0,1424239182,1424239182,0.004,0.0,0.0,0.0,0.0,0,2,,,2,23,23,20,20,20,20,23,1
17,573,13,215,1,1,0.019908,2854,30654,31,29,7,17,2,1121961.0,12061885.0,46,48,255,255,1288249790,3438134678,62,639,0,0,24.923185,24.137289,1424232195,1424232195,0.444591,0.410532,0.000711,0.000604,0.000107,0,0,,,2,8,1,1,3,1,1,1,0
0,574,0,216,1,1,0.033184,3302,40832,31,29,7,21,2,781340.4375,9668033.0,54,56,255,255,3122408548,3142555801,61,729,0,0,0.0,38.075092,1421946261,1421946261,0.619434,0.592964,0.000724,0.000567,0.000157,0,0,0.0,0.0,0,6,11,5,2,1,1,1,0
3,2,3,0,0,2,9e-06,114,0,254,0,0,0,0,50666664.0,0.0,2,0,0,0,0,0,57,0,0,0,0.0,0.0,1424232091,1424232091,0.009,0.0,0.0,0.0,0.0,0,2,,,2,52,52,43,43,43,25,52,1
2,5,3,0,0,2,9e-06,114,0,254,0,0,0,0,50666664.0,0.0,2,0,0,0,0,0,57,0,0,0,0.0,0.0,1424238547,1424238547,0.009,0.0,0.0,0.0,0.0,0,2,,,2,27,27,12,12,12,12,27,1
3,5,14,0,0,2,3e-06,114,0,254,0,0,0,0,152000000.0,0.0,2,0,0,0,0,0,57,0,0,0,0.0,0.0,1424247389,1424247389,0.003,0.0,0.0,0.0,0.0,0,2,,,2,35,35,17,18,17,17,35,1
6,5,9,0,0,2,9e-06,114,0,254,0,0,0,0,50666664.0,0.0,2,0,0,0,0,0,57,0,0,0,0.0,0.0,1424224323,1424224323,0.009,0.0,0.0,0.0,0.0,0,2,,,2,21,21,9,9,9,9,21,1
13,575,4,4,1,1,1.160777,1684,10168,31,29,3,5,3,10778.98731,66190.14844,14,18,255,255,3832019253,3866050570,120,565,1,3924,8844.990445,7744.588447,1424221619,1424221620,89.262692,68.247647,0.000705,0.000564,0.000141,0,0,1.0,,2,1,2,3,1,1,1,5,0
7,2,7,0,0,2,3e-06,264,0,60,0,0,0,0,352000000.0,0.0,2,0,0,0,0,0,132,0,0,0,0.0,0.0,1424245334,1424245334,0.003,0.0,0.0,0.0,0.0,0,0,,,2,33,33,23,23,23,23,33,0
3,2,3,0,0,2,3e-06,114,0,254,0,0,0,0,152000000.0,0.0,2,0,0,0,0,0,57,0,0,0,0.0,0.0,1424233544,1424233544,0.003,0.0,0.0,0.0,0.0,0,2,,,2,38,38,25,25,25,25,38,1
2,5,3,0,0,2,7e-06,114,0,254,0,0,0,0,65142856.0,0.0,2,0,0,0,0,0,57,0,0,0,0.0,0.0,1424239167,1424239167,0.007,0.0,0.0,0.0,0.0,0,2,,,2,20,20,20,20,20,20,20,1
3,576,16,12,0,2,1e-05,1144,0,254,0,0,0,2,457600000.0,0.0,2,0,0,0,0,0,572,0,0,0,0.0,0.0,1424231662,1424231662,0.01,0.0,0.0,0.0,0.0,0,2,,,2,9,6,2,21,2,1,6,1
1,577,20,9,1,1,0.003886,1036,2262,31,29,4,4,2,1955738.5,4269686.0,12,12,255,255,3829889946,3830170795,86,189,0,0,16.392072,0.361836,1424254905,1424254905,0.322,0.304273,0.000643,0.00053,0.000113,0,0,,,2,12,5,3,4,1,1,2,0
4,578,12,7,1,1,0.442547,7116,269322,31,29,12,98,2,127552.5547,4846653.5,118,222,255,255,67855484,2221419877,60,1213,0,0,888.505869,643.548093,1424258918,1424258919,3.812345,2.000416,0.00056,0.000452,0.000108,0,0,,,2,4,8,4,1,1,1,3,0
14,579,0,217,1,1,0.048305,4862,78556,31,29,7,36,2,795776.8125,12858793.0,84,86,255,255,3736642756,1587371979,58,913,0,0,32.288357,30.773308,1421968707,1421968707,0.58461,0.561376,0.000708,0.000577,0.000131,0,0,0.0,0.0,0,7,9,5,2,1,1,1,0
2,5,3,0,0,2,1e-05,114,0,254,0,0,0,0,45600000.0,0.0,2,0,0,0,0,0,57,0,0,0,0.0,0.0,1424237572,1424237572,0.01,0.0,0.0,0.0,0.0,0,2,,,2,59,59,59,59,59,30,59,1
5,5,7,0,0,2,2e-06,264,0,60,0,0,0,0,528000000.0,0.0,2,0,0,0,0,0,132,0,0,0,0.0,0.0,1424230465,1424230465,0.002,0.0,0.0,0.0,0.0,0,0,,,2,50,50,34,34,34,19,50,0
0,580,20,0,0,0,0.001085,146,178,31,29,0,0,0,538248.875,656221.1875,2,2,0,0,0,0,73,89,0,0,0.0,0.0,1421941347,1421941347,0.01,0.008,0.0,0.0,0.0,0,0,0.0,0.0,0,2,2,2,2,2,1,1,0
1,581,1,30,1,1,0.006209,3728,5474,31,29,7,7,6,4653889.5,6759220.5,32,24,255,255,1000565910,1000870758,117,228,0,0,12.627568,0.336217,1421951415,1421951415,0.20029,0.236565,0.000772,0.000626,0.000146,0,0,0.0,0.0,0,1,1,3,3,1,1,1,0
2,5,3,0,0,2,1.2e-05,114,0,254,0,0,0,0,38000000.0,0.0,2,0,0,0,0,0,57,0,0,0,0.0,0.0,1421932948,1421932948,0.012,0.0,0.0,0.0,0.0,0,2,0.0,0.0,0,8,8,4,4,4,4,4,1
8,582,13,0,0,0,0.000955,146,178,31,29,0,0,0,611518.3125,745549.75,2,2,0,0,0,0,73,89,0,0,0.0,0.0,1421952754,1421952754,0.001,0.001,0.0,0.0,0.0,0,0,0.0,0.0,0,2,10,5,4,1,1,2,0
2,2,3,0,0,2,9e-06,114,0,254,0,0,0,0,50666664.0,0.0,2,0,0,0,0,0,57,0,0,0,0.0,0.0,1424239165,1424239165,0.009,0.0,0.0,0.0,0.0,0,2,,,2,44,44,24,25,24,24,44,1
9,583,3,218,1,3,8e-06,90,0,254,0,1,0,2,45000000.0,0.0,2,0,255,0,0,0,45,0,0,0,0.0,0.0,1424239870,1424239870,0.008,0.0,0.0,0.0,0.0,0,6,,,2,6,6,1,1,1,1,6,0
11,584,8,219,1,1,0.012639,2230,14740,31,29,7,11,2,1370361.625,9070971.0,34,36,255,255,328317872,339379016,66,409,0,0,21.876698,19.53925,1424241510,1424241510,0.372939,0.357735,0.000588,0.000473,0.000115,0,0,,,2,9,11,3,5,1,1,1,0
2,8,15,6,3,2,9e-06,200,0,254,0,0,0,2,88888888.0,0.0,2,0,0,0,0,0,100,0,0,0,0.0,0.0,1424244427,1424244427,0.009,0.0,0.0,0.0,0.0,0,2,,,2,12,12,5,5,4,4,14,1
7,5,7,0,0,2,2e-06,264,0,60,0,0,0,0,528000000.0,0.0,2,0,0,0,0,0,132,0,0,0,0.0,0.0,1424245509,1424245509,0.002,0.0,0.0,0.0,0.0,0,0,,,2,33,33,22,22,22,22,33,0
2,5,3,0,0,2,8e-06,114,0,254,0,0,0,0,57000000.0,0.0,2,0,0,0,0,0,57,0,0,0,0.0,0.0,1424238934,1424238934,0.008,0.0,0.0,0.0,0.0,0,2,,,2,32,32,32,32,32,14,32,1
2,2,3,0,0,2,5e-06,114,0,254,0,0,0,0,91200000.0,0.0,2,0,0,0,0,0,57,0,0,0,0.0,0.0,1424238984,1424238984,0.005,0.0,0.0,0.0,0.0,0,2,,,2,34,34,30,30,30,17,34,1
2,2,2,0,0,2,9e-06,114,0,254,0,0,0,0,50666664.0,0.0,2,0,0,0,0,0,57,0,0,0,0.0,0.0,1424253928,1424253928,0.009,0.0,0.0,0.0,0.0,0,2,,,2,19,19,12,12,12,12,19,1
6,2,9,0,0,2,7e-06,114,0,254,0,0,0,0,65142856.0,0.0,2,0,0,0,0,0,57,0,0,0,0.0,0.0,1424225112,1424225112,0.007,0.0,0.0,0.0,0.0,0,2,,,2,13,13,8,8,8,8,13,1
3,2,3,0,0,2,3e-06,114,0,254,0,0,0,0,152000000.0,0.0,2,0,0,0,0,0,57,0,0,0,0.0,0.0,1424231463,1424231463,0.003,0.0,0.0,0.0,0.0,0,2,,,2,36,36,25,25,25,25,36,1
2,8,15,6,22,2,9e-06,200,0,254,0,0,0,2,88888888.0,0.0,2,0,0,0,0,0,100,0,0,0,0.0,0.0,1424244375,1424244375,0.009,0.0,0.0,0.0,0.0,0,2,,,2,5,5,2,2,2,2,5,1
11,585,13,220,1,1,0.059625,3286,45010,31,29,7,22,2,432838.5625,5938448.5,54,60,255,255,3088868565,963491745,61,750,0,0,71.663363,64.434594,1424261246,1424261247,1.118585,1.002746,0.000575,0.00046,0.000115,0,0,,,2,2,2,4,3,1,1,1,0
6,2,9,0,0,2,4e-06,114,0,254,0,0,0,0,114000000.0,0.0,2,0,0,0,0,0,57,0,0,0,0.0,0.0,1424224707,1424224707,0.004,0.0,0.0,0.0,0.0,0,2,,,2,12,12,8,8,8,8,12,1
6,5,6,0,0,2,7e-06,114,0,254,0,0,0,0,65142856.0,0.0,2,0,0,0,0,0,57,0,0,0,0.0,0.0,1424260597,1424260597,0.007,0.0,0.0,0.0,0.0,0,2,,,2,30,30,9,9,9,9,30,1
11,586,12,4,1,1,1.004703,1580,10168,31,29,3,5,3,11537.73731,76472.34375,12,18,255,255,1255051248,1256106740,132,565,1,3924,9526.920132,0.0,1421972643,1421972644,91.302729,59.068116,0.000667,0.000541,0.000126,0,0,1.0,0.0,0,2,1,2,2,1,1,1,0
11,587,8,0,0,0,0.00106,130,162,31,29,0,0,0,490566.0313,611320.75,2,2,0,0,0,0,65,81,0,0,0.0,0.0,1421931895,1421931895,0.011,0.008,0.0,0.0,0.0,0,0,0.0,0.0,0,1,3,4,3,1,1,1,0
2,2,3,0,0,2,9e-06,114,0,254,0,0,0,0,50666664.0,0.0,2,0,0,0,0,0,57,0,0,0,0.0,0.0,1421933492,1421933492,0.009,0.0,0.0,0.0,0.0,0,2,0.0,0.0,0,7,7,4,4,3,3,3,1
13,588,0,10,0,0,0.004732,568,320,31,29,0,0,2,720202.875,405748.0938,4,4,0,0,0,0,142,80,0,0,1.753628,1.501423,1421928484,1421928484,1.247,1.068667,0.0,0.0,0.0,0,0,0.0,0.0,0,5,6,5,3,1,1,3,0
6,5,6,0,0,2,8e-06,114,0,254,0,0,0,0,57000000.0,0.0,2,0,0,0,0,0,57,0,0,0,0.0,0.0,1424261879,1424261879,0.008,0.0,0.0,0.0,0.0,0,2,,,2,24,24,8,8,8,8,24,1
1,589,1,221,1,1,0.395335,320,1874,31,29,1,2,2,5403.012695,33187.04297,6,8,255,255,1177355728,3680415234,53,234,0,0,5576.596673,137.811281,1421955635,1421955636,79.002,56.407,0.000631,0.000483,0.000148,0,0,0.0,0.0,0,22,7,2,3,1,1,1,0
13,590,20,0,0,0,0.001042,146,178,31,29,0,0,0,560460.625,683301.3125,2,2,0,0,0,0,73,89,0,0,0.0,0.0,1421944988,1421944988,0.006,0.008,0.0,0.0,0.0,0,0,0.0,0.0,0,3,4,15,20,3,3,15,0
2,2,2,0,0,2,9e-06,114,0,254,0,0,0,0,50666664.0,0.0,2,0,0,0,0,0,57,0,0,0,0.0,0.0,1424254538,1424254538,0.009,0.0,0.0,0.0,0.0,0,2,,,2,27,27,16,17,16,16,27,1
6,5,6,0,0,2,5e-06,114,0,254,0,0,0,0,91200000.0,0.0,2,0,0,0,0,0,57,0,0,0,0.0,0.0,1424260653,1424260653,0.005,0.0,0.0,0.0,0.0,0,2,,,2,35,35,33,33,33,16,35,1
13,591,13,4,1,1,1.01965,1580,10168,31,29,3,5,3,11368.60742,75351.34375,12,18,255,255,3143470734,999080241,132,565,1,3924,9532.604043,7675.652337,1424230516,1424230517,92.665271,59.948585,0.000658,0.00052,0.000138,0,0,1.0,,2,1,1,3,3,1,1,2,0
6,8,17,6,29,2,5e-06,200,0,254,0,0,0,2,160000000.0,0.0,2,0,0,0,0,0,100,0,0,0,0.0,0.0,1424223212,1424223212,0.005,0.0,0.0,0.0,0.0,0,2,,,2,3,3,2,19,2,2,4,1
12,592,18,10,0,0,0.00462,568,312,31,29,0,0,2,737662.375,405194.8125,4,4,0,0,0,0,142,78,0,0,1.749382,1.480682,1421941884,1421941884,1.241,1.055,0.0,0.0,0.0,0,0,0.0,0.0,0,6,10,5,3,1,1,3,0
9,593,24,1,1,1,3.324673,1370,1610,62,252,7,9,1,3171.439697,3698.408936,26,22,255,255,526572569,1486932045,53,73,0,0,7951.716041,9983.242938,1424238444,1424238448,132.986925,153.84833,0.126337,0.062304,0.064033,0,1,,1.0,3,1,1,1,1,1,1,2,1
7,2,7,0,0,2,5e-06,264,0,60,0,0,0,0,211200000.0,0.0,2,0,0,0,0,0,132,0,0,0,0.0,0.0,1424246207,1424246207,0.005,0.0,0.0,0.0,0.0,0,0,,,2,23,23,23,23,23,11,23,0
11,594,10,0,0,0,0.000978,130,162,31,29,0,0,0,531697.3125,662576.6875,2,2,0,0,0,0,65,81,0,0,0.0,0.0,1421937049,1421937049,0.004,0.006,0.0,0.0,0.0,0,0,0.0,0.0,0,2,1,2,2,1,1,1,0
8,595,13,222,1,1,0.004763,4064,2456,31,29,7,7,2,6448036.5,3896703.5,18,18,255,255,3193145069,1050907994,226,136,0,0,13.009306,0.33604,1424230444,1424230444,0.261941,0.246824,0.000713,0.000564,0.000149,0,0,,,2,8,9,4,3,1,1,6,0
2,2,3,0,0,2,3e-06,114,0,254,0,0,0,0,152000000.0,0.0,2,0,0,0,0,0,57,0,0,0,0.0,0.0,1424238116,1424238116,0.003,0.0,0.0,0.0,0.0,0,2,,,2,44,44,44,44,44,24,44,1
14,596,10,223,0,0,0.001786,528,304,31,29,0,0,2,1773796.25,1021276.625,4,4,0,0,0,0,132,76,0,0,0.639225,0.326921,1424240165,1424240165,0.458,0.234667,0.0,0.0,0.0,0,0,,,2,5,8,6,3,1,1,3,0
3,2,3,0,0,2,2e-06,114,0,254,0,0,0,0,228000000.0,0.0,2,0,0,0,0,0,57,0,0,0,0.0,0.0,1424230628,1424230628,0.002,0.0,0.0,0.0,0.0,0,2,,,2,17,17,17,17,17,17,17,1
4,597,8,224,1,1,0.046197,2438,20826,31,29,7,13,2,411108.9375,3516418.75,38,40,255,255,2885590473,2939160969,64,521,0,0,0.0,72.781238,1421946586,1421946586,1.238595,1.17059,0.000662,0.00054,0.000122,0,0,0.0,0.0,0,5,4,3,3,1,1,1,0
3,5,3,0,0,2,3e-06,114,0,254,0,0,0,0,152000000.0,0.0,2,0,0,0,0,0,57,0,0,0,0.0,0.0,1424233154,1424233154,0.003,0.0,0.0,0.0,0.0,0,2,,,2,40,40,15,15,15,15,40,1
3,5,14,0,0,2,9e-06,114,0,254,0,0,0,0,50666664.0,0.0,2,0,0,0,0,0,57,0,0,0,0.0,0.0,1424247230,1424247230,0.009,0.0,0.0,0.0,0.0,0,2,,,2,33,33,17,17,17,17,33,1
1,598,8,225,1,1,1.059401,424,8824,31,29,1,4,5,2801.583008,61083.57422,8,12,255,255,3256060922,1915857355,53,735,0,0,9087.307286,7232.210288,1424242028,1424242029,151.297853,96.265182,0.000599,0.000479,0.00012,0,0,,,2,2,3,2,1,1,1,5,0
9,599,11,226,1,1,1.205226,364,3754,62,252,1,3,2,2117.445312,22428.99023,8,10,255,255,1502446289,2665977050,46,375,0,0,10840.46624,8605.559357,1421933052,1421933054,172.175143,121.114667,0.2149,0.114585,0.100315,0,1,0.0,0.0,0,5,2,2,2,1,1,2,1
11,600,10,227,0,0,0.001751,520,304,31,29,0,0,2,1781839.0,1041690.5,4,4,0,0,0,0,130,76,0,0,0.619662,0.310193,1421947696,1421947696,0.443667,0.224333,0.0,0.0,0.0,0,0,0.0,0.0,0,5,8,3,6,1,1,3,0
4,601,12,228,1,1,0.043175,2854,31402,31,29,7,17,2,517336.4063,5697371.0,46,48,255,255,1422096282,1457694158,62,654,0,0,60.690686,59.764052,1421949014,1421949014,0.951356,0.926435,0.00067,0.000554,0.000116,0,0,0.0,0.0,0,2,2,3,4,1,1,1,0
3,602,15,4,1,1,0.188067,838,8514,62,252,2,4,3,32116.21289,332009.3438,10,12,255,255,2420179029,3473103218,84,710,1,3755,1095.869959,1445.701891,1424222242,1424222242,20.896333,15.472454,0.058458,0.014182,0.044276,0,1,1.0,,2,1,1,1,1,1,1,1,1
12,603,12,9,1,1,0.910369,1920,4312,31,29,6,6,2,16107.75488,36319.33984,22,24,255,255,811293619,811601768,87,180,0,0,2822.053323,2694.800686,1424252012,1424252013,43.334429,39.553217,0.000781,0.000635,0.000146,0,0,,,2,2,1,2,3,2,1,2,0
12,604,12,0,0,0,0.000987,146,178,31,29,0,0,0,591692.0,721377.9375,2,2,0,0,0,0,73,89,0,0,0.0,0.0,1424222462,1424222462,0.01,0.002,0.0,0.0,0.0,0,0,,,2,3,1,1,4,1,1,2,0
3,605,6,4,1,1,0.28852,966,268,254,252,2,1,3,24123.11133,6211.007812,10,6,255,255,2273479731,3016901029,97,45,1,0,1394.593218,63.471414,1424255258,1424255258,27.497667,47.927398,0.09714,0.048881,0.048259,0,1,1.0,,2,1,1,1,1,1,1,1,1
1,606,19,30,1,1,2.912786,3728,5474,31,29,7,7,6,9920.399414,14408.19922,32,24,255,255,2057961769,4203653785,117,228,0,0,7920.454354,256.436391,1424224472,1424224475,97.09287,126.610438,0.000777,0.000616,0.000161,0,0,,,2,1,1,4,2,1,1,5,0
0,607,12,0,0,0,0.001075,146,178,31,29,0,0,0,543255.8125,662325.5625,2,2,0,0,0,0,73,89,0,0,0.0,0.0,1424230508,1424230508,0.009,0.007,0.0,0.0,0.0,0,0,,,2,1,1,2,1,1,1,1,0
2,2,3,0,0,2,2e-06,114,0,254,0,0,0,0,228000000.0,0.0,2,0,0,0,0,0,57,0,0,0,0.0,0.0,1424237484,1424237484,0.002,0.0,0.0,0.0,0.0,0,2,,,2,38,38,38,39,38,20,38,1
12,608,8,229,1,1,0.066176,2974,31224,31,29,7,18,2,352151.8438,3699226.5,48,50,255,255,608801618,687705113,62,624,0,0,80.019068,78.431993,1424249277,1424249277,1.400979,1.340878,0.000592,0.00047,0.000122,0,0,,,2,8,6,2,6,1,1,2,0
10,609,0,230,1,1,0.020525,2974,33374,31,29,7,18,2,1135395.875,12748161.0,48,50,255,255,3192086700,1047007522,62,667,0,0,25.237545,24.314089,1424228025,1424228025,0.429851,0.415208,0.000726,0.000586,0.00014,0,0,,,2,9,4,3,2,1,1,1,0
17,610,1,231,1,1,0.037894,3598,45562,31,29,7,24,2,747136.75,9463873.0,60,62,255,255,3776234097,3795114303,60,735,0,0,39.837373,43.217959,1424255199,1424255199,0.636881,0.612361,0.000676,0.000538,0.000138,0,0,,,2,5,6,4,2,1,1,5,0
3,5,14,0,0,2,1e-05,114,0,254,0,0,0,0,45600000.0,0.0,2,0,0,0,0,0,57,0,0,0,0.0,0.0,1424245870,1424245870,0.01,0.0,0.0,0.0,0.0,0,2,,,2,21,21,10,10,10,4,21,1
6,8,17,6,3,2,3e-06,200,0,254,0,0,0,2,266666656.0,0.0,2,0,0,0,0,0,100,0,0,0,0.0,0.0,1424223258,1424223258,0.003,0.0,0.0,0.0,0.0,0,2,,,2,5,5,3,3,3,3,5,1
14,611,4,232,1,1,0.002843,320,1888,31,29,1,2,5,751319.0,4648610.5,6,8,255,255,2079804111,4228974584,53,236,0,0,27.672367,0.550328,1424245668,1424245668,0.5108,0.327429,0.000717,0.000547,0.00017,0,0,,,2,3,3,6,11,1,1,5,0
2,5,3,0,0,2,1e-05,114,0,254,0,0,0,0,45600000.0,0.0,2,0,0,0,0,0,57,0,0,0,0.0,0.0,1424239540,1424239540,0.01,0.0,0.0,0.0,0.0,0,2,,,2,26,26,26,26,26,14,26,1
13,612,13,7,1,1,0.016692,1540,1644,31,29,4,4,2,692068.0625,744308.6875,16,18,255,255,2850852424,707424905,96,91,0,0,77.905093,1.615039,1424254743,1424254743,1.091733,0.955294,0.000564,0.000449,0.000115,0,0,,,2,12,10,3,4,3,1,4,0
8,613,0,233,0,0,0.003014,536,304,31,29,0,0,2,1067020.625,605175.875,4,4,0,0,0,0,134,76,0,0,1.214809,0.329998,1421951193,1421951193,0.865,0.240333,0.0,0.0,0.0,0,0,0.0,0.0,0,8,7,5,5,1,1,3,0
8,614,8,0,0,0,0.000983,146,178,31,29,0,0,0,594099.6875,724313.3125,2,2,0,0,0,0,73,89,0,0,0.0,0.0,1424223178,1424223178,0.001,0.009,0.0,0.0,0.0,0,0,,,2,2,4,3,2,1,1,1,0
6,2,6,0,0,2,3e-06,114,0,254,0,0,0,0,152000000.0,0.0,2,0,0,0,0,0,57,0,0,0,0.0,0.0,1424259117,1424259117,0.003,0.0,0.0,0.0,0.0,0,2,,,2,14,14,15,14,14,14,14,1
4,615,12,234,1,1,0.065904,320,1904,31,29,1,2,5,32410.7793,202233.5625,6,8,255,255,795306788,3134493595,53,238,0,0,907.667509,22.31616,1424250155,1424250155,13.1188,9.237286,0.001409,0.001237,0.000172,0,0,,,2,3,7,8,6,1,1,4,0
7,5,7,0,0,2,1.3e-05,264,0,60,0,0,0,0,81230768.0,0.0,2,0,0,0,0,0,132,0,0,0,0.0,0.0,1424245581,1424245581,0.013,0.0,0.0,0.0,0.0,0,0,,,2,26,26,22,22,22,22,26,0
2,2,2,0,0,2,9e-06,114,0,254,0,0,0,0,50666664.0,0.0,2,0,0,0,0,0,57,0,0,0,0.0,0.0,1424254745,1424254745,0.009,0.0,0.0,0.0,0.0,0,2,,,2,10,10,10,11,10,5,10,1
2,2,3,0,0,2,1e-05,114,0,254,0,0,0,0,45600000.0,0.0,2,0,0,0,0,0,57,0,0,0,0.0,0.0,1424239545,1424239545,0.01,0.0,0.0,0.0,0.0,0,2,,,2,37,37,17,17,17,17,37,1
2,2,3,0,0,2,8e-06,114,0,254,0,0,0,0,57000000.0,0.0,2,0,0,0,0,0,57,0,0,0,0.0,0.0,1424237972,1424237972,0.008,0.0,0.0,0.0,0.0,0,2,,,2,22,22,12,12,12,12,22,1
9,8,15,6,30,2,3e-06,200,0,254,0,0,0,2,266666656.0,0.0,2,0,0,0,0,0,100,0,0,0,0.0,0.0,1424258833,1424258833,0.003,0.0,0.0,0.0,0.0,0,2,,,2,6,6,2,3,2,2,6,1
11,616,1,7,1,1,0.1854,1540,1644,31,29,4,4,2,62308.52344,67011.86719,16,18,255,255,350940028,390840252,96,91,0,0,852.951506,24.946578,1424252480,1424252480,12.334133,10.840765,0.001284,0.001098,0.000186,0,0,,,2,8,6,6,5,3,1,4,0
3,2,3,0,0,2,1e-05,114,0,254,0,0,0,0,45600000.0,0.0,2,0,0,0,0,0,57,0,0,0,0.0,0.0,1424230676,1424230676,0.01,0.0,0.0,0.0,0.0,0,2,,,2,32,32,26,25,25,25,32,1
3,2,3,0,0,2,2e-06,114,0,254,0,0,0,0,228000000.0,0.0,2,0,0,0,0,0,57,0,0,0,0.0,0.0,1424231896,1424231896,0.002,0.0,0.0,0.0,0.0,0,2,,,2,36,36,36,37,36,21,36,1
6,5,9,0,0,2,7e-06,114,0,254,0,0,0,0,65142856.0,0.0,2,0,0,0,0,0,57,0,0,0,0.0,0.0,1424225377,1424225377,0.007,0.0,0.0,0.0,0.0,0,2,,,2,19,19,4,4,4,4,19,1
2,5,3,0,0,2,9e-06,114,0,254,0,0,0,0,50666664.0,0.0,2,0,0,0,0,0,57,0,0,0,0.0,0.0,1424237803,1424237803,0.009,0.0,0.0,0.0,0.0,0,2,,,2,20,20,21,21,20,20,20,1
2,145,11,65,0,2,0.540251,5476,0,254,0,0,0,8,60816.17578,0.0,4,0,0,0,0,0,1369,0,0,0,254.665453,0.0,1424229380,1424229380,180.083672,0.0,0.0,0.0,0.0,0,2,,,2,1,1,1,1,1,1,1,1
7,2,7,0,0,2,1e-06,264,0,60,0,0,0,0,1056000000.0,0.0,2,0,0,0,0,0,132,0,0,0,0.0,0.0,1424245900,1424245900,0.001,0.0,0.0,0.0,0.0,0,0,,,2,42,42,23,23,23,23,42,0
0,617,20,235,1,1,0.046404,320,1924,31,29,1,2,5,46030.51563,290319.8125,6,8,255,255,1196800503,3354178407,53,241,0,0,642.511368,15.735448,1424236801,1424236801,9.2104,6.557571,0.000607,0.000497,0.00011,0,0,,,2,3,3,5,3,1,1,6,0
3,2,3,0,0,2,5e-06,114,0,254,0,0,0,0,91200000.0,0.0,2,0,0,0,0,0,57,0,0,0,0.0,0.0,1424230780,1424230780,0.005,0.0,0.0,0.0,0.0,0,2,,,2,34,34,17,17,17,17,34,1
1,618,13,10,0,0,0.00464,568,320,31,29,0,0,2,734482.75,413793.0938,4,4,0,0,0,0,142,80,0,0,1.677495,1.478796,1421941663,1421941663,1.193667,1.053667,0.0,0.0,0.0,0,0,0.0,0.0,0,4,4,5,3,1,1,3,0
2,2,3,0,0,2,1e-05,114,0,254,0,0,0,0,45600000.0,0.0,2,0,0,0,0,0,57,0,0,0,0.0,0.0,1421933057,1421933057,0.01,0.0,0.0,0.0,0.0,0,2,0.0,0.0,0,6,6,3,2,2,2,2,1
14,619,10,236,1,1,0.004939,3808,2456,31,29,7,7,2,5826280.5,3757845.5,18,18,255,255,766083753,769286022,212,136,0,0,13.529909,0.344655,1421948791,1421948791,0.271647,0.257765,0.000707,0.000553,0.000154,0,0,0.0,0.0,0,9,9,5,6,1,1,3,0
0,620,12,0,0,0,0.001201,146,178,31,29,0,0,2,486261.4688,592839.3125,2,2,0,0,0,0,73,89,0,0,0.0,0.0,1421945416,1421945416,0.011,0.008,0.0,0.0,0.0,0,0,0.0,0.0,0,23,4,2,4,2,2,2,0
13,621,1,237,1,1,0.019236,2334,16102,31,29,7,12,2,944063.1875,6520690.5,36,38,255,255,2584769620,446894060,65,424,0,0,39.736701,36.761372,1421967570,1421967570,0.540257,0.505892,0.000635,0.000515,0.00012,0,0,0.0,0.0,0,7,3,2,3,1,1,2,0
6,2,6,0,0,2,8e-06,114,0,254,0,0,0,0,57000000.0,0.0,2,0,0,0,0,0,57,0,0,0,0.0,0.0,1424260797,1424260797,0.008,0.0,0.0,0.0,0.0,0,2,,,2,32,32,17,17,17,17,32,1
3,8,11,6,3,2,1e-06,200,0,254,0,0,0,2,800000000.0,0.0,2,0,0,0,0,0,100,0,0,0,0.0,0.0,1424230356,1424230356,0.001,0.0,0.0,0.0,0.0,0,2,,,2,2,2,1,1,1,1,2,1
11,622,1,1,1,1,2.816413,2934,3742,31,29,11,15,1,8174.9375,10433.12891,52,54,255,255,3642062608,1747849288,56,69,0,0,3585.396166,103.63643,1421940714,1421940717,55.217725,53.13068,0.000618,0.000483,0.000135,0,0,0.0,0.0,0,1,1,3,4,1,1,2,0
13,623,8,238,0,0,0.001907,520,304,31,29,0,0,2,1636077.625,956476.125,4,4,0,0,0,0,130,76,0,0,0.69273,0.323864,1421972706,1421972706,0.495333,0.234,0.0,0.0,0.0,0,0,0.0,0.0,0,6,7,6,7,1,1,3,0
2,624,17,12,0,2,1e-05,78,0,254,0,0,0,2,31200000.0,0.0,2,0,0,0,0,0,39,0,0,0,0.0,0.0,1421928761,1421928761,0.01,0.0,0.0,0.0,0.0,0,2,0.0,0.0,0,14,9,2,4,2,1,2,0
3,8,11,6,3,2,7e-06,200,0,254,0,0,0,2,114285712.0,0.0,2,0,0,0,0,0,100,0,0,0,0.0,0.0,1424230331,1424230331,0.007,0.0,0.0,0.0,0.0,0,2,,,2,2,2,1,1,1,1,2,1
4,625,0,239,0,0,0.00169,544,304,31,29,0,0,2,1931361.0,1079290.0,4,4,0,0,0,0,136,76,0,0,0.611883,0.299105,1421969078,1421969078,0.436667,0.217,0.0,0.0,0.0,0,0,0.0,0.0,0,10,8,6,4,1,1,3,0
11,626,8,7,1,1,0.013736,1540,1644,31,29,4,4,2,841001.75,904484.5625,16,18,255,255,1492820886,1499288073,96,91,0,0,62.287967,1.451365,1421959569,1421959569,0.8946,0.780941,0.000579,0.000456,0.000123,0,0,0.0,0.0,0,8,9,5,7,5,1,5,0
2,2,3,0,0,2,8e-06,114,0,254,0,0,0,0,57000000.0,0.0,2,0,0,0,0,0,57,0,0,0,0.0,0.0,1424238342,1424238342,0.008,0.0,0.0,0.0,0.0,0,2,,,2,44,44,44,44,44,24,44,1
0,627,1,240,1,1,0.014696,2750,27850,31,29,7,16,2,1463255.25,14831246.0,44,46,255,255,682023943,693218264,63,605,0,0,19.509762,18.92362,1421966507,1421966508,0.335209,0.314644,0.000667,0.000533,0.000134,0,0,0.0,0.0,0,9,8,2,5,1,1,1,0
0,628,19,241,1,1,0.047088,3806,55844,31,29,7,26,2,636595.3125,9343867.0,64,66,255,255,3233089435,1084113296,59,846,0,0,45.775445,43.845474,1424241006,1424241006,0.747452,0.706462,0.001331,0.001162,0.000169,0,0,,,2,16,3,1,4,1,1,3,0
5,5,7,0,0,2,2e-06,264,0,60,0,0,0,0,528000000.0,0.0,2,0,0,0,0,0,132,0,0,0,0.0,0.0,1424231195,1424231195,0.002,0.0,0.0,0.0,0.0,0,0,,,2,32,32,10,10,10,10,32,0
8,629,18,242,1,1,0.006048,3824,2456,31,29,7,7,2,4777778.0,3068783.0,18,18,255,255,1626158884,1629438377,212,136,0,0,16.363608,0.411402,1424250342,1424250342,0.335882,0.323647,0.000682,0.000542,0.00014,0,0,,,2,6,8,5,5,1,1,3,0
2,5,2,0,0,2,6e-06,114,0,254,0,0,0,0,76000000.0,0.0,2,0,0,0,0,0,57,0,0,0,0.0,0.0,1424253576,1424253576,0.006,0.0,0.0,0.0,0.0,0,2,,,2,19,19,18,18,18,18,19,1
3,5,14,0,0,2,9e-06,114,0,254,0,0,0,0,50666664.0,0.0,2,0,0,0,0,0,57,0,0,0,0.0,0.0,1424247223,1424247223,0.009,0.0,0.0,0.0,0.0,0,2,,,2,17,17,17,17,17,17,17,1
3,5,14,0,0,2,3e-06,114,0,254,0,0,0,0,152000000.0,0.0,2,0,0,0,0,0,57,0,0,0,0.0,0.0,1424245553,1424245553,0.003,0.0,0.0,0.0,0.0,0,2,,,2,18,18,17,17,17,17,18,1
0,630,4,4,1,1,1.004782,1580,10168,31,29,3,5,3,11536.83106,76466.34375,12,18,255,255,779191560,2929772302,132,565,1,3924,9524.774706,7675.893341,1424229663,1424229664,91.312365,59.076119,0.000621,0.000483,0.000138,0,0,1.0,,2,1,2,5,1,1,1,2,0
3,2,3,0,0,2,8e-06,114,0,254,0,0,0,0,57000000.0,0.0,2,0,0,0,0,0,57,0,0,0,0.0,0.0,1424233107,1424233107,0.008,0.0,0.0,0.0,0.0,0,2,,,2,19,19,19,20,19,19,19,1
3,5,14,0,0,2,9e-06,114,0,254,0,0,0,0,50666664.0,0.0,2,0,0,0,0,0,57,0,0,0,0.0,0.0,1424246804,1424246804,0.009,0.0,0.0,0.0,0.0,0,2,,,2,29,29,7,7,7,7,33,1
2,8,9,6,20,2,5e-06,200,0,254,0,0,0,2,160000000.0,0.0,2,0,0,0,0,0,100,0,0,0,0.0,0.0,1421930687,1421930687,0.005,0.0,0.0,0.0,0.0,0,2,0.0,0.0,0,19,18,4,5,4,4,4,1
8,631,13,243,1,1,0.012127,2230,15258,31,29,7,11,2,1428218.0,9786427.0,34,36,255,255,3307217950,1168547769,66,424,0,0,22.006293,21.556134,1424233701,1424233701,0.35797,0.340676,0.000682,0.000541,0.000141,0,0,,,2,3,2,4,6,1,1,4,0
6,5,6,0,0,2,6e-06,114,0,254,0,0,0,0,76000000.0,0.0,2,0,0,0,0,0,57,0,0,0,0.0,0.0,1424261041,1424261041,0.006,0.0,0.0,0.0,0.0,0,2,,,2,16,16,15,14,14,14,16,1
3,632,2,26,1,1,0.941356,546,268,254,252,2,1,2,4181.202637,1903.636841,10,6,255,255,113031605,2018901114,55,45,0,0,5367.139824,241.674484,1424234273,1424234274,100.914667,151.218797,0.353244,0.185254,0.16799,0,1,,,2,5,3,1,1,1,1,3,1
15,5,5,0,0,2,2e-06,264,0,60,0,0,0,0,528000000.0,0.0,2,0,0,0,0,0,132,0,0,0,0.0,0.0,1424254023,1424254023,0.002,0.0,0.0,0.0,0.0,0,0,,,2,22,22,19,19,19,19,22,0
12,633,20,244,1,1,0.020663,3078,33564,31,29,7,18,2,1168078.125,12724193.0,50,48,255,255,757107440,2920930007,62,699,0,0,0.0,0.741582,1421959958,1421959958,0.415163,0.428149,0.000677,0.000536,0.000141,0,0,0.0,0.0,0,11,5,4,2,1,1,1,0
14,634,10,245,0,0,0.002548,536,304,31,29,0,0,2,1262166.375,715855.5625,4,4,0,0,0,0,134,76,0,0,1.002442,0.691789,1421941203,1421941203,0.712333,0.493667,0.0,0.0,0.0,0,0,0.0,0.0,0,9,6,3,4,1,1,3,0
17,635,1,246,1,1,0.002982,320,1898,31,29,1,2,5,716297.8125,4456070.0,6,8,255,255,1536580433,3689941778,53,237,0,0,30.007393,0.582895,1424239490,1424239490,0.5342,0.352857,0.000634,0.000509,0.000125,0,0,,,2,1,1,3,5,1,1,3,0
6,2,6,0,0,2,2e-06,114,0,254,0,0,0,0,228000000.0,0.0,2,0,0,0,0,0,57,0,0,0,0.0,0.0,1424261005,1424261005,0.002,0.0,0.0,0.0,0.0,0,2,,,2,28,28,30,29,28,15,28,1
3,2,3,0,0,2,7e-06,114,0,254,0,0,0,0,65142856.0,0.0,2,0,0,0,0,0,57,0,0,0,0.0,0.0,1424231500,1424231500,0.007,0.0,0.0,0.0,0.0,0,2,,,2,18,18,18,18,18,18,18,1
10,636,12,247,0,0,0.001705,528,304,31,29,0,0,2,1858064.625,1069794.75,4,4,0,0,0,0,132,76,0,0,0.625554,0.291099,1421939155,1421939155,0.449333,0.212333,0.0,0.0,0.0,0,0,0.0,0.0,0,4,10,6,3,1,1,3,0
1,637,10,248,1,1,0.008831,2230,15228,31,29,7,11,2,1961272.75,13411845.0,34,36,255,255,3391798653,3392152417,66,423,0,0,15.035483,13.678311,1421936454,1421936454,0.266031,0.240735,0.000797,0.000635,0.000162,0,0,0.0,0.0,0,7,5,4,2,1,1,1,0
14,638,13,249,1,1,0.047851,3806,55504,31,29,7,26,2,626444.5625,9143048.0,64,68,255,255,880530848,921068604,59,816,0,0,44.488829,43.263047,1424246919,1424246919,0.766516,0.716803,0.000668,0.000539,0.000129,0,0,,,2,1,2,2,2,1,1,1,0
2,2,3,0,0,2,9e-06,114,0,254,0,0,0,0,50666664.0,0.0,2,0,0,0,0,0,57,0,0,0,0.0,0.0,1424238651,1424238651,0.009,0.0,0.0,0.0,0.0,0,2,,,2,32,32,12,12,12,7,32,1
10,639,12,250,1,1,0.14194,4238,66608,31,29,7,30,2,235592.5,3703424.0,72,74,255,255,2839626079,694588313,59,900,0,0,102.221623,99.293639,1424224749,1424224749,1.994775,1.935521,0.000766,0.000637,0.000129,0,0,,,2,2,4,2,2,1,1,2,0
2,640,17,4,1,1,0.236273,836,7242,62,252,2,4,3,25495.92969,224790.8125,10,12,255,255,1217465768,3927432680,84,604,1,3118,1248.236938,1600.534771,1424229716,1424229716,26.252556,20.612181,0.054152,0.008767,0.045385,0,1,1.0,,2,1,1,1,1,1,1,1,1
5,5,7,0,0,2,8e-06,264,0,60,0,0,0,0,132000000.0,0.0,2,0,0,0,0,0,132,0,0,0,0.0,0.0,1424230993,1424230993,0.008,0.0,0.0,0.0,0.0,0,0,,,2,17,17,17,17,17,17,17,0
8,641,12,251,1,1,0.042905,2438,20116,31,29,7,13,2,442652.375,3657196.25,38,40,255,255,2384715189,2392290215,64,503,0,0,68.528741,66.29093,1421967734,1421967734,1.150784,1.085154,0.000737,0.000582,0.000155,0,0,0.0,0.0,0,5,2,2,3,1,1,1,0
0,642,12,1,1,1,1.010583,2934,3742,31,29,11,15,1,22782.88867,29076.28516,52,54,255,255,3889550430,1770403232,56,69,0,0,1478.13799,54.133047,1424257565,1424257566,19.808568,19.05715,0.000712,0.000551,0.000161,0,0,,1.0,3,2,1,3,2,1,1,5,0
0,643,8,4,1,1,1.008334,1684,10168,31,29,3,5,2,12408.58594,76196.96875,14,18,255,255,2277181216,2274020869,120,565,0,0,8775.339759,7684.030022,1421933800,1421933801,77.535459,59.282059,0.000673,0.000535,0.000138,0,0,0.0,0.0,0,7,13,3,2,1,1,2,0
14,644,8,4,1,1,1.089923,1684,10168,31,29,3,5,3,11479.70996,70493.05469,14,18,255,255,487127061,488115187,120,565,1,3924,8796.889516,7703.028883,1421938622,1421938623,83.811308,64.081471,0.000681,0.000531,0.00015,0,0,1.0,0.0,0,2,2,2,3,1,1,2,0
6,645,14,12,0,2,6e-06,104,0,254,0,0,0,2,69333328.0,0.0,2,0,0,0,0,0,52,0,0,0,0.0,0.0,1424239776,1424239776,0.006,0.0,0.0,0.0,0.0,0,2,,,2,9,3,1,4,1,1,2,1
0,646,0,0,0,0,0.001034,146,178,31,29,0,0,0,564796.9375,688588.0625,2,2,0,0,0,0,73,89,0,0,0.0,0.0,1421967670,1421967670,0.013,0.009,0.0,0.0,0.0,0,0,0.0,0.0,0,3,1,1,4,2,1,1,0
6,5,9,0,0,2,8e-06,114,0,254,0,0,0,0,57000000.0,0.0,2,0,0,0,0,0,57,0,0,0,0.0,0.0,1424226092,1424226092,0.008,0.0,0.0,0.0,0.0,0,2,,,2,23,23,10,10,9,9,24,1
12,647,0,252,1,1,0.060053,4118,58314,31,29,7,28,2,540855.5625,7654172.5,70,68,255,255,3584972233,3585249277,59,858,0,0,53.793448,1.480875,1421938791,1421938792,0.865348,0.888119,0.000688,0.000542,0.000146,0,0,0.0,0.0,0,6,7,2,4,1,1,1,0
3,2,14,0,0,2,6e-06,114,0,254,0,0,0,0,76000000.0,0.0,2,0,0,0,0,0,57,0,0,0,0.0,0.0,1424246307,1424246307,0.006,0.0,0.0,0.0,0.0,0,2,,,2,17,17,17,19,17,17,17,1
3,2,3,0,0,2,9e-06,114,0,254,0,0,0,0,50666664.0,0.0,2,0,0,0,0,0,57,0,0,0,0.0,0.0,1424232409,1424232409,0.009,0.0,0.0,0.0,0.0,0,2,,,2,19,19,14,14,14,14,19,1
13,648,0,0,0,0,0.001067,146,178,31,29,0,0,0,547329.0,667291.5,2,2,0,0,0,0,73,89,0,0,0.0,0.0,1421953733,1421953733,0.01,0.009,0.0,0.0,0.0,0,0,0.0,0.0,0,3,3,3,1,1,1,1,0
0,649,4,18,1,1,1.079931,7818,15172,31,29,30,32,2,57440.70703,111503.4219,122,126,255,255,3557651697,3622184727,64,120,0,0,596.633511,586.871059,1424228147,1424228148,8.996608,8.635584,0.000608,0.00048,0.000128,0,0,,,2,4,7,3,2,1,1,2,0
3,5,3,0,0,2,8e-06,114,0,254,0,0,0,0,57000000.0,0.0,2,0,0,0,0,0,57,0,0,0,0.0,0.0,1424231409,1424231409,0.008,0.0,0.0,0.0,0.0,0,2,,,2,43,43,18,19,18,18,43,1
4,650,19,253,1,1,0.005062,4496,2456,31,29,7,7,2,6711971.5,3666535.0,18,18,255,255,4215608053,2073511296,250,136,0,0,14.063375,0.359571,1421944773,1421944773,0.279294,0.264824,0.000694,0.000555,0.000139,0,0,0.0,0.0,0,12,12,4,6,1,1,3,0
14,651,0,9,1,1,0.005586,1470,1728,31,29,5,4,2,2010741.125,2298603.5,22,14,255,255,2483323166,338170971,67,123,0,0,0.0,0.493735,1421927855,1421927855,0.266,0.381077,0.000631,0.000496,0.000135,0,0,0.0,0.0,0,2,3,3,1,1,1,1,0
2,2,2,0,0,2,9e-06,114,0,254,0,0,0,0,50666664.0,0.0,2,0,0,0,0,0,57,0,0,0,0.0,0.0,1424254823,1424254823,0.009,0.0,0.0,0.0,0.0,0,2,,,2,15,15,13,13,13,6,15,1
11,652,0,254,1,1,0.026193,2958,33044,31,29,7,18,2,884816.5625,9890887.0,48,50,255,255,2753975705,2783745603,62,661,0,0,32.106877,31.957717,1424222047,1424222047,0.5615,0.52251,0.000716,0.000586,0.00013,0,0,,,2,6,6,1,3,1,1,2,0
12,653,10,255,0,0,0.001663,536,304,31,29,0,0,2,1933854.5,1096813.0,4,4,0,0,0,0,134,76,0,0,0.611412,0.285201,1424247710,1424247710,0.436333,0.207667,0.0,0.0,0.0,0,0,,,2,4,4,3,3,1,1,4,0
9,8,15,6,23,2,9e-06,200,0,254,0,0,0,2,88888888.0,0.0,2,0,0,0,0,0,100,0,0,0,0.0,0.0,1424258798,1424258798,0.009,0.0,0.0,0.0,0.0,0,2,,,2,2,2,1,2,1,1,2,1
2,654,24,4,1,1,0.59023,822,1134,62,252,2,2,3,10029.98828,13459.16016,10,8,255,255,3537180352,2703786970,82,142,1,141,3450.051446,122.493336,1424225917,1424225917,65.482111,70.46643,0.228313,0.096957,0.131356,0,1,4.0,,2,6,7,2,2,2,2,6,1
2,2,3,0,0,2,1.1e-05,114,0,254,0,0,0,0,41454544.0,0.0,2,0,0,0,0,0,57,0,0,0,0.0,0.0,1421931525,1421931525,0.011,0.0,0.0,0.0,0.0,0,2,0.0,0.0,0,4,4,3,3,3,3,3,1
3,2,3,0,0,2,9e-06,114,0,254,0,0,0,0,50666664.0,0.0,2,0,0,0,0,0,57,0,0,0,0.0,0.0,1424232391,1424232391,0.009,0.0,0.0,0.0,0.0,0,2,,,2,31,31,25,26,25,25,31,1
3,2,3,0,0,2,8e-06,114,0,254,0,0,0,0,57000000.0,0.0,2,0,0,0,0,0,57,0,0,0,0.0,0.0,1424231839,1424231839,0.008,0.0,0.0,0.0,0.0,0,2,,,2,28,28,17,17,17,8,28,1
12,655,12,0,0,0,0.001026,146,178,31,29,0,0,0,569200.75,693957.125,2,2,0,0,0,0,73,89,0,0,0.0,0.0,1424251829,1424251829,0.01,0.004,0.0,0.0,0.0,0,0,,,2,2,2,5,4,1,1,2,0
3,2,14,0,0,2,4e-06,114,0,254,0,0,0,0,114000000.0,0.0,2,0,0,0,0,0,57,0,0,0,0.0,0.0,1424247817,1424247817,0.004,0.0,0.0,0.0,0.0,0,2,,,2,21,21,20,20,20,11,21,1
13,656,10,256,0,0,0.001766,520,304,31,29,0,0,2,1766704.5,1032842.625,4,4,0,0,0,0,130,76,0,0,0.630033,0.310897,1421935226,1421935226,0.451,0.225333,0.0,0.0,0.0,0,0,0.0,0.0,0,12,10,6,7,1,1,3,0
17,657,20,0,0,0,0.001006,146,178,31,29,0,0,0,580516.9375,707753.5,2,2,0,0,0,0,73,89,0,0,0.0,0.0,1421928648,1421928648,0.01,0.007,0.0,0.0,0.0,0,0,0.0,0.0,0,2,2,2,2,2,1,1,0
6,8,17,6,13,3,58.411156,13600,0,254,0,0,0,2,1825.404785,0.0,50,0,0,0,0,0,272,0,0,0,1452.22875,0.0,1424254403,1424254461,1242.1865,0.0,0.0,0.0,0.0,0,6,,,2,1,1,1,2,1,1,1,1
7,2,7,0,0,2,5e-06,264,0,60,0,0,0,0,211200000.0,0.0,2,0,0,0,0,0,132,0,0,0,0.0,0.0,1424246718,1424246718,0.005,0.0,0.0,0.0,0.0,0,0,,,2,35,35,13,13,13,13,35,0
2,658,15,10,0,2,1e-05,168,0,254,0,0,0,2,67200000.0,0.0,2,0,0,0,0,0,84,0,0,0,0.0,0.0,1421927480,1421927480,0.01,0.0,0.0,0.0,0.0,0,2,0.0,0.0,0,1,1,1,1,1,1,1,1
11,659,12,4,1,1,1.00578,1580,10168,31,29,3,5,3,11525.38379,76390.46094,12,18,255,255,3668364757,1519854302,132,565,1,3924,9530.149361,7675.498401,1421953760,1421953761,91.402092,59.130532,0.000713,0.000554,0.000159,0,0,1.0,0.0,0,2,1,2,4,2,1,1,0
2,660,6,26,1,1,0.592943,8854,268,254,252,4,1,2,110931.4063,3022.212891,14,6,255,255,3779144396,2173366822,632,45,0,0,2652.408055,156.436,1424231217,1424231218,45.533694,98.878,0.171916,0.098546,0.07337,0,1,,,2,4,4,2,2,2,1,4,1
2,661,15,257,1,1,0.423426,1078,268,254,252,2,1,2,18345.58984,4232.144531,10,6,255,255,17068479,1106894830,108,45,0,0,2347.640853,117.069266,1424256448,1424256448,46.975,76.380797,0.110408,0.041513,0.068895,0,1,,,2,2,1,1,1,1,1,1,1
2,5,2,0,0,2,9e-06,114,0,254,0,0,0,0,50666664.0,0.0,2,0,0,0,0,0,57,0,0,0,0.0,0.0,1424251644,1424251644,0.009,0.0,0.0,0.0,0.0,0,2,,,2,28,28,8,8,8,8,28,1
7,5,7,0,0,2,7e-06,264,0,60,0,0,0,0,150857136.0,0.0,2,0,0,0,0,0,132,0,0,0,0.0,0.0,1424245473,1424245473,0.007,0.0,0.0,0.0,0.0,0,0,,,2,27,27,4,4,4,4,27,0
9,662,16,4,1,1,0.203798,1236,268,254,252,2,1,3,43690.32031,8793.020508,10,6,255,255,3580819819,2644845257,124,45,1,0,1134.961847,66.7865,1424228819,1424228819,21.007556,38.981398,0.053662,0.008871,0.044791,0,1,1.0,,2,1,1,1,1,1,1,1,1
6,8,17,6,31,2,9e-06,200,0,254,0,0,0,2,88888888.0,0.0,2,0,0,0,0,0,100,0,0,0,0.0,0.0,1424223188,1424223188,0.009,0.0,0.0,0.0,0.0,0,2,,,2,4,4,1,1,1,1,4,1
17,663,4,0,0,0,0.001147,146,178,31,29,0,0,0,509154.3125,620749.75,2,2,0,0,0,0,73,89,0,0,0.0,0.0,1421958994,1421958994,0.037,0.009,0.0,0.0,0.0,0,0,0.0,0.0,0,2,3,5,2,1,1,1,0
13,664,1,0,0,0,0.001042,146,178,31,29,0,0,0,560460.625,683301.3125,2,2,0,0,0,0,73,89,0,0,0.0,0.0,1421927493,1421927493,0.011,0.008,0.0,0.0,0.0,0,0,0.0,0.0,0,4,3,5,4,2,2,2,0
2,2,3,0,0,2,3e-06,114,0,254,0,0,0,0,152000000.0,0.0,2,0,0,0,0,0,57,0,0,0,0.0,0.0,1424238614,1424238614,0.003,0.0,0.0,0.0,0.0,0,2,,,2,35,35,19,19,19,19,35,1
2,5,2,0,0,2,9e-06,114,0,254,0,0,0,0,50666664.0,0.0,2,0,0,0,0,0,57,0,0,0,0.0,0.0,1424252908,1424252908,0.009,0.0,0.0,0.0,0.0,0,2,,,2,46,46,31,31,31,17,46,1
3,665,14,12,0,2,1e-05,104,0,254,0,0,0,2,41600000.0,0.0,2,0,0,0,0,0,52,0,0,0,0.0,0.0,1421931782,1421931782,0.01,0.0,0.0,0.0,0.0,0,2,0.0,0.0,0,3,3,2,1,1,1,1,1
6,5,6,0,0,2,3e-06,114,0,254,0,0,0,0,152000000.0,0.0,2,0,0,0,0,0,57,0,0,0,0.0,0.0,1424260636,1424260636,0.003,0.0,0.0,0.0,0.0,0,2,,,2,15,15,15,15,15,15,15,1
14,666,4,0,0,0,0.001038,146,178,31,29,0,0,0,562620.4375,685934.5,2,2,0,0,0,0,73,89,0,0,0.0,0.0,1424231518,1424231518,0.008,0.009,0.0,0.0,0.0,0,0,,,2,2,1,2,3,2,1,1,0
14,667,18,7,1,1,7.390689,21402,918666,31,29,33,319,2,23105.83008,993028.9375,379,723,255,255,2822615882,2826121546,56,1271,0,0,9417.779529,6829.201682,1421936084,1421936092,19.551241,10.235481,0.000832,0.000668,0.000164,0,0,0.0,0.0,0,7,5,2,1,1,1,1,0
12,668,18,7,1,1,6.562337,13766,548216,31,29,21,197,2,16712.33984,666792.9375,240,438,255,255,3553668255,1455957246,57,1252,0,0,10840.73547,8015.315916,1421930119,1421930126,27.45608,15.015595,0.000651,0.000514,0.000137,0,0,0.0,0.0,0,6,10,5,1,1,1,1,0
19,5,21,0,0,2,4e-06,264,0,60,0,0,0,0,264000000.0,0.0,2,0,0,0,0,0,132,0,0,0,0.0,0.0,1424260212,1424260212,0.004,0.0,0.0,0.0,0.0,0,0,,,2,25,25,19,19,19,19,25,0
11,669,8,0,0,0,0.00111,146,178,31,29,0,0,0,526126.125,641441.4375,2,2,0,0,0,0,73,89,0,0,0.0,0.0,1421929933,1421929933,0.01,0.009,0.0,0.0,0.0,0,0,0.0,0.0,0,2,3,2,2,2,1,1,0
9,670,16,258,1,1,1.44402,450,3754,62,252,1,3,5,2243.736084,18719.96094,10,10,255,255,1748504245,4067191062,45,375,0,0,9224.670891,9259.298025,1424261526,1424261527,160.023778,146.382667,0.325621,0.126567,0.199054,0,1,,,2,1,1,2,2,1,1,2,1
1,671,10,259,1,1,0.031031,2230,12896,31,29,7,11,2,558151.5625,3232380.5,34,36,255,255,2547524168,2584365703,66,358,0,0,65.400331,64.353132,1421930962,1421930962,0.930909,0.8728,0.000583,0.000479,0.000104,0,0,0.0,0.0,0,14,3,2,10,1,1,2,0
7,2,7,0,0,2,5e-06,264,0,60,0,0,0,0,211200000.0,0.0,2,0,0,0,0,0,132,0,0,0,0.0,0.0,1424246263,1424246263,0.005,0.0,0.0,0.0,0.0,0,0,,,2,31,31,22,22,22,22,31,0
2,2,2,0,0,2,4e-06,114,0,254,0,0,0,0,114000000.0,0.0,2,0,0,0,0,0,57,0,0,0,0.0,0.0,1424253544,1424253544,0.004,0.0,0.0,0.0,0.0,0,2,,,2,23,23,16,16,16,16,23,1
13,672,4,260,1,1,0.423735,320,1904,31,29,1,2,5,5040.886719,31453.62109,6,8,255,255,1543723894,2908982876,53,238,0,0,5966.905092,147.650438,1424236131,1424236131,84.681,60.463285,0.001423,0.000489,0.000934,0,0,,,2,3,3,4,1,1,1,6,0
1,673,1,261,0,0,0.001724,552,304,31,29,0,0,2,1921113.75,1058004.625,4,4,0,0,0,0,138,76,0,0,0.62084,0.301465,1424256686,1424256686,0.443,0.218667,0.0,0.0,0.0,0,0,,,2,9,10,5,6,1,1,5,0
4,674,10,10,0,0,0.004621,568,320,31,29,0,0,2,737502.6875,415494.4688,4,4,0,0,0,0,142,80,0,0,1.66736,1.488695,1424245955,1424245955,1.185,1.060667,0.0,0.0,0.0,0,0,,,2,5,6,4,6,1,1,3,0
8,675,8,262,1,1,0.071996,3806,52378,31,29,7,26,2,416356.4375,5731985.0,64,66,255,255,2866995123,2867283148,59,794,0,0,71.372286,69.641575,1424236389,1424236389,1.156242,1.0986,0.000725,0.000579,0.000146,0,0,,,2,8,7,6,5,1,1,4,0
14,676,20,0,0,0,0.001011,146,178,31,29,0,0,0,577645.875,704253.1875,2,2,0,0,0,0,73,89,0,0,0.0,0.0,1424255735,1424255735,0.008,0.005,0.0,0.0,0.0,0,0,,,2,1,1,2,3,1,1,7,0
2,2,3,0,0,2,8e-06,114,0,254,0,0,0,0,57000000.0,0.0,2,0,0,0,0,0,57,0,0,0,0.0,0.0,1424239537,1424239537,0.008,0.0,0.0,0.0,0.0,0,2,,,2,38,38,25,24,24,24,38,1
6,677,2,4,1,1,0.884384,890,268,254,252,2,1,3,7245.72168,2026.269165,10,6,255,255,1316802535,1576677317,89,45,1,0,5239.124113,291.044125,1424256247,1424256248,94.825111,163.651406,0.160543,0.066117,0.094426,0,1,1.0,,2,1,1,1,2,1,1,1,1
10,678,20,0,0,0,0.00113,130,162,31,29,0,0,0,460177.0,573451.3125,2,2,0,0,0,0,65,81,0,0,0.0,0.0,1421962249,1421962249,0.011,0.001,0.0,0.0,0.0,0,0,0.0,0.0,0,2,3,3,11,1,1,3,0
4,679,0,18,1,1,0.035249,7814,15098,31,29,30,32,2,1758915.25,3399586.0,122,126,255,255,1155429236,3301792814,64,120,0,0,18.742618,16.320755,1421939346,1421939346,0.288471,0.27812,0.000607,0.000482,0.000125,0,0,0.0,0.0,0,6,5,2,2,1,1,1,0
3,2,3,0,0,2,5e-06,114,0,254,0,0,0,0,91200000.0,0.0,2,0,0,0,0,0,57,0,0,0,0.0,0.0,1424232000,1424232000,0.005,0.0,0.0,0.0,0.0,0,2,,,2,36,36,25,25,25,14,36,1
6,8,15,6,32,2,4e-06,180,0,254,0,0,0,2,180000000.0,0.0,2,0,0,0,0,0,90,0,0,0,0.0,0.0,1424251514,1424251514,0.004,0.0,0.0,0.0,0.0,0,2,,,2,4,3,3,4,4,3,3,1
2,2,3,0,0,2,8e-06,114,0,254,0,0,0,0,57000000.0,0.0,2,0,0,0,0,0,57,0,0,0,0.0,0.0,1421931313,1421931313,0.008,0.0,0.0,0.0,0.0,0,2,0.0,0.0,0,7,7,3,4,3,3,3,1
8,680,0,263,1,1,0.014856,2438,19414,31,29,7,13,2,1278406.0,10193322.0,38,40,255,255,125826612,2275710565,64,485,0,0,24.662498,23.424906,1424259570,1424259570,0.404111,0.366769,0.000655,0.000543,0.000112,0,0,,,2,3,12,4,1,1,1,2,0
10,681,18,264,1,1,0.028011,2766,28404,31,29,7,16,2,772268.0625,7936025.0,44,46,255,255,3992506927,1868473758,63,617,0,0,40.168007,38.459099,1421962329,1421962329,0.643186,0.610444,0.000669,0.000537,0.000132,0,0,0.0,0.0,0,8,5,2,4,1,1,1,0
2,5,2,0,0,2,1e-05,114,0,254,0,0,0,0,45600000.0,0.0,2,0,0,0,0,0,57,0,0,0,0.0,0.0,1424253279,1424253279,0.01,0.0,0.0,0.0,0.0,0,2,,,2,34,34,34,34,34,18,34,1
3,682,14,265,1,1,4.581648,364,1102,62,252,1,2,5,557.004822,1684.983276,8,8,255,255,168640853,2571097371,46,138,0,0,51486.80133,1440.836875,1424256398,1424256402,654.521125,637.840438,0.194281,0.116055,0.078226,0,1,,,2,1,1,1,2,1,1,2,1
6,683,3,33,1,1,0.827727,1002,820,254,252,3,2,2,8882.155273,7132.786133,12,10,255,255,1665240845,902734168,84,82,0,0,5253.990337,141.554609,1424248082,1424248083,72.860453,88.921,0.060142,0.027432,0.03271,0,1,,,2,2,1,1,1,1,1,1,1
3,684,14,10,0,2,7e-06,168,0,254,0,0,0,2,96000000.0,0.0,2,0,0,0,0,0,84,0,0,0,0.0,0.0,1421931664,1421931664,0.007,0.0,0.0,0.0,0.0,0,2,0.0,0.0,0,1,5,3,1,1,1,1,1
8,685,19,266,0,0,0.001686,536,304,31,29,0,0,2,1907473.25,1081850.5,4,4,0,0,0,0,134,76,0,0,0.622254,0.2786,1421955788,1421955788,0.445,0.204,0.0,0.0,0.0,0,0,0.0,0.0,0,11,11,5,3,1,1,3,0
0,686,1,0,0,0,0.001118,146,178,31,29,0,0,0,522361.3438,636851.5,2,2,0,0,0,0,73,89,0,0,0.0,0.0,1421964844,1421964844,0.007,0.011,0.0,0.0,0.0,0,0,0.0,0.0,0,1,1,1,2,1,1,1,0
2,2,2,0,0,2,9e-06,114,0,254,0,0,0,0,50666664.0,0.0,2,0,0,0,0,0,57,0,0,0,0.0,0.0,1424254838,1424254838,0.009,0.0,0.0,0.0,0.0,0,2,,,2,34,34,16,16,16,16,34,1
3,5,3,0,0,2,9e-06,114,0,254,0,0,0,0,50666664.0,0.0,2,0,0,0,0,0,57,0,0,0,0.0,0.0,1424233845,1424233845,0.009,0.0,0.0,0.0,0.0,0,2,,,2,24,24,10,10,10,10,24,1
2,687,6,4,1,1,0.190809,938,268,254,252,2,1,3,35428.09766,9391.59082,10,6,255,255,4186336736,465390662,94,45,1,0,1146.690095,57.274824,1424248239,1424248239,19.838,34.139199,0.065841,0.020107,0.045734,0,1,1.0,,2,2,2,1,1,1,1,2,1
9,688,9,18,1,1,1.002459,998,3770,62,252,6,7,2,7525.494629,28418.11914,18,18,255,255,2602467472,3630488320,55,209,0,0,2788.317907,62.633578,1421929673,1421929674,58.968176,57.708824,0.073705,0.020643,0.053062,0,1,0.0,0.0,0,1,1,1,1,1,1,1,1
9,689,9,4,1,1,0.206154,790,6004,62,252,2,3,3,27591.02344,209707.2969,10,10,255,255,3281720613,1519461383,79,600,1,2548,1191.986612,1409.019695,1424241311,1424241311,22.801222,21.02,0.037184,0.016971,0.020213,0,1,1.0,,2,2,1,1,1,1,1,1,1
4,690,13,0,0,0,0.00115,146,178,31,29,0,0,2,507826.0625,619130.4375,2,2,0,0,0,0,73,89,0,0,0.0,0.0,1421932288,1421932288,0.035,0.001,0.0,0.0,0.0,0,0,0.0,0.0,0,9,5,2,6,2,1,1,0
2,2,3,0,0,2,9e-06,114,0,254,0,0,0,0,50666664.0,0.0,2,0,0,0,0,0,57,0,0,0,0.0,0.0,1424238514,1424238514,0.009,0.0,0.0,0.0,0.0,0,2,,,2,33,33,24,25,24,24,33,1
9,691,16,4,1,1,0.358323,790,1172,254,252,2,2,3,15873.94531,22906.70703,10,8,255,255,1098711828,123668573,79,147,1,162,2083.030383,62.693004,1424232351,1424232351,39.813667,40.526855,0.135412,0.062886,0.072526,0,1,1.0,,2,1,1,1,1,1,1,1,1
10,692,20,9,1,1,0.006038,1920,4312,31,29,6,6,2,2428618.75,5475985.5,22,24,255,255,4010469732,4010736651,87,180,0,0,17.175554,14.371746,1424251749,1424251749,0.2847,0.239217,0.000946,0.00053,0.000416,0,0,,,2,6,2,3,5,2,2,2,0
9,693,16,33,1,1,1.111094,1048,790,254,252,3,2,2,6919.306641,5119.278809,12,10,255,255,4277780875,252516750,87,79,0,0,5793.951658,173.344922,1424227421,1424227422,100.945362,110.979781,0.209587,0.112271,0.097316,0,1,,,2,6,4,1,1,1,1,4,1
2,5,3,0,0,2,8e-06,114,0,254,0,0,0,0,57000000.0,0.0,2,0,0,0,0,0,57,0,0,0,0.0,0.0,1424239082,1424239082,0.008,0.0,0.0,0.0,0.0,0,2,,,2,45,45,44,44,44,20,45,1
2,5,3,0,0,2,4e-06,114,0,254,0,0,0,0,114000000.0,0.0,2,0,0,0,0,0,57,0,0,0,0.0,0.0,1424239604,1424239604,0.004,0.0,0.0,0.0,0.0,0,2,,,2,14,14,10,11,10,10,14,1
3,5,14,0,0,2,9e-06,114,0,254,0,0,0,0,50666664.0,0.0,2,0,0,0,0,0,57,0,0,0,0.0,0.0,1424246102,1424246102,0.009,0.0,0.0,0.0,0.0,0,2,,,2,31,31,8,8,8,8,31,1
6,5,6,0,0,2,7e-06,114,0,254,0,0,0,0,65142856.0,0.0,2,0,0,0,0,0,57,0,0,0,0.0,0.0,1424258974,1424258974,0.007,0.0,0.0,0.0,0.0,0,2,,,2,33,33,33,33,33,16,33,1
2,694,16,4,1,1,0.666025,820,1548,62,252,2,2,3,8864.532227,16275.66602,10,8,255,255,2874110307,728319081,82,194,1,359,3576.626327,108.049906,1421928228,1421928228,74.002778,71.100141,0.126622,0.06441,0.062212,0,1,1.0,0.0,0,1,2,1,4,1,1,1,1
3,5,3,0,0,2,9e-06,114,0,254,0,0,0,0,50666664.0,0.0,2,0,0,0,0,0,57,0,0,0,0.0,0.0,1424232101,1424232101,0.009,0.0,0.0,0.0,0.0,0,2,,,2,40,40,11,12,11,11,40,1
5,5,7,0,0,2,2e-06,264,0,60,0,0,0,0,528000000.0,0.0,2,0,0,0,0,0,132,0,0,0,0.0,0.0,1424232524,1424232524,0.002,0.0,0.0,0.0,0.0,0,0,,,2,37,37,25,25,25,25,37,0
3,2,3,0,0,2,9e-06,114,0,254,0,0,0,0,50666664.0,0.0,2,0,0,0,0,0,57,0,0,0,0.0,0.0,1424232337,1424232337,0.009,0.0,0.0,0.0,0.0,0,2,,,2,30,30,25,25,25,25,30,1
6,5,6,0,0,2,5e-06,114,0,254,0,0,0,0,91200000.0,0.0,2,0,0,0,0,0,57,0,0,0,0.0,0.0,1424260744,1424260744,0.005,0.0,0.0,0.0,0.0,0,2,,,2,31,31,30,30,30,15,31,1
2,8,6,6,33,2,1e-05,200,0,254,0,0,0,2,80000000.0,0.0,2,0,0,0,0,0,100,0,0,0,0.0,0.0,1424237326,1424237326,0.01,0.0,0.0,0.0,0.0,0,2,,,2,7,7,3,3,3,3,7,1
22,239,26,98,0,2,0.000133,503,0,64,0,0,0,2,15157895.0,0.0,2,0,0,0,0,0,252,0,0,0,0.0,0.0,1424225423,1424225423,0.133,0.0,0.0,0.0,0.0,0,0,,,2,60,60,60,60,60,60,60,0
11,695,13,267,0,0,0.002541,520,304,31,29,0,0,2,1227863.0,717827.625,4,4,0,0,0,0,130,76,0,0,0.573228,0.716536,1424260100,1424260100,0.408333,0.513667,0.0,0.0,0.0,0,0,,,2,10,7,6,3,1,1,7,0
6,696,16,4,1,1,0.561566,1344,1398,62,252,2,2,3,17237.51172,17935.55859,10,10,255,255,281901105,2576669109,134,140,0,0,3887.829293,105.135555,1424233096,1424233097,62.396222,58.265332,0.09527,0.036353,0.058917,0,1,,,2,1,3,2,1,1,1,1,1
3,5,3,0,0,2,8e-06,114,0,254,0,0,0,0,57000000.0,0.0,2,0,0,0,0,0,57,0,0,0,0.0,0.0,1424232269,1424232269,0.008,0.0,0.0,0.0,0.0,0,2,,,2,36,36,11,11,11,11,36,1
3,697,9,268,1,1,0.239196,11724,468,254,252,6,2,2,370340.625,13712.60352,18,8,255,255,1555745080,3503193834,651,59,0,0,942.795903,51.065422,1424229564,1424229564,13.134412,33.181285,0.052455,0.006923,0.045532,0,1,,,2,1,1,1,1,1,1,1,1
0,698,10,4,1,1,1.005698,1580,10168,31,29,3,5,3,11526.32324,76396.69531,12,18,255,255,786964249,788045626,132,565,1,3924,9530.690508,7674.654637,1421948436,1421948437,91.391543,59.125647,0.000703,0.000558,0.000145,0,0,1.0,0.0,0,3,3,2,11,2,1,2,0
3,2,3,0,0,2,9e-06,114,0,254,0,0,0,0,50666664.0,0.0,2,0,0,0,0,0,57,0,0,0,0.0,0.0,1424233599,1424233599,0.009,0.0,0.0,0.0,0.0,0,2,,,2,28,28,25,25,25,25,28,1
2,5,2,0,0,2,3e-06,114,0,254,0,0,0,0,152000000.0,0.0,2,0,0,0,0,0,57,0,0,0,0.0,0.0,1424253371,1424253371,0.003,0.0,0.0,0.0,0.0,0,2,,,2,37,37,34,34,34,18,37,1
12,699,18,10,0,0,0.004752,568,312,31,29,0,0,2,717171.75,393939.4063,4,4,0,0,0,0,142,78,0,0,1.671837,1.566949,1421961214,1421961215,1.187667,1.116,0.0,0.0,0.0,0,0,0.0,0.0,0,8,9,3,5,1,1,2,0
3,2,3,0,0,2,4e-06,114,0,254,0,0,0,0,114000000.0,0.0,2,0,0,0,0,0,57,0,0,0,0.0,0.0,1424231302,1424231302,0.004,0.0,0.0,0.0,0.0,0,2,,,2,22,22,22,22,22,22,22,1
2,2,2,0,0,2,3e-06,114,0,254,0,0,0,0,152000000.0,0.0,2,0,0,0,0,0,57,0,0,0,0.0,0.0,1424254244,1424254244,0.003,0.0,0.0,0.0,0.0,0,2,,,2,3,3,3,3,3,3,3,1
3,5,3,0,0,2,1e-05,114,0,254,0,0,0,0,45600000.0,0.0,2,0,0,0,0,0,57,0,0,0,0.0,0.0,1424231898,1424231898,0.01,0.0,0.0,0.0,0.0,0,2,,,2,46,46,43,44,43,18,46,1
2,5,3,0,0,2,8e-06,114,0,254,0,0,0,0,57000000.0,0.0,2,0,0,0,0,0,57,0,0,0,0.0,0.0,1424239026,1424239026,0.008,0.0,0.0,0.0,0.0,0,2,,,2,46,46,44,44,44,20,46,1
6,8,17,6,34,2,1e-06,200,0,254,0,0,0,2,800000000.0,0.0,2,0,0,0,0,0,100,0,0,0,0.0,0.0,1424223239,1424223239,0.001,0.0,0.0,0.0,0.0,0,2,,,2,4,4,1,9,1,1,4,1
2,700,14,18,1,1,2.560113,1690,126562,62,252,6,54,2,5127.898926,391957.7188,34,112,255,255,1877812337,2686892988,50,1130,0,0,4202.151796,2250.141146,1424238680,1424238682,77.579182,22.509308,0.129404,0.083333,0.046071,0,1,,,2,1,7,3,1,1,1,1,1
3,2,3,0,0,2,8e-06,114,0,254,0,0,0,0,57000000.0,0.0,2,0,0,0,0,0,57,0,0,0,0.0,0.0,1424232199,1424232199,0.008,0.0,0.0,0.0,0.0,0,2,,,2,43,43,6,6,6,6,43,1
1,701,18,4,1,1,3.808478,19306,1066052,31,29,2,362,2,40442.40234,2236257.0,362,730,255,255,1425482364,3591736277,53,1460,0,0,665.035929,444.196905,1421945377,1421945381,10.548792,5.223517,0.000664,0.00053,0.000134,0,0,0.0,0.0,0,3,4,3,2,2,2,2,0
14,702,18,269,0,0,0.001792,536,304,31,29,0,0,2,1794642.875,1017857.125,4,4,0,0,0,0,134,76,0,0,0.632625,0.318678,1421969734,1421969734,0.453333,0.231333,0.0,0.0,0.0,0,0,0.0,0.0,0,9,10,7,4,1,1,3,0
1,703,19,270,1,1,0.002751,320,1854,31,29,1,2,5,776444.9375,4719738.5,6,8,255,255,265754945,269405287,53,232,0,0,26.965049,0.537458,1424227268,1424227268,0.4874,0.377333,0.000627,0.000484,0.000143,0,0,,,2,6,6,5,11,1,1,9,0
3,5,3,0,0,2,9e-06,114,0,254,0,0,0,0,50666664.0,0.0,2,0,0,0,0,0,57,0,0,0,0.0,0.0,1424233864,1424233864,0.009,0.0,0.0,0.0,0.0,0,2,,,2,17,17,17,17,17,17,17,1
10,704,8,271,1,1,0.136101,3494,44426,31,29,7,22,2,201850.1094,2566388.25,58,58,255,255,3062261671,3062489945,60,766,0,0,153.614201,4.274032,1421952248,1421952249,2.382158,2.421214,0.000645,0.000512,0.000133,0,0,0.0,0.0,0,6,8,7,5,1,1,2,0
6,2,9,0,0,2,8e-06,114,0,254,0,0,0,0,57000000.0,0.0,2,0,0,0,0,0,57,0,0,0,0.0,0.0,1424225365,1424225365,0.008,0.0,0.0,0.0,0.0,0,2,,,2,27,27,17,17,17,8,27,1
6,705,2,4,1,1,0.531381,708,2160,62,252,2,2,3,9605.161133,28454.16016,10,8,255,255,1789527529,417251965,71,270,1,672,3295.806534,89.962602,1424254698,1424254698,59.030222,58.844285,0.225992,0.119462,0.10653,0,1,1.0,,2,1,1,7,2,2,1,1,1
1,706,1,272,1,1,0.11585,4966,77388,31,29,7,36,2,338990.0625,5281933.5,86,86,255,255,4253298500,2136492967,58,900,0,0,78.505263,2.043528,1421938796,1421938796,1.375548,1.356553,0.000675,0.00054,0.000135,0,0,0.0,0.0,0,7,7,2,3,1,1,2,0
2,2,3,0,0,2,4e-06,114,0,254,0,0,0,0,114000000.0,0.0,2,0,0,0,0,0,57,0,0,0,0.0,0.0,1421933469,1421933469,0.004,0.0,0.0,0.0,0.0,0,2,0.0,0.0,0,4,4,4,4,3,3,4,1
7,2,7,0,0,2,2e-06,264,0,60,0,0,0,0,528000000.0,0.0,2,0,0,0,0,0,132,0,0,0,0.0,0.0,1424245216,1424245216,0.002,0.0,0.0,0.0,0.0,0,0,,,2,23,23,23,23,23,23,23,0
3,707,24,10,0,2,4e-06,168,0,254,0,0,0,2,168000000.0,0.0,2,0,0,0,0,0,84,0,0,0,0.0,0.0,1424256254,1424256254,0.004,0.0,0.0,0.0,0.0,0,2,,,2,2,7,4,2,1,1,2,1
10,708,19,8,1,1,0.024378,37222,3380,31,29,18,8,4,11980310.0,1082943.625,52,42,255,255,2426156853,2431353690,716,80,0,0,25.914674,1.139511,1424232197,1424232197,0.471431,0.581878,0.000639,0.000517,0.000122,0,0,,,2,1,1,1,4,1,1,1,0
6,5,6,0,0,2,3e-06,114,0,254,0,0,0,0,152000000.0,0.0,2,0,0,0,0,0,57,0,0,0,0.0,0.0,1424260085,1424260085,0.003,0.0,0.0,0.0,0.0,0,2,,,2,15,15,9,9,9,9,15,1
1,709,1,4,1,1,1.007834,1580,10168,31,29,3,5,3,11501.89453,76234.78125,12,18,255,255,1022309364,3168697749,132,565,1,3924,9535.120936,7683.018166,1424223780,1424223781,91.590724,59.253884,0.000653,0.000513,0.00014,0,0,1.0,,2,1,4,3,1,1,1,1,0
13,710,13,273,1,1,0.03328,3926,54286,31,29,7,27,2,929567.3125,12857692.0,66,68,255,255,1148259523,1148575384,59,798,0,0,28.864994,28.515413,1424244782,1424244783,0.506385,0.495864,0.000646,0.000542,0.000104,0,0,,,2,2,4,1,2,1,1,1,0
6,2,6,0,0,2,1e-06,114,0,254,0,0,0,0,456000000.0,0.0,2,0,0,0,0,0,57,0,0,0,0.0,0.0,1424260821,1424260821,0.001,0.0,0.0,0.0,0.0,0,2,,,2,11,11,11,11,11,11,11,1
2,2,2,0,0,2,9e-06,114,0,254,0,0,0,0,50666664.0,0.0,2,0,0,0,0,0,57,0,0,0,0.0,0.0,1424254927,1424254927,0.009,0.0,0.0,0.0,0.0,0,2,,,2,8,8,8,8,8,8,8,1
4,711,12,7,1,1,23.741879,25368,1094788,31,29,38,390,2,8529.063477,368467.2188,452,858,255,255,1090042650,1163550772,56,1276,0,0,20376.26669,14725.45705,1421929410,1421929434,52.642106,27.70288,0.00065,0.000523,0.000127,0,0,0.0,0.0,0,6,7,6,3,2,1,2,0
10,712,18,0,0,0,0.001037,146,178,31,29,0,0,0,563163.0,686595.9375,2,2,0,0,0,0,73,89,0,0,0.0,0.0,1424246501,1424246501,0.008,0.008,0.0,0.0,0.0,0,0,,,2,2,2,2,1,1,1,1,0
12,713,1,274,1,1,0.06568,2974,30514,31,29,7,18,2,354811.2188,3642387.5,48,50,255,255,1248441687,1294479418,62,610,0,0,79.863469,78.27611,1421970102,1421970102,1.390787,1.328694,0.000725,0.000567,0.000158,0,0,0.0,0.0,0,15,13,5,5,1,1,1,0
3,5,3,0,0,2,9e-06,114,0,254,0,0,0,0,50666664.0,0.0,2,0,0,0,0,0,57,0,0,0,0.0,0.0,1424233096,1424233096,0.009,0.0,0.0,0.0,0.0,0,2,,,2,20,20,18,19,18,18,20,1
3,2,3,0,0,2,9e-06,114,0,254,0,0,0,0,50666664.0,0.0,2,0,0,0,0,0,57,0,0,0,0.0,0.0,1424230961,1424230961,0.009,0.0,0.0,0.0,0.0,0,2,,,2,22,22,23,24,22,22,23,1
5,5,5,0,0,2,2e-06,264,0,60,0,0,0,0,528000000.0,0.0,2,0,0,0,0,0,132,0,0,0,0.0,0.0,1424238221,1424238221,0.002,0.0,0.0,0.0,0.0,0,0,,,2,27,27,13,13,13,13,27,0
10,714,18,4,1,1,3.881825,18370,1087890,31,29,2,370,3,37749.25391,2239012.75,344,746,255,255,635356093,2781674382,53,1458,1,524288,674.712782,437.315525,1424226088,1424226091,11.316373,5.209756,0.00069,0.000554,0.000136,0,0,1.0,,2,1,3,2,1,1,1,1,0
6,5,6,0,0,2,9e-06,114,0,254,0,0,0,0,50666664.0,0.0,2,0,0,0,0,0,57,0,0,0,0.0,0.0,1424260768,1424260768,0.009,0.0,0.0,0.0,0.0,0,2,,,2,26,26,26,26,26,14,26,1
5,5,7,0,0,2,7e-06,264,0,60,0,0,0,0,150857136.0,0.0,2,0,0,0,0,0,132,0,0,0,0.0,0.0,1424231380,1424231380,0.007,0.0,0.0,0.0,0.0,0,0,,,2,27,27,27,27,27,14,27,0
2,5,3,0,0,2,4e-06,114,0,254,0,0,0,0,114000000.0,0.0,2,0,0,0,0,0,57,0,0,0,0.0,0.0,1424238905,1424238905,0.004,0.0,0.0,0.0,0.0,0,2,,,2,31,31,16,16,16,16,31,1
10,715,12,10,0,0,0.004494,568,304,31,29,0,0,2,758344.4375,405874.4688,4,4,0,0,0,0,142,76,0,0,1.648739,1.405492,1421931034,1421931034,1.175333,1.002333,0.0,0.0,0.0,0,0,0.0,0.0,0,6,5,7,3,1,1,3,0
6,2,9,0,0,2,9e-06,114,0,254,0,0,0,0,50666664.0,0.0,2,0,0,0,0,0,57,0,0,0,0.0,0.0,1424226021,1424226021,0.009,0.0,0.0,0.0,0.0,0,2,,,2,8,8,8,8,8,8,8,1
2,716,14,37,1,1,1.982591,2516,354,254,252,2,1,2,9139.554688,1250.888306,10,8,255,255,2083219966,2270691846,252,44,0,0,13432.48539,395.444313,1424261334,1424261336,213.106667,271.364719,0.235674,0.083037,0.152637,0,1,,,2,3,3,2,3,2,2,3,1
2,2,3,0,0,2,5e-06,114,0,254,0,0,0,0,91200000.0,0.0,2,0,0,0,0,0,57,0,0,0,0.0,0.0,1424237593,1424237593,0.005,0.0,0.0,0.0,0.0,0,2,,,2,59,59,58,58,58,32,59,1
2,5,2,0,0,2,1e-05,114,0,254,0,0,0,0,45600000.0,0.0,2,0,0,0,0,0,57,0,0,0,0.0,0.0,1424252349,1424252349,0.01,0.0,0.0,0.0,0.0,0,2,,,2,19,19,18,18,18,18,19,1
1,717,12,10,0,0,0.004763,568,320,31,29,0,0,2,715515.375,403107.2813,4,4,0,0,0,0,142,80,0,0,1.732885,1.50873,1424256949,1424256949,1.231333,1.073333,0.0,0.0,0.0,0,0,,,2,11,11,6,10,1,1,5,0
2,5,3,0,0,2,1e-05,114,0,254,0,0,0,0,45600000.0,0.0,2,0,0,0,0,0,57,0,0,0,0.0,0.0,1424237557,1424237557,0.01,0.0,0.0,0.0,0.0,0,2,,,2,44,44,42,42,42,19,44,1
2,5,3,0,0,2,1e-06,114,0,254,0,0,0,0,456000000.0,0.0,2,0,0,0,0,0,57,0,0,0,0.0,0.0,1424237652,1424237652,0.001,0.0,0.0,0.0,0.0,0,2,,,2,35,35,11,11,11,11,35,1
3,5,3,0,0,2,4e-06,114,0,254,0,0,0,0,114000000.0,0.0,2,0,0,0,0,0,57,0,0,0,0.0,0.0,1424232585,1424232585,0.004,0.0,0.0,0.0,0.0,0,2,,,2,34,34,9,9,9,9,34,1
2,2,2,0,0,2,1e-06,114,0,254,0,0,0,0,456000000.0,0.0,2,0,0,0,0,0,57,0,0,0,0.0,0.0,1424252080,1424252080,0.001,0.0,0.0,0.0,0.0,0,2,,,2,24,24,14,18,14,14,24,1
4,718,20,275,1,1,1.046273,5016,3080,31,29,7,7,2,36984.61328,22770.34766,28,30,255,255,2452580500,2768800385,179,103,0,0,2162.977913,55.622809,1421944832,1421944833,38.738,36.059309,0.000684,0.000549,0.000135,0,0,0.0,0.0,0,12,23,22,17,4,4,4,0
2,5,3,0,0,2,6e-06,114,0,254,0,0,0,0,76000000.0,0.0,2,0,0,0,0,0,57,0,0,0,0.0,0.0,1421930836,1421930836,0.006,0.0,0.0,0.0,0.0,0,2,0.0,0.0,0,7,7,4,4,4,4,4,1
3,719,11,4,1,1,0.224127,4656,8196,62,252,3,4,3,152342.2031,268169.4063,12,12,255,255,2322819698,2946845920,388,683,1,3552,1144.557199,1631.558796,1424222134,1424222135,20.375182,18.122909,0.063063,0.016288,0.046775,0,1,1.0,,2,1,1,1,1,1,1,1,1
3,720,6,4,1,1,1.220845,898,1078,62,252,2,2,3,5399.539062,6185.879395,12,8,255,255,77229092,4186255236,75,135,1,137,5730.412183,219.246984,1424261168,1424261169,110.973912,154.181719,0.244078,0.141567,0.102511,0,1,1.0,,2,2,2,1,1,1,1,2,1
9,8,15,6,35,2,9e-06,200,0,254,0,0,0,2,88888888.0,0.0,2,0,0,0,0,0,100,0,0,0,0.0,0.0,1424258775,1424258775,0.009,0.0,0.0,0.0,0.0,0,2,,,2,4,4,1,3,1,1,4,1
1,721,20,9,1,1,0.014862,1920,4416,31,29,6,6,2,986677.4375,2286098.75,22,26,255,255,1070618881,3220478871,87,170,0,0,51.073767,36.971354,1421928443,1421928443,0.686905,0.572,0.000679,0.000555,0.000124,0,0,0.0,0.0,0,5,4,3,5,1,1,1,0
12,722,10,276,1,1,0.358421,320,1866,31,29,1,2,5,5959.472168,36448.75781,6,8,255,255,86772372,2427139629,53,233,0,0,5054.917746,124.918086,1421949488,1421949488,71.6202,51.132715,0.000613,0.000489,0.000124,0,0,0.0,0.0,0,1,4,1,2,1,1,1,0
10,723,19,9,1,1,0.223618,4908,2448,31,29,9,6,2,170433.5,84215.04688,34,26,255,255,1725975986,1726381386,144,94,0,0,700.214107,23.699883,1421947128,1421947128,6.776303,8.91716,0.000715,0.0006,0.000115,0,0,0.0,0.0,0,6,5,2,3,2,1,1,0
11,724,4,277,1,1,0.078061,3302,37226,31,29,7,21,2,332150.5,3747018.5,54,56,255,255,1648985535,1670386974,61,665,0,0,82.320842,81.263246,1421945596,1421945596,1.46634,1.408891,0.000704,0.000568,0.000136,0,0,0.0,0.0,0,8,17,13,8,3,3,3,0
0,725,10,4,1,1,3.462902,18786,1087890,31,29,2,370,2,43276.99609,2509876.25,352,746,255,255,4051364041,1903397231,53,1458,0,0,526.867745,337.468148,1421933624,1421933627,9.861832,4.647479,0.000648,0.000526,0.000122,0,0,0.0,0.0,0,8,7,2,1,1,1,1,0
16,5,21,0,0,2,8e-06,264,0,60,0,0,0,0,132000000.0,0.0,2,0,0,0,0,0,132,0,0,0,0.0,0.0,1424225554,1424225554,0.008,0.0,0.0,0.0,0.0,0,0,,,2,16,16,8,8,8,8,16,0
3,726,24,12,0,2,5e-06,78,0,254,0,0,0,2,62400000.0,0.0,2,0,0,0,0,0,39,0,0,0,0.0,0.0,1424257025,1424257025,0.005,0.0,0.0,0.0,0.0,0,2,,,2,21,20,7,7,7,2,20,1
6,2,9,0,0,2,4e-06,114,0,254,0,0,0,0,114000000.0,0.0,2,0,0,0,0,0,57,0,0,0,0.0,0.0,1424223428,1424223428,0.004,0.0,0.0,0.0,0.0,0,2,,,2,28,28,12,13,12,2,28,1
3,2,14,0,0,2,9e-06,114,0,254,0,0,0,0,50666664.0,0.0,2,0,0,0,0,0,57,0,0,0,0.0,0.0,1424246368,1424246368,0.009,0.0,0.0,0.0,0.0,0,2,,,2,32,32,22,22,22,13,32,1
10,727,18,0,0,0,0.001004,146,178,31,29,0,0,0,581673.3125,709163.375,2,2,0,0,0,0,73,89,0,0,0.0,0.0,1424235894,1424235894,0.004,0.006,0.0,0.0,0.0,0,0,,,2,4,1,1,7,2,1,1,0
2,728,2,183,1,1,0.940546,608,646,254,252,2,3,2,4661.122559,4950.316406,10,10,255,255,2950405523,2785276652,61,65,0,0,5310.262984,125.852586,1424230754,1424230755,104.505111,88.616781,0.229959,0.142201,0.087758,0,1,,,2,2,2,1,1,1,1,2,0
12,729,20,0,0,0,0.001029,146,178,31,29,0,0,0,567541.3125,691933.875,2,2,0,0,0,0,73,89,0,0,0.0,0.0,1424253927,1424253927,0.009,0.007,0.0,0.0,0.0,0,0,,,2,2,1,2,3,1,1,3,0
13,730,19,278,1,1,0.007938,2230,13586,31,29,7,11,2,2181909.75,13312169.0,34,36,255,255,1035038793,1044898300,66,377,0,0,0.0,12.797325,1421949657,1421949657,0.230909,0.218,0.000654,0.000522,0.000132,0,0,0.0,0.0,0,11,11,6,5,1,1,2,0
13,731,10,9,1,1,0.004144,1064,2260,31,29,4,4,2,1884169.875,4000000.0,12,12,255,255,3693735717,3694015257,89,188,0,0,17.725636,0.397743,1421930313,1421930313,0.345273,0.327091,0.000677,0.000545,0.000132,0,0,0.0,0.0,0,1,5,2,7,1,1,1,0
4,732,10,4,1,1,0.003986,1052,824,31,29,2,2,3,1848469.625,1489212.25,8,10,255,255,2338820244,190305737,132,82,1,83,32.580425,0.695544,1421964255,1421964255,0.519714,0.381444,0.0007,0.000546,0.000154,0,0,1.0,0.0,0,3,2,6,13,3,1,1,0
3,5,14,0,0,2,9e-06,114,0,254,0,0,0,0,50666664.0,0.0,2,0,0,0,0,0,57,0,0,0,0.0,0.0,1424247946,1424247946,0.009,0.0,0.0,0.0,0.0,0,2,,,2,29,29,17,19,17,17,29,1
0,733,20,10,0,0,0.004653,568,304,31,29,0,0,2,732430.75,392005.1875,4,4,0,0,0,0,142,76,0,0,1.700592,1.489403,1421971531,1421971531,1.205,1.057667,0.0,0.0,0.0,0,0,0.0,0.0,0,7,8,9,8,1,1,3,0
3,5,14,0,0,2,3e-06,114,0,254,0,0,0,0,152000000.0,0.0,2,0,0,0,0,0,57,0,0,0,0.0,0.0,1424247887,1424247887,0.003,0.0,0.0,0.0,0.0,0,2,,,2,42,42,10,10,10,10,42,1
17,734,13,279,1,1,0.030108,2542,21848,31,29,7,14,2,658695.375,5667065.5,40,42,255,255,1640553607,3790464356,64,520,0,0,55.58183,53.52192,1421957432,1421957432,0.763205,0.71822,0.000819,0.00065,0.000169,0,0,0.0,0.0,0,5,6,4,3,1,1,1,0
6,2,6,0,0,2,5e-06,114,0,254,0,0,0,0,91200000.0,0.0,2,0,0,0,0,0,57,0,0,0,0.0,0.0,1424260014,1424260014,0.005,0.0,0.0,0.0,0.0,0,2,,,2,30,30,17,17,17,17,30,1
7,2,7,0,0,2,5e-06,264,0,60,0,0,0,0,211200000.0,0.0,2,0,0,0,0,0,132,0,0,0,0.0,0.0,1424246570,1424246570,0.005,0.0,0.0,0.0,0.0,0,0,,,2,36,36,34,34,34,18,36,0
2,5,2,0,0,2,4e-06,114,0,254,0,0,0,0,114000000.0,0.0,2,0,0,0,0,0,57,0,0,0,0.0,0.0,1424252291,1424252291,0.004,0.0,0.0,0.0,0.0,0,2,,,2,33,33,17,17,17,17,33,1
3,5,3,0,0,2,7e-06,114,0,254,0,0,0,0,65142856.0,0.0,2,0,0,0,0,0,57,0,0,0,0.0,0.0,1424233293,1424233293,0.007,0.0,0.0,0.0,0.0,0,2,,,2,17,17,17,18,17,17,17,1
19,5,21,0,0,2,2e-06,264,0,60,0,0,0,0,528000000.0,0.0,2,0,0,0,0,0,132,0,0,0,0.0,0.0,1424259285,1424259285,0.002,0.0,0.0,0.0,0.0,0,0,,,2,37,37,37,37,37,19,37,0
15,2,5,0,0,2,2e-06,264,0,60,0,0,0,0,528000000.0,0.0,2,0,0,0,0,0,132,0,0,0,0.0,0.0,1424253226,1424253226,0.002,0.0,0.0,0.0,0.0,0,0,,,2,33,33,24,24,24,13,33,0
12,735,10,9,1,1,0.014765,1920,4312,31,29,6,6,2,993159.5,2239349.75,22,24,255,255,2716598405,567291641,87,180,0,0,66.490528,48.764723,1421955562,1421955562,0.685857,0.61787,0.000957,0.000547,0.00041,0,0,0.0,0.0,0,7,8,4,4,2,2,2,0
4,736,13,280,1,1,0.065966,4014,59460,31,29,7,28,2,479641.0,7108025.0,68,70,255,255,233038398,256138020,59,849,0,0,64.080462,63.017406,1421927877,1421927877,0.979224,0.947855,0.000689,0.00056,0.000129,0,0,0.0,0.0,0,8,3,4,6,1,1,1,0
3,2,14,0,0,2,1e-05,114,0,254,0,0,0,0,45600000.0,0.0,2,0,0,0,0,0,57,0,0,0,0.0,0.0,1424244750,1424244750,0.01,0.0,0.0,0.0,0.0,0,2,,,2,22,22,5,5,5,5,22,1
9,737,17,10,1,1,1.260789,564,354,254,252,2,1,2,3223.378174,1967.022217,10,8,255,255,786683000,3733795821,56,44,0,0,7986.572675,226.246156,1424246984,1424246985,131.640111,164.133422,0.262928,0.11185,0.151078,0,1,,,2,2,1,1,1,1,1,1,1
8,738,0,0,0,0,0.001067,146,178,31,29,0,0,0,547329.0,667291.5,2,2,0,0,0,0,73,89,0,0,0.0,0.0,1421956995,1421956995,0.011,0.008,0.0,0.0,0.0,0,0,0.0,0.0,0,4,3,2,2,1,1,1,0
14,739,1,281,1,1,0.028287,2334,16446,31,29,7,12,2,641991.0625,4529006.5,36,38,255,255,1384550186,3534449511,65,433,0,0,59.207776,55.089716,1421969798,1421969798,0.798229,0.748405,0.000721,0.000586,0.000135,0,0,0.0,0.0,0,5,7,6,4,1,1,1,0
7,5,7,0,0,2,1e-05,264,0,60,0,0,0,0,105600000.0,0.0,2,0,0,0,0,0,132,0,0,0,0.0,0.0,1424245993,1424245993,0.01,0.0,0.0,0.0,0.0,0,0,,,2,35,35,17,17,17,17,35,0
2,2,2,0,0,2,9e-06,114,0,254,0,0,0,0,50666664.0,0.0,2,0,0,0,0,0,57,0,0,0,0.0,0.0,1424253772,1424253772,0.009,0.0,0.0,0.0,0.0,0,2,,,2,16,16,16,16,16,9,16,1
17,740,1,282,1,1,0.045771,5174,89856,31,29,7,39,2,894365.4375,15534728.0,90,92,255,255,3687890707,3700251004,57,977,0,0,27.347709,26.735333,1424233126,1424233126,0.522264,0.502067,0.000725,0.000582,0.000143,0,0,,,2,5,5,4,3,1,1,2,0
3,5,3,0,0,2,5e-06,114,0,254,0,0,0,0,91200000.0,0.0,2,0,0,0,0,0,57,0,0,0,0.0,0.0,1424233586,1424233586,0.005,0.0,0.0,0.0,0.0,0,2,,,2,26,26,16,16,16,16,26,1
17,741,18,4,1,1,0.004068,1050,824,31,29,2,2,3,1807276.375,1459193.75,8,10,255,255,181469860,182517761,131,82,1,83,33.416065,0.700899,1421947233,1421947233,0.531143,0.389,0.000726,0.000562,0.000164,0,0,1.0,0.0,0,2,1,3,4,1,1,2,0
10,742,0,283,1,1,0.013719,2646,25418,31,29,7,15,2,1506232.25,14485604.0,42,44,255,255,77637985,2223320426,63,578,0,0,19.259094,17.545495,1421945847,1421945847,0.324707,0.305209,0.000743,0.000584,0.000159,0,0,0.0,0.0,0,7,8,4,3,1,1,3,0
10,743,10,284,0,0,0.001538,528,304,31,29,0,0,2,2059818.0,1185955.875,4,4,0,0,0,0,132,76,0,0,0.542822,0.263988,1424234012,1424234012,0.387333,0.189667,0.0,0.0,0.0,0,0,,,2,9,6,5,9,1,1,6,0
3,5,14,0,0,2,9e-06,114,0,254,0,0,0,0,50666664.0,0.0,2,0,0,0,0,0,57,0,0,0,0.0,0.0,1424246170,1424246170,0.009,0.0,0.0,0.0,0.0,0,2,,,2,14,14,10,10,10,10,14,1
0,744,0,8,1,1,0.136798,37342,3276,31,29,18,8,4,2141785.75,186844.8438,52,40,255,255,2203600059,59276779,718,82,0,0,356.691076,12.327173,1421969502,1421969502,2.675275,3.493487,0.0007,0.000547,0.000153,0,0,0.0,0.0,0,1,1,2,3,1,1,1,0
4,745,19,10,0,0,0.004756,568,304,31,29,0,0,2,716568.5625,383515.5625,4,4,0,0,0,0,142,76,0,0,1.762346,1.499084,1421945029,1421945029,1.252667,1.079,0.0,0.0,0.0,0,0,0.0,0.0,0,11,4,4,3,1,1,3,0
0,746,4,30,1,1,0.58187,3728,5474,31,29,7,7,2,49660.57422,72126.07031,32,24,255,255,2602064406,456970705,117,228,0,0,0.0,37.574293,1421932505,1421932505,18.770001,25.268912,0.000686,0.000571,0.000115,0,0,0.0,0.0,0,3,4,4,3,1,1,1,0
3,2,3,0,0,2,9e-06,114,0,254,0,0,0,0,50666664.0,0.0,2,0,0,0,0,0,57,0,0,0,0.0,0.0,1424230528,1424230528,0.009,0.0,0.0,0.0,0.0,0,2,,,2,35,35,5,5,5,4,35,1
11,747,0,18,1,1,1.019807,7816,16032,31,29,30,32,2,60811.50781,124768.7109,122,126,255,255,224637992,267056013,64,127,0,0,499.547674,495.077104,1424254932,1424254933,8.425389,8.154144,0.000686,0.000536,0.00015,0,0,,,2,14,11,4,4,1,1,3,0
14,748,12,285,0,0,0.003531,528,304,31,29,0,0,2,897196.25,516567.5313,4,4,0,0,0,0,132,76,0,0,1.357645,0.429695,1421968336,1421968336,0.964,0.308333,0.0,0.0,0.0,0,0,0.0,0.0,0,6,8,4,4,1,1,3,0
4,749,12,286,1,1,0.035886,3614,47722,31,29,7,24,2,792286.6875,10467146.0,60,62,255,255,2740174416,2740466079,60,770,0,0,34.402026,34.546464,1424223228,1424223228,0.602695,0.578279,0.000751,0.000602,0.000149,0,0,,,2,4,5,1,2,1,1,1,0
12,750,8,287,0,0,0.001812,544,304,31,29,0,0,2,1801324.5,1006622.563,4,4,0,0,0,0,136,76,0,0,0.586191,0.361331,1421961480,1421961480,0.418,0.259,0.0,0.0,0.0,0,0,0.0,0.0,0,20,10,6,8,1,1,4,0
8,751,4,288,1,1,0.278958,3598,46036,31,29,7,24,2,101491.9844,1298948.25,60,62,255,255,169707665,2315407213,60,743,0,0,285.277873,281.700161,1424228682,1424228682,4.722796,4.563,0.000749,0.000605,0.000144,0,0,,,2,7,4,4,3,1,1,1,0
14,752,13,289,1,1,0.023648,2542,23432,31,29,7,14,2,838633.3125,7738498.0,40,42,255,255,3018086084,3018404782,64,558,0,0,40.463424,38.586807,1421950416,1421950416,0.596897,0.549268,0.001282,0.001116,0.000166,0,0,0.0,0.0,0,9,10,2,2,1,1,1,0
7,2,7,0,0,2,7e-06,264,0,60,0,0,0,0,150857136.0,0.0,2,0,0,0,0,0,132,0,0,0,0.0,0.0,1424245921,1424245921,0.007,0.0,0.0,0.0,0.0,0,0,,,2,23,23,23,23,23,23,23,0
14,753,0,8,1,1,0.021789,37142,3380,31,29,18,8,4,13374823.0,1211620.625,52,42,255,255,4227880486,2083555521,714,80,0,0,23.011456,0.831643,1421969896,1421969896,0.420235,0.51839,0.00067,0.000529,0.000141,0,0,0.0,0.0,0,1,2,5,5,1,1,1,0
1,754,18,0,0,0,0.001077,146,178,31,29,0,0,0,542246.9375,661095.625,2,2,0,0,0,0,73,89,0,0,0.0,0.0,1424252057,1424252057,0.01,0.007,0.0,0.0,0.0,0,0,,,2,2,2,1,2,1,1,2,0
13,755,19,290,1,1,0.222973,8928,320,31,29,4,1,5,297471.0,9579.634766,14,6,255,255,1514670352,2914976038,638,53,0,0,1482.574973,63.345816,1424254396,1424254396,17.15177,44.461801,0.000645,0.000522,0.000123,0,0,,,2,3,3,4,3,1,1,4,0
0,756,4,291,1,1,0.004141,528,8824,31,29,1,4,5,919584.625,15627143.0,10,12,255,255,3754195621,3766098998,53,735,0,0,32.160032,19.671157,1424241072,1424241072,0.426889,0.333091,0.000594,0.000474,0.00012,0,0,,,2,3,3,6,6,1,1,4,0
1,757,20,7,1,1,0.388244,13142,548216,31,29,21,197,2,269624.25,11270541.0,228,438,255,255,3431110363,1289186738,58,1252,0,0,103.1389,52.854365,1421967865,1421967865,1.708952,0.887293,0.00063,0.000493,0.000137,0,0,0.0,0.0,0,13,10,8,10,4,1,5,0
3,758,6,12,0,2,9e-06,104,0,254,0,0,0,2,46222220.0,0.0,2,0,0,0,0,0,52,0,0,0,0.0,0.0,1424223916,1424223916,0.009,0.0,0.0,0.0,0.0,0,2,,,2,5,5,2,2,2,1,5,1
6,759,24,33,1,1,0.881354,2004,736,254,252,3,2,2,16674.3457,5845.55127,12,8,255,255,2699358532,4075040630,167,92,0,0,4023.635107,149.329047,1424245604,1424245604,80.123091,113.284289,0.140018,0.08747,0.052548,0,1,,,2,5,2,2,2,1,1,2,1
9,760,3,1,1,1,0.61177,2302,786,254,252,4,4,1,27958.2207,9428.379883,14,12,255,255,2710296395,2164266065,164,66,0,0,3087.249593,99.049805,1424242947,1424242948,45.071462,53.458637,0.073159,0.02372,0.049439,0,1,,,2,1,1,1,1,1,1,1,1
13,761,1,30,1,1,2.266863,14616,17238,31,29,22,32,6,51076.75,60238.30859,102,102,255,255,1042012579,1042297853,143,169,0,0,1526.337235,1525.946688,1424233565,1424233567,22.66863,22.66182,0.000685,0.000557,0.000128,0,0,,,2,1,1,6,7,1,1,4,0
2,2,3,0,0,2,5e-06,114,0,254,0,0,0,0,91200000.0,0.0,2,0,0,0,0,0,57,0,0,0,0.0,0.0,1424239131,1424239131,0.005,0.0,0.0,0.0,0.0,0,2,,,2,37,37,24,26,24,24,37,1
17,762,10,4,1,1,0.030805,320,616,31,29,1,2,2,69339.39844,133484.8281,6,6,255,255,2796538385,654510001,53,103,0,83,424.670516,11.880189,1421954453,1421954453,6.161,6.027,0.000765,0.000544,0.000221,0,0,0.0,0.0,0,15,5,4,9,1,1,2,0
6,5,9,0,0,2,1e-05,114,0,254,0,0,0,0,45600000.0,0.0,2,0,0,0,0,0,57,0,0,0,0.0,0.0,1424223972,1424223972,0.01,0.0,0.0,0.0,0.0,0,2,,,2,17,17,9,10,9,9,17,1
11,763,4,4,1,1,8.285891,18994,1087890,31,29,2,370,3,18287.47266,1048946.5,356,746,255,255,1474142794,1482342239,53,1458,1,524288,1440.47306,958.957844,1424243881,1424243889,23.339461,11.120819,0.001027,0.000877,0.00015,0,0,1.0,,2,1,1,6,4,1,1,1,0
6,8,17,6,3,2,6e-06,200,0,254,0,0,0,2,133333328.0,0.0,2,0,0,0,0,0,100,0,0,0,0.0,0.0,1424223272,1424223272,0.006,0.0,0.0,0.0,0.0,0,2,,,2,9,9,3,12,3,3,10,1
6,2,6,0,0,2,3e-06,114,0,254,0,0,0,0,152000000.0,0.0,2,0,0,0,0,0,57,0,0,0,0.0,0.0,1424259181,1424259181,0.003,0.0,0.0,0.0,0.0,0,2,,,2,34,34,14,14,14,14,34,1
3,2,3,0,0,2,9e-06,114,0,254,0,0,0,0,50666664.0,0.0,2,0,0,0,0,0,57,0,0,0,0.0,0.0,1424231046,1424231046,0.009,0.0,0.0,0.0,0.0,0,2,,,2,25,25,25,25,25,25,25,1
10,764,13,4,1,1,1.179242,1684,10168,31,29,3,5,3,10610.20508,65153.71484,14,18,255,255,126295197,2276859863,120,565,1,3924,10135.69733,8872.66998,1424223556,1424223557,90.681998,69.336529,0.000668,0.000516,0.000152,0,0,4.0,,2,3,3,3,3,3,2,2,0
3,2,14,0,0,2,1e-05,114,0,254,0,0,0,0,45600000.0,0.0,2,0,0,0,0,0,57,0,0,0,0.0,0.0,1424245738,1424245738,0.01,0.0,0.0,0.0,0.0,0,2,,,2,46,46,31,30,30,19,46,1
6,8,17,6,3,2,9e-06,200,0,254,0,0,0,2,88888888.0,0.0,2,0,0,0,0,0,100,0,0,0,0.0,0.0,1424223292,1424223292,0.009,0.0,0.0,0.0,0.0,0,2,,,2,6,6,1,6,1,1,6,1
12,765,1,292,0,0,0.00175,536,304,31,29,0,0,2,1837714.25,1042285.688,4,4,0,0,0,0,134,76,0,0,0.616362,0.317969,1421936515,1421936515,0.440333,0.232333,0.0,0.0,0.0,0,0,0.0,0.0,0,9,6,5,9,1,1,3,0
3,2,14,0,0,2,1e-05,114,0,254,0,0,0,0,45600000.0,0.0,2,0,0,0,0,0,57,0,0,0,0.0,0.0,1424248034,1424248034,0.01,0.0,0.0,0.0,0.0,0,2,,,2,15,15,15,15,15,8,15,1
2,8,15,6,3,2,9e-06,200,0,254,0,0,0,2,88888888.0,0.0,2,0,0,0,0,0,100,0,0,0,0.0,0.0,1424244414,1424244414,0.009,0.0,0.0,0.0,0.0,0,2,,,2,7,7,4,5,3,3,10,1
12,766,20,9,1,1,0.005741,2048,2410,31,29,6,7,2,2735411.75,3230099.25,24,26,255,255,2222308344,73047421,85,93,0,0,14.258845,0.0,1421962283,1421962283,0.234391,0.20396,0.000759,0.000632,0.000127,0,0,0.0,0.0,0,4,4,2,2,1,1,1,0
2,5,2,0,0,2,9e-06,114,0,254,0,0,0,0,50666664.0,0.0,2,0,0,0,0,0,57,0,0,0,0.0,0.0,1424252828,1424252828,0.009,0.0,0.0,0.0,0.0,0,2,,,2,18,18,13,13,13,13,18,1
2,5,2,0,0,2,9e-06,114,0,254,0,0,0,0,50666664.0,0.0,2,0,0,0,0,0,57,0,0,0,0.0,0.0,1424255025,1424255025,0.009,0.0,0.0,0.0,0.0,0,2,,,2,40,40,34,34,34,18,40,1
6,767,3,4,1,1,0.916176,2806,2844,254,252,3,2,3,22467.29883,21733.81445,12,8,255,255,890220154,4249227017,234,356,1,734,4336.915769,147.113656,1424230222,1424230223,80.567089,106.204289,0.296667,0.172737,0.12393,0,1,1.0,,2,1,2,1,1,1,1,1,1
4,768,8,0,0,0,0.001054,130,162,31,29,0,0,0,493358.625,614800.75,2,2,0,0,0,0,65,81,0,0,0.0,0.0,1421946650,1421946650,0.011,0.009,0.0,0.0,0.0,0,0,0.0,0.0,0,5,5,5,2,2,1,1,0
6,5,9,0,0,2,4e-06,114,0,254,0,0,0,0,114000000.0,0.0,2,0,0,0,0,0,57,0,0,0,0.0,0.0,1424223878,1424223878,0.004,0.0,0.0,0.0,0.0,0,2,,,2,20,20,3,3,3,3,20,1
13,769,10,10,0,0,0.255205,568,304,31,29,0,0,2,13353.96973,7147.195312,4,4,0,0,0,0,142,76,0,0,97.105797,101.756672,1421969263,1421969263,68.674664,71.963336,0.0,0.0,0.0,0,0,0.0,0.0,0,6,10,5,4,2,2,3,0
1,770,13,8,1,1,0.478776,37180,3276,31,29,18,8,4,609303.6875,53386.13281,52,40,255,255,486813962,487808316,715,82,0,0,881.607687,29.797148,1424231878,1424231879,9.380902,12.262897,0.000654,0.000516,0.000138,0,0,,,2,2,1,2,5,1,1,1,0
2,2,3,0,0,2,9e-06,114,0,254,0,0,0,0,50666664.0,0.0,2,0,0,0,0,0,57,0,0,0,0.0,0.0,1424239051,1424239051,0.009,0.0,0.0,0.0,0.0,0,2,,,2,53,53,38,39,38,20,53,1
2,771,17,4,1,1,0.80271,818,354,254,252,2,1,3,7345.118652,3089.53418,10,8,255,255,1540315719,3979345151,82,44,1,0,5156.26037,144.057125,1424224595,1424224596,89.19,97.072141,0.123976,0.037149,0.086827,0,1,1.0,,2,2,1,1,1,1,1,1,1
19,2,21,0,0,2,3e-06,264,0,60,0,0,0,0,352000000.0,0.0,2,0,0,0,0,0,132,0,0,0,0.0,0.0,1424260428,1424260428,0.003,0.0,0.0,0.0,0.0,0,0,,,2,37,37,37,37,37,18,37,0
8,772,4,293,1,1,0.01716,2438,19420,31,29,7,13,2,1106759.875,8827506.0,38,40,255,255,725700290,2891263972,64,486,0,0,0.0,27.082427,1424240938,1424240938,0.453243,0.426744,0.000636,0.000514,0.000122,0,0,,,2,1,3,2,2,1,1,1,0
13,773,8,4,1,1,1.008204,1684,10168,31,29,3,5,3,12410.1875,76206.79688,14,18,255,255,839323996,840768635,120,565,1,3924,8765.168976,7674.579173,1424258694,1424258695,77.528075,59.276294,0.000615,0.000506,0.000109,0,0,1.0,,2,2,1,1,9,2,1,2,0
2,774,2,4,1,1,0.330991,806,1598,62,252,2,2,3,17547.30469,33813.60938,10,8,255,255,1543719133,1456638256,81,200,1,391,1892.586485,64.711703,1424229373,1424229373,36.776778,33.014855,0.123596,0.07157,0.052026,0,1,1.0,,2,1,1,1,1,1,1,1,1
14,775,0,294,0,0,0.073188,544,304,31,29,0,0,2,44597.47656,24922.11914,4,4,0,0,0,0,136,76,0,0,26.871236,11.330915,1424259829,1424259829,19.009334,8.019667,0.0,0.0,0.0,0,0,,,2,1,3,2,2,1,1,1,0
3,5,14,0,0,2,5e-06,114,0,254,0,0,0,0,91200000.0,0.0,2,0,0,0,0,0,57,0,0,0,0.0,0.0,1424248190,1424248190,0.005,0.0,0.0,0.0,0.0,0,2,,,2,27,27,16,16,16,16,27,1
2,776,24,12,0,3,1.1e-05,1064,0,254,0,0,0,2,386909088.0,0.0,2,0,0,0,0,0,532,0,0,0,39324.404,0.0,1424254511,1424254511,39324.408,0.0,0.0,0.0,0.0,0,6,,,2,4,3,2,21,2,2,3,1
0,777,1,295,1,1,0.030857,3302,40832,31,29,7,21,2,840263.125,10397122.0,54,56,255,255,2768007466,2779105882,61,729,0,0,0.0,34.196874,1421946020,1421946020,0.576057,0.551745,0.000645,0.000507,0.000138,0,0,0.0,0.0,0,5,6,5,8,1,1,2,0
6,5,9,0,0,2,3e-06,114,0,254,0,0,0,0,152000000.0,0.0,2,0,0,0,0,0,57,0,0,0,0.0,0.0,1424225856,1424225856,0.003,0.0,0.0,0.0,0.0,0,2,,,2,9,9,9,12,9,9,9,1
2,2,2,0,0,2,8e-06,114,0,254,0,0,0,0,57000000.0,0.0,2,0,0,0,0,0,57,0,0,0,0.0,0.0,1424253247,1424253247,0.008,0.0,0.0,0.0,0.0,0,2,,,2,24,24,16,16,16,16,24,1
8,778,10,0,0,0,0.00098,146,178,31,29,0,0,0,595918.375,726530.625,2,2,0,0,0,0,73,89,0,0,0.0,0.0,1424221756,1424221756,0.002,0.002,0.0,0.0,0.0,0,0,,,2,4,2,5,3,2,2,2,0
13,779,18,7,1,1,24.43524,25056,1094788,31,29,38,390,2,8184.900391,358011.7813,446,858,255,255,2841048174,3005115489,56,1276,0,0,20503.98002,14749.17849,1424255702,1424255727,54.909972,28.511929,0.00064,0.0005,0.00014,0,0,,,2,7,10,3,7,2,1,4,0
4,780,0,4,1,1,1.09907,1684,10168,31,29,3,5,2,11384.1709,69906.375,14,18,255,255,3010152757,3008360203,120,565,0,0,8799.393275,7729.46268,1421932810,1421932811,84.514231,64.479294,0.003114,0.002918,0.000196,0,0,0.0,0.0,0,4,10,2,2,1,1,2,0
3,5,14,0,0,2,1e-06,114,0,254,0,0,0,0,456000000.0,0.0,2,0,0,0,0,0,57,0,0,0,0.0,0.0,1424246142,1424246142,0.001,0.0,0.0,0.0,0.0,0,2,,,2,25,25,17,17,17,17,25,1
5,5,7,0,0,2,7e-06,264,0,60,0,0,0,0,150857136.0,0.0,2,0,0,0,0,0,132,0,0,0,0.0,0.0,1424231491,1424231491,0.007,0.0,0.0,0.0,0.0,0,0,,,2,43,43,25,25,25,25,43,0
3,8,11,6,36,2,5e-06,200,0,254,0,0,0,2,160000000.0,0.0,2,0,0,0,0,0,100,0,0,0,0.0,0.0,1424230284,1424230284,0.005,0.0,0.0,0.0,0.0,0,2,,,2,2,2,1,1,1,1,2,1
17,781,18,296,1,1,0.015636,2854,30136,31,29,7,17,2,1428498.25,15097978.0,46,48,255,255,43537507,43796734,62,628,0,0,20.002044,18.400111,1424239369,1424239369,0.356744,0.334822,0.000694,0.000566,0.000128,0,0,,,2,4,2,5,4,1,1,1,0
2,782,9,14,0,2,1e-05,1388,0,254,0,0,0,2,555200000.0,0.0,2,0,0,0,0,0,694,0,0,0,0.0,0.0,1424227160,1424227160,0.01,0.0,0.0,0.0,0.0,0,2,,,2,1,1,1,1,1,1,1,1
2,2,2,0,0,2,9e-06,114,0,254,0,0,0,0,50666664.0,0.0,2,0,0,0,0,0,57,0,0,0,0.0,0.0,1424255063,1424255063,0.009,0.0,0.0,0.0,0.0,0,2,,,2,34,34,34,34,34,16,34,1
8,783,12,0,0,0,0.00123,132,164,31,29,0,0,0,429268.2813,533333.3125,2,2,0,0,0,0,66,82,0,0,0.0,0.0,1424220432,1424220432,0.008,0.005,0.0,0.0,0.0,0,0,,,2,1,2,2,7,1,1,5,0
14,784,8,0,0,0,0.000959,146,178,31,29,0,0,0,608967.6875,742440.0,2,2,0,0,0,0,73,89,0,0,0.0,0.0,1424229341,1424229341,0.008,0.005,0.0,0.0,0.0,0,0,,,2,4,5,4,3,2,1,4,0
3,2,14,0,0,2,9e-06,114,0,254,0,0,0,0,50666664.0,0.0,2,0,0,0,0,0,57,0,0,0,0.0,0.0,1424246874,1424246874,0.009,0.0,0.0,0.0,0.0,0,2,,,2,8,8,9,9,8,8,14,1
11,785,13,297,1,1,0.078919,2766,28558,31,29,7,16,2,274103.8125,2832068.25,44,46,255,255,1383739996,1384013141,63,621,0,0,106.005141,104.151701,1424261304,1424261304,1.82793,1.742,0.000641,0.000523,0.000118,0,0,,,2,6,4,1,3,1,1,2,0
2,2,2,0,0,2,7e-06,114,0,254,0,0,0,0,65142856.0,0.0,2,0,0,0,0,0,57,0,0,0,0.0,0.0,1424253306,1424253306,0.007,0.0,0.0,0.0,0.0,0,2,,,2,22,22,16,16,16,16,22,1
6,2,9,0,0,2,9e-06,114,0,254,0,0,0,0,50666664.0,0.0,2,0,0,0,0,0,57,0,0,0,0.0,0.0,1424224542,1424224542,0.009,0.0,0.0,0.0,0.0,0,2,,,2,25,25,8,9,8,8,25,1
13,786,10,0,0,0,0.001055,146,178,31,29,0,0,0,553554.5,674881.5,2,2,0,0,0,0,73,89,0,0,0.0,0.0,1424239595,1424239595,0.02,0.017,0.0,0.0,0.0,0,0,,,2,1,2,1,3,1,1,2,0
2,2,3,0,0,2,1e-06,114,0,254,0,0,0,0,456000000.0,0.0,2,0,0,0,0,0,57,0,0,0,0.0,0.0,1424237545,1424237545,0.001,0.0,0.0,0.0,0.0,0,2,,,2,55,55,38,39,38,20,55,1
17,787,8,10,0,0,0.00484,568,312,31,29,0,0,2,704132.25,386776.8438,4,4,0,0,0,0,142,78,0,0,1.784032,1.541729,1421951430,1421951430,1.269,1.096667,0.0,0.0,0.0,0,0,0.0,0.0,0,8,10,5,7,1,1,4,0
6,2,9,0,0,2,5e-06,114,0,254,0,0,0,0,91200000.0,0.0,2,0,0,0,0,0,57,0,0,0,0.0,0.0,1424225385,1424225385,0.005,0.0,0.0,0.0,0.0,0,2,,,2,17,17,17,17,17,8,17,1
6,8,15,6,37,2,4e-06,200,0,254,0,0,0,2,200000000.0,0.0,2,0,0,0,0,0,100,0,0,0,0.0,0.0,1424251587,1424251587,0.004,0.0,0.0,0.0,0.0,0,2,,,2,4,4,3,3,2,2,6,1
2,2,2,0,0,2,3e-06,114,0,254,0,0,0,0,152000000.0,0.0,2,0,0,0,0,0,57,0,0,0,0.0,0.0,1424253661,1424253661,0.003,0.0,0.0,0.0,0.0,0,2,,,2,16,16,16,16,16,16,16,1
3,5,3,0,0,2,9e-06,114,0,254,0,0,0,0,50666664.0,0.0,2,0,0,0,0,0,57,0,0,0,0.0,0.0,1424230479,1424230479,0.009,0.0,0.0,0.0,0.0,0,2,,,2,52,52,52,52,52,21,52,1
0,788,13,298,0,0,0.100089,520,304,31,29,0,0,2,31172.25781,18223.78125,4,4,0,0,0,0,130,76,0,0,28.266594,30.646244,1424257670,1424257670,19.992,21.675666,0.0,0.0,0.0,0,0,,,2,10,5,6,4,1,1,3,0
3,2,14,0,0,2,4e-06,114,0,254,0,0,0,0,114000000.0,0.0,2,0,0,0,0,0,57,0,0,0,0.0,0.0,1424247932,1424247932,0.004,0.0,0.0,0.0,0.0,0,2,,,2,34,34,22,23,22,22,34,1
6,2,9,0,0,2,7e-06,114,0,254,0,0,0,0,65142856.0,0.0,2,0,0,0,0,0,57,0,0,0,0.0,0.0,1424223273,1424223273,0.007,0.0,0.0,0.0,0.0,0,2,,,2,14,14,5,9,5,5,14,1
12,789,8,10,0,0,0.004811,568,312,31,29,0,0,2,708376.625,389108.2813,4,4,0,0,0,0,142,78,0,0,1.771775,1.512737,1424239902,1424239902,1.259333,1.076667,0.0,0.0,0.0,0,0,,,2,5,9,4,4,1,1,4,0
6,2,6,0,0,2,1e-06,114,0,254,0,0,0,0,456000000.0,0.0,2,0,0,0,0,0,57,0,0,0,0.0,0.0,1424259328,1424259328,0.001,0.0,0.0,0.0,0.0,0,2,,,2,21,21,5,5,5,5,21,1
3,8,11,6,35,2,9e-06,200,0,254,0,0,0,2,88888888.0,0.0,2,0,0,0,0,0,100,0,0,0,0.0,0.0,1424230227,1424230227,0.009,0.0,0.0,0.0,0.0,0,2,,,2,6,6,2,2,2,2,7,1
14,790,18,299,1,1,0.011856,2334,16102,31,29,7,12,2,1531713.875,10579622.0,36,38,255,255,1611375931,3769082621,65,424,0,0,0.0,21.61618,1421967461,1421967461,0.329629,0.306595,0.000633,0.000509,0.000124,0,0,0.0,0.0,0,3,4,2,4,1,1,1,0
14,791,4,300,0,0,0.001615,544,304,31,29,0,0,2,2021052.625,1129411.75,4,4,0,0,0,0,136,76,0,0,0.574407,0.304056,1424261266,1424261266,0.407667,0.218,0.0,0.0,0.0,0,0,,,2,10,9,6,4,1,1,5,0
3,5,14,0,0,2,8e-06,114,0,254,0,0,0,0,57000000.0,0.0,2,0,0,0,0,0,57,0,0,0,0.0,0.0,1424245082,1424245082,0.008,0.0,0.0,0.0,0.0,0,2,,,2,7,7,7,7,7,7,7,1
6,8,15,6,3,2,7e-06,200,0,254,0,0,0,2,114285712.0,0.0,2,0,0,0,0,0,100,0,0,0,0.0,0.0,1424251682,1424251682,0.007,0.0,0.0,0.0,0.0,0,2,,,2,3,3,2,2,2,2,3,1
1,792,18,301,1,1,0.008092,8928,320,31,29,4,1,5,8196737.5,263964.4063,14,6,255,255,3314619497,3327909583,638,53,0,0,38.170642,2.696918,1424249919,1424249919,0.622462,1.5064,0.000571,0.000442,0.000129,0,0,,,2,3,3,6,11,1,1,4,0
1,793,13,0,0,0,0.001074,146,178,31,29,0,0,0,543761.625,662942.25,2,2,0,0,0,0,73,89,0,0,0.0,0.0,1421957384,1421957384,0.01,0.008,0.0,0.0,0.0,0,0,0.0,0.0,0,4,1,2,4,1,1,1,0
11,794,8,8,1,1,0.480757,37366,3380,31,29,18,8,4,609838.25,54913.39844,52,42,255,255,774430163,2920871657,719,80,0,0,772.849159,25.391182,1421962656,1421962657,9.420137,11.713146,0.000639,0.000513,0.000126,0,0,0.0,0.0,0,1,3,5,2,1,1,1,0
2,5,2,0,0,2,5e-06,114,0,254,0,0,0,0,91200000.0,0.0,2,0,0,0,0,0,57,0,0,0,0.0,0.0,1424252435,1424252435,0.005,0.0,0.0,0.0,0.0,0,2,,,2,34,34,34,34,34,18,34,1
2,2,2,0,0,2,7e-06,114,0,254,0,0,0,0,65142856.0,0.0,2,0,0,0,0,0,57,0,0,0,0.0,0.0,1424253189,1424253189,0.007,0.0,0.0,0.0,0.0,0,2,,,2,18,18,16,16,16,8,18,1
10,795,8,4,1,1,1.004776,1580,10168,31,29,3,5,3,11536.89941,76466.79688,12,18,255,255,3118899862,970343304,132,565,1,3924,9529.014756,7675.502032,1424257599,1424257600,91.312274,59.071412,0.000694,0.000558,0.000136,0,0,1.0,,2,1,1,4,2,1,1,2,0
11,796,19,7,1,1,0.473834,1540,1644,31,29,4,4,2,24379.8457,26220.15234,16,18,255,255,3147054076,1064391180,96,91,0,0,1994.70889,61.946281,1424254829,1424254830,33.822856,27.837646,0.000726,0.000585,0.000141,0,0,,,2,9,12,13,9,4,1,4,0
17,797,1,302,1,1,0.019883,2854,30622,31,29,7,17,2,1123371.75,12064578.0,46,48,255,255,3142668495,3154417069,62,638,0,0,24.77263,24.916301,1421935920,1421935920,0.4342,0.411489,0.000812,0.00054,0.000272,0,0,0.0,0.0,0,2,8,1,2,1,1,1,0
2,2,3,0,0,2,2e-06,114,0,254,0,0,0,0,228000000.0,0.0,2,0,0,0,0,0,57,0,0,0,0.0,0.0,1424237600,1424237600,0.002,0.0,0.0,0.0,0.0,0,2,,,2,45,45,43,44,43,23,45,1
3,2,3,0,0,2,9e-06,114,0,254,0,0,0,0,50666664.0,0.0,2,0,0,0,0,0,57,0,0,0,0.0,0.0,1424231346,1424231346,0.009,0.0,0.0,0.0,0.0,0,2,,,2,43,43,43,43,43,25,43,1
3,2,3,0,0,2,9e-06,114,0,254,0,0,0,0,50666664.0,0.0,2,0,0,0,0,0,57,0,0,0,0.0,0.0,1424231806,1424231806,0.009,0.0,0.0,0.0,0.0,0,2,,,2,34,34,16,19,16,16,34,1
1,798,12,4,1,1,14.545883,19150,1072900,31,29,2,362,3,10503.04004,589276.3125,359,736,255,255,3093621394,3094610319,53,1458,1,524288,1953.669902,1298.745646,1421942871,1421942885,40.630043,19.789127,0.001,0.000869,0.000131,0,0,1.0,0.0,0,1,1,1,1,1,1,1,0
2,5,2,0,0,2,3e-06,114,0,254,0,0,0,0,152000000.0,0.0,2,0,0,0,0,0,57,0,0,0,0.0,0.0,1424253594,1424253594,0.003,0.0,0.0,0.0,0.0,0,2,,,2,33,33,18,18,18,18,33,1
2,799,2,303,1,1,0.722897,364,1618,62,252,1,2,5,3530.240234,15670.28223,8,8,255,255,2835282323,3313111425,46,202,0,0,6275.039611,166.292406,1424240327,1424240327,103.270998,89.88743,0.164754,0.092828,0.071926,0,1,,,2,1,1,1,21,1,1,1,1
13,800,19,0,0,0,0.001053,146,178,31,29,0,0,0,554605.875,676163.375,2,2,0,0,0,0,73,89,0,0,0.0,0.0,1424248684,1424248684,0.005,0.002,0.0,0.0,0.0,0,0,,,2,1,3,4,2,1,1,2,0
14,801,1,0,0,0,0.000968,130,162,31,29,0,0,0,537190.125,669421.5,2,2,0,0,0,0,65,81,0,0,0.0,0.0,1424248445,1424248445,0.006,0.005,0.0,0.0,0.0,0,0,,,2,1,2,2,6,1,1,2,0
6,5,6,0,0,2,7e-06,114,0,254,0,0,0,0,65142856.0,0.0,2,0,0,0,0,0,57,0,0,0,0.0,0.0,1424261861,1424261861,0.007,0.0,0.0,0.0,0.0,0,2,,,2,21,21,16,16,16,16,21,1
2,8,24,6,13,2,6.696556,10880,0,254,0,0,0,2,12672.78223,0.0,40,0,0,0,0,0,272,0,0,0,194.223172,0.0,1421929290,1421929297,171.706562,0.0,0.0,0.0,0.0,0,2,0.0,0.0,0,2,2,2,2,2,2,2,1
1,802,13,304,1,1,0.011907,2230,13288,31,29,7,11,2,1454606.5,8679936.0,34,36,255,255,3628692195,3628969740,66,369,0,0,22.406039,21.530532,1424229471,1424229471,0.351212,0.334382,0.000666,0.000537,0.000129,0,0,,,2,5,6,3,2,1,1,1,0
3,5,14,0,0,2,1e-05,114,0,254,0,0,0,0,45600000.0,0.0,2,0,0,0,0,0,57,0,0,0,0.0,0.0,1424246306,1424246306,0.01,0.0,0.0,0.0,0.0,0,2,,,2,22,22,17,20,17,17,22,1
2,803,24,0,0,2,1e-05,134,0,62,0,0,0,0,53600000.0,0.0,2,0,0,0,0,0,67,0,0,0,0.0,0.0,1421931774,1421931774,0.01,0.0,0.0,0.0,0.0,0,2,0.0,0.0,0,10,6,2,3,2,2,2,1
12,804,20,305,1,1,0.104198,4862,79882,31,29,7,36,2,368913.0313,6061843.5,84,86,255,255,1250661195,1269371931,58,929,0,0,81.767193,79.40662,1424229439,1424229439,1.251542,1.234345,0.000636,0.00051,0.000126,0,0,,,2,7,8,2,2,1,1,4,0
2,805,11,4,1,1,0.51241,810,268,254,252,2,1,3,11381.51172,3497.199707,10,6,255,255,1038682591,2688155744,81,45,1,0,2909.758686,138.022687,1424226017,1424226017,54.365667,84.392398,0.206336,0.090445,0.115891,0,1,1.0,,2,8,2,2,2,2,1,1,1
11,806,19,306,1,1,0.052903,3598,48232,31,29,7,24,2,535168.125,7176152.5,60,62,255,255,514909110,2660577642,60,778,0,0,59.485337,58.836369,1421960025,1421960025,0.890949,0.857541,0.000742,0.000586,0.000156,0,0,0.0,0.0,0,11,5,3,5,2,1,1,0
1,807,8,0,0,0,0.001007,130,162,31,29,0,0,0,516385.3125,643495.5625,2,2,0,0,0,0,65,81,0,0,0.0,0.0,1424246521,1424246521,0.008,0.007,0.0,0.0,0.0,0,0,,,2,3,1,6,11,3,1,5,0
3,5,14,0,0,2,9e-06,114,0,254,0,0,0,0,50666664.0,0.0,2,0,0,0,0,0,57,0,0,0,0.0,0.0,1424246379,1424246379,0.009,0.0,0.0,0.0,0.0,0,2,,,2,36,36,13,13,13,13,36,1
3,2,14,0,0,2,3e-06,114,0,254,0,0,0,0,152000000.0,0.0,2,0,0,0,0,0,57,0,0,0,0.0,0.0,1424247172,1424247172,0.003,0.0,0.0,0.0,0.0,0,2,,,2,22,22,22,22,22,22,22,1
14,808,20,8,1,1,0.02754,37288,3380,31,29,18,8,4,10623384.0,958605.6875,52,42,255,255,99143272,2245624380,717,80,0,0,30.466422,1.369367,1421945081,1421945081,0.533098,0.659268,0.00064,0.000503,0.000137,0,0,0.0,0.0,0,2,1,9,4,3,3,3,0
0,809,19,1,1,1,0.913591,2934,3742,31,29,11,15,1,25201.64844,32163.1875,52,54,255,255,3240193635,3345004575,56,69,0,0,1421.359536,52.426063,1424224503,1424224504,17.907274,17.227189,0.000708,0.000547,0.000161,0,0,,1.0,3,1,1,4,5,1,1,5,0
1,810,19,0,0,0,0.001073,146,178,31,29,0,0,0,544268.375,663560.125,2,2,0,0,0,0,73,89,0,0,0.0,0.0,1421961977,1421961977,0.012,0.008,0.0,0.0,0.0,0,0,0.0,0.0,0,2,1,4,2,1,1,1,0
1,811,4,307,1,1,0.226412,8928,320,31,29,4,1,5,292952.6875,9434.128906,14,6,255,255,3180925534,3486268143,638,53,0,0,1609.895778,69.038773,1424249658,1424249658,17.416308,45.158199,0.001478,0.000444,0.001034,0,0,,,2,3,3,5,3,1,1,5,0
5,2,5,0,0,2,9e-06,264,0,60,0,0,0,0,117333328.0,0.0,2,0,0,0,0,0,132,0,0,0,0.0,0.0,1424237682,1424237682,0.009,0.0,0.0,0.0,0.0,0,0,,,2,26,26,13,13,13,13,26,0
12,812,0,9,1,1,0.005842,1920,4312,31,29,6,6,2,2510099.5,5659706.0,22,24,255,255,4169135179,2019855402,87,180,0,0,16.771157,13.089009,1424260389,1424260389,0.2738,0.226435,0.000769,0.000626,0.000143,0,0,,,2,1,7,5,6,1,1,1,0
9,8,15,6,38,2,9e-06,200,0,254,0,0,0,2,88888888.0,0.0,2,0,0,0,0,0,100,0,0,0,0.0,0.0,1424258780,1424258780,0.009,0.0,0.0,0.0,0.0,0,2,,,2,3,3,1,2,1,1,3,1
2,2,3,0,0,2,5e-06,114,0,254,0,0,0,0,91200000.0,0.0,2,0,0,0,0,0,57,0,0,0,0.0,0.0,1424239965,1424239965,0.005,0.0,0.0,0.0,0.0,0,2,,,2,41,41,24,24,24,24,41,1
1,813,12,308,1,1,0.021958,2958,31788,31,29,7,18,2,1055469.625,11350032.0,48,50,255,255,2193514922,2209336254,62,636,0,0,0.0,26.686116,1421941205,1421941205,0.460426,0.437184,0.000685,0.000533,0.000152,0,0,0.0,0.0,0,6,6,3,4,1,1,1,0
0,814,18,309,0,0,0.001638,536,304,31,29,0,0,2,1963370.0,1113553.125,4,4,0,0,0,0,134,76,0,0,0.59727,0.263519,1424228489,1424228489,0.427333,0.190333,0.0,0.0,0.0,0,0,,,2,5,9,3,2,1,1,5,0
3,2,3,0,0,2,9e-06,114,0,254,0,0,0,0,50666664.0,0.0,2,0,0,0,0,0,57,0,0,0,0.0,0.0,1424231372,1424231372,0.009,0.0,0.0,0.0,0.0,0,2,,,2,35,35,17,17,17,17,35,1
8,815,8,7,1,1,24.901434,37906,1641360,31,29,55,583,2,12160.26367,526901.6875,682,1278,255,255,2654906947,537519040,56,1284,0,0,16798.94127,12263.82995,1424245232,1424245257,36.565443,19.530142,0.000603,0.000476,0.000127,0,0,,,2,5,4,2,3,1,1,2,0
1,816,19,310,1,1,0.026583,3926,56628,31,29,7,27,2,1163751.25,16791484.0,66,68,255,255,2662111624,523255230,59,833,0,0,0.0,20.742069,1424240791,1424240791,0.41481,0.394303,0.000696,0.000556,0.00014,0,0,,,2,5,14,3,2,1,1,4,0
8,817,1,10,0,0,0.246414,568,320,31,29,0,0,2,13830.38281,7791.765137,4,4,0,0,0,0,142,80,0,0,109.373156,108.895859,1421939315,1421939315,77.344,77.007,0.0,0.0,0.0,0,0,0.0,0.0,0,4,4,2,3,1,1,2,0
8,818,0,311,1,1,0.226154,424,8824,31,29,1,4,5,13123.80078,286141.3125,8,12,255,255,2977860053,1313018349,53,735,0,0,2196.982105,1743.50314,1421969519,1421969519,32.255429,20.517909,0.001434,0.000452,0.000982,0,0,0.0,0.0,0,1,4,6,2,1,1,2,0
7,2,7,0,0,2,4e-06,264,0,60,0,0,0,0,264000000.0,0.0,2,0,0,0,0,0,132,0,0,0,0.0,0.0,1424247286,1424247286,0.004,0.0,0.0,0.0,0.0,0,0,,,2,32,32,32,32,32,17,32,0
2,5,3,0,0,2,8e-06,114,0,254,0,0,0,0,57000000.0,0.0,2,0,0,0,0,0,57,0,0,0,0.0,0.0,1424238923,1424238923,0.008,0.0,0.0,0.0,0.0,0,2,,,2,35,35,20,20,20,20,35,1
11,819,20,312,1,1,0.016975,2438,19242,31,29,7,13,2,1118821.75,8841708.0,38,40,255,255,4039201053,4051478209,64,481,0,0,0.0,33.098951,1421944465,1421944465,0.449946,0.420846,0.00074,0.000558,0.000182,0,0,0.0,0.0,0,12,4,2,5,1,1,1,0
10,820,4,18,1,1,0.035084,7812,14706,31,29,30,32,2,1766731.125,3326872.5,122,126,255,255,3193434410,1049024993,64,117,0,0,19.240421,0.423086,1424239263,1424239263,0.299172,0.276424,0.00066,0.000527,0.000133,0,0,,,2,1,1,1,3,1,1,1,0
1,590,19,313,0,0,0.001754,536,304,31,29,0,0,2,1833523.375,1039908.813,4,4,0,0,0,0,134,76,0,0,0.630268,0.310893,1421949208,1421949208,0.450667,0.226333,0.0,0.0,0.0,0,0,0.0,0.0,0,13,9,3,8,1,1,3,0
2,2,2,0,0,2,9e-06,114,0,254,0,0,0,0,50666664.0,0.0,2,0,0,0,0,0,57,0,0,0,0.0,0.0,1424253735,1424253735,0.009,0.0,0.0,0.0,0.0,0,2,,,2,21,21,16,16,16,16,21,1
3,2,3,0,0,2,3e-06,114,0,254,0,0,0,0,152000000.0,0.0,2,0,0,0,0,0,57,0,0,0,0.0,0.0,1424233126,1424233126,0.003,0.0,0.0,0.0,0.0,0,2,,,2,32,32,16,17,16,16,32,1
13,821,13,314,1,1,0.02524,3614,45422,31,29,7,24,2,1126465.875,14164818.0,60,62,255,255,3880581560,3897112947,60,733,0,0,0.0,20.768608,1421966656,1421966656,0.43614,0.388262,0.001736,0.001552,0.000184,0,0,0.0,0.0,0,7,1,4,3,1,1,1,0
2,8,6,6,39,2,3e-06,180,0,254,0,0,0,2,239999984.0,0.0,2,0,0,0,0,0,90,0,0,0,0.0,0.0,1424237259,1424237259,0.003,0.0,0.0,0.0,0.0,0,2,,,2,10,10,11,10,10,10,10,1
2,822,14,315,1,1,0.604008,1614,268,254,252,3,1,2,19602.38867,2966.848145,12,6,255,255,3816441709,3550216086,135,45,0,0,2829.414844,155.134906,1424240545,1424240545,52.364183,94.663602,0.230407,0.130685,0.099722,0,1,,,2,1,2,1,1,1,1,1,1
11,823,13,0,0,0,0.001123,146,178,31,29,0,0,0,520035.5938,634016.0,2,2,0,0,0,0,73,89,0,0,0.0,0.0,1424242879,1424242879,0.01,0.002,0.0,0.0,0.0,0,0,,,2,2,7,5,3,1,1,1,0
3,5,3,0,0,2,5e-06,114,0,254,0,0,0,0,91200000.0,0.0,2,0,0,0,0,0,57,0,0,0,0.0,0.0,1424230319,1424230319,0.005,0.0,0.0,0.0,0.0,0,2,,,2,2,2,2,3,2,2,2,1
1,824,0,7,1,1,0.780905,1540,1644,31,29,4,4,2,14793.09277,15909.74512,16,18,255,255,3606877504,1575830127,96,91,0,0,3029.924605,89.498922,1421948509,1421948510,52.037533,45.901176,0.000709,0.000582,0.000127,0,0,0.0,0.0,0,10,10,8,10,5,1,6,0
9,8,15,6,3,2,8e-06,200,0,254,0,0,0,2,100000000.0,0.0,2,0,0,0,0,0,100,0,0,0,0.0,0.0,1424258906,1424258906,0.008,0.0,0.0,0.0,0.0,0,2,,,2,5,5,2,3,2,2,5,1
3,5,3,0,0,2,5e-06,114,0,254,0,0,0,0,91200000.0,0.0,2,0,0,0,0,0,57,0,0,0,0.0,0.0,1424232135,1424232135,0.005,0.0,0.0,0.0,0.0,0,2,,,2,33,33,33,33,33,14,33,1
6,8,15,6,40,2,7e-06,200,0,254,0,0,0,2,114285712.0,0.0,2,0,0,0,0,0,100,0,0,0,0.0,0.0,1424251627,1424251627,0.007,0.0,0.0,0.0,0.0,0,2,,,2,5,5,3,3,3,3,5,1
11,825,12,0,0,0,0.001226,146,178,31,29,0,0,0,476345.8438,580750.375,2,2,0,0,0,0,73,89,0,0,0.0,0.0,1421936880,1421936880,0.011,0.008,0.0,0.0,0.0,0,0,0.0,0.0,0,3,2,4,2,1,1,1,0
2,2,3,0,0,2,5e-06,114,0,254,0,0,0,0,91200000.0,0.0,2,0,0,0,0,0,57,0,0,0,0.0,0.0,1424238488,1424238488,0.005,0.0,0.0,0.0,0.0,0,2,,,2,29,29,22,22,22,13,29,1
7,2,7,0,0,2,4e-06,264,0,60,0,0,0,0,264000000.0,0.0,2,0,0,0,0,0,132,0,0,0,0.0,0.0,1424245890,1424245890,0.004,0.0,0.0,0.0,0.0,0,0,,,2,49,49,39,39,39,19,49,0
7,2,7,0,0,2,2e-06,264,0,60,0,0,0,0,528000000.0,0.0,2,0,0,0,0,0,132,0,0,0,0.0,0.0,1424246488,1424246488,0.002,0.0,0.0,0.0,0.0,0,0,,,2,32,32,23,23,23,23,32,0
2,2,3,0,0,2,3e-06,114,0,254,0,0,0,0,152000000.0,0.0,2,0,0,0,0,0,57,0,0,0,0.0,0.0,1424239453,1424239453,0.003,0.0,0.0,0.0,0.0,0,2,,,2,42,42,24,24,24,24,42,1
6,8,17,6,3,2,7e-06,200,0,254,0,0,0,2,114285712.0,0.0,2,0,0,0,0,0,100,0,0,0,0.0,0.0,1424223288,1424223288,0.007,0.0,0.0,0.0,0.0,0,2,,,2,9,9,4,13,4,4,9,1
2,2,2,0,0,2,9e-06,114,0,254,0,0,0,0,50666664.0,0.0,2,0,0,0,0,0,57,0,0,0,0.0,0.0,1424255209,1424255209,0.009,0.0,0.0,0.0,0.0,0,2,,,2,34,34,16,16,16,16,34,1
3,2,3,0,0,2,9e-06,114,0,254,0,0,0,0,50666664.0,0.0,2,0,0,0,0,0,57,0,0,0,0.0,0.0,1424232937,1424232937,0.009,0.0,0.0,0.0,0.0,0,2,,,2,22,22,22,23,22,22,22,1
17,826,18,4,1,1,0.025154,1038,820,31,29,2,2,3,289099.1563,234714.1563,8,10,255,255,1922938331,4084890493,130,82,1,81,235.409217,5.610264,1424254562,1424254562,3.543428,3.0815,0.000746,0.0005,0.000246,0,0,1.0,,2,1,1,4,10,1,1,5,0
1,827,1,316,1,1,0.091019,3390,44906,31,29,7,22,2,292686.1563,3878926.5,56,58,255,255,1419103410,3593030562,61,774,0,0,88.231654,86.759694,1424261383,1424261383,1.648491,1.587684,0.000652,0.000518,0.000134,0,0,,,2,8,4,1,3,1,1,2,0
14,828,13,7,1,1,1.436197,4934,155418,31,29,9,58,2,27132.76758,859358.375,78,136,255,255,1080396679,1104098415,63,1143,0,0,4239.730412,3206.498828,1424236493,1424236494,18.647754,10.634874,0.000609,0.00048,0.000129,0,0,,,2,11,9,3,5,3,1,8,0
10,829,13,0,0,0,0.001054,146,178,31,29,0,0,0,554079.6875,675521.8125,2,2,0,0,0,0,73,89,0,0,0.0,0.0,1424239321,1424239321,0.005,0.007,0.0,0.0,0.0,0,0,,,2,2,2,3,2,2,1,1,0
2,8,15,6,13,2,25.422068,12832,0,254,0,0,0,2,3893.939697,0.0,28,0,0,0,0,0,458,0,0,0,1044.050375,0.0,1424238233,1424238258,941.55825,0.0,0.0,0.0,0.0,0,2,,,2,1,1,3,2,1,1,2,1
4,830,0,8,1,1,0.457643,37268,3276,31,29,18,8,4,638960.9375,55851.39453,52,40,255,255,4093186764,4090101882,717,82,0,0,902.11281,30.444555,1424230084,1424230085,9.14542,11.719923,0.000714,0.000562,0.000152,0,0,,,2,1,3,1,3,1,1,1,0
8,831,0,317,1,1,0.022874,3302,37798,31,29,7,21,2,1133514.0,12983825.0,54,56,255,255,2476113588,2476436979,61,675,0,0,24.364055,23.515062,1424230547,1424230547,0.433788,0.404127,0.000773,0.000638,0.000135,0,0,,,2,2,2,1,3,1,1,1,0
11,832,0,8,1,1,0.02602,37168,3380,31,29,18,8,4,11207994.0,1014604.188,52,42,255,255,2658645764,2655680405,715,80,0,0,29.20054,1.310107,1424259732,1424259732,0.51362,0.63695,0.000676,0.000537,0.000139,0,0,,,2,2,1,2,2,1,1,1,0
10,833,8,318,1,1,0.008766,2230,14370,31,29,7,11,2,1975815.625,12750171.0,34,36,255,255,1768529293,1779098436,66,399,0,0,0.0,13.888873,1421956989,1421956989,0.255091,0.235143,0.000675,0.000532,0.000143,0,0,0.0,0.0,0,9,5,2,2,1,1,1,0
2,5,2,0,0,2,9e-06,114,0,254,0,0,0,0,50666664.0,0.0,2,0,0,0,0,0,57,0,0,0,0.0,0.0,1424253021,1424253021,0.009,0.0,0.0,0.0,0.0,0,2,,,2,33,33,18,17,17,17,34,1
10,834,19,319,1,1,0.004415,8928,320,31,29,4,1,5,15023330.0,483805.2188,14,6,255,255,3709685621,3720391550,638,53,0,0,17.484119,1.22865,1424241179,1424241179,0.339615,0.7586,0.00063,0.000499,0.000131,0,0,,,2,3,3,5,7,1,1,6,0
2,835,17,10,0,2,5e-06,168,0,254,0,0,0,2,134400000.0,0.0,2,0,0,0,0,0,84,0,0,0,0.0,0.0,1424226730,1424226730,0.005,0.0,0.0,0.0,0.0,0,2,,,2,1,1,1,1,1,1,1,1
19,5,21,0,0,2,5e-06,264,0,60,0,0,0,0,211200000.0,0.0,2,0,0,0,0,0,132,0,0,0,0.0,0.0,1424260519,1424260519,0.005,0.0,0.0,0.0,0.0,0,0,,,2,22,22,19,19,19,19,22,0
2,8,15,6,41,2,6e-06,200,0,254,0,0,0,2,133333328.0,0.0,2,0,0,0,0,0,100,0,0,0,0.0,0.0,1424244402,1424244402,0.006,0.0,0.0,0.0,0.0,0,2,,,2,5,5,5,5,4,4,8,1
2,5,3,0,0,2,3e-06,114,0,254,0,0,0,0,152000000.0,0.0,2,0,0,0,0,0,57,0,0,0,0.0,0.0,1424240556,1424240556,0.003,0.0,0.0,0.0,0.0,0,2,,,2,36,36,15,15,15,15,36,1
1,836,0,7,1,1,0.35488,1540,1644,31,29,4,4,2,32551.84766,35009.01563,16,18,255,255,3458646884,1341702134,96,91,0,0,1460.128318,35.76441,1421969690,1421969691,23.637133,20.847412,0.000596,0.000471,0.000125,0,0,0.0,0.0,0,10,4,5,8,4,1,5,0
3,2,3,0,0,2,3.3e-05,114,0,254,0,0,0,0,13818182.0,0.0,2,0,0,0,0,0,57,0,0,0,0.0,0.0,1424231962,1424231962,0.033,0.0,0.0,0.0,0.0,0,2,,,2,31,31,24,24,24,24,31,1
9,8,15,6,3,2,8e-06,200,0,254,0,0,0,2,100000000.0,0.0,2,0,0,0,0,0,100,0,0,0,0.0,0.0,1424258857,1424258857,0.008,0.0,0.0,0.0,0.0,0,2,,,2,6,6,2,3,2,2,6,1
6,2,6,0,0,2,9e-06,114,0,254,0,0,0,0,50666664.0,0.0,2,0,0,0,0,0,57,0,0,0,0.0,0.0,1424260393,1424260393,0.009,0.0,0.0,0.0,0.0,0,2,,,2,26,26,17,18,17,17,26,1
14,837,10,320,1,1,0.002742,320,1884,31,29,1,2,5,778993.4375,4811087.0,6,8,255,255,493907279,497553723,53,236,0,0,26.492448,0.498199,1424260791,1424260791,0.485,0.315714,0.000661,0.000529,0.000132,0,0,,,2,3,3,7,9,1,1,4,0
14,838,8,321,1,1,0.068938,3926,56716,31,29,7,27,2,448751.0313,6484899.5,66,68,255,255,1868412067,4014081484,59,834,0,0,67.788053,65.191798,1421971739,1421971739,1.055492,1.019612,0.000768,0.000612,0.000156,0,0,0.0,0.0,0,8,8,1,3,1,1,1,0
2,2,2,0,0,2,9e-06,114,0,254,0,0,0,0,50666664.0,0.0,2,0,0,0,0,0,57,0,0,0,0.0,0.0,1424252769,1424252769,0.009,0.0,0.0,0.0,0.0,0,2,,,2,18,18,16,16,16,16,18,1
6,839,3,26,1,1,0.475267,508,354,254,252,2,1,2,7709.351074,5218.119629,10,8,255,255,695390111,2230478370,51,44,0,0,3465.091928,126.121016,1421929568,1421929569,51.125556,61.70857,0.089544,0.043304,0.04624,0,1,0.0,0.0,0,9,10,2,2,2,1,2,1
1,840,0,322,1,1,0.01389,2646,25564,31,29,7,15,2,1487689.0,14389057.0,42,44,255,255,3340892250,3344851205,63,581,0,0,0.0,18.902347,1421958144,1421958144,0.330927,0.310326,0.000698,0.000542,0.000156,0,0,0.0,0.0,0,3,8,2,2,1,1,1,0
3,5,3,0,0,2,9e-06,114,0,254,0,0,0,0,50666664.0,0.0,2,0,0,0,0,0,57,0,0,0,0.0,0.0,1424233518,1424233518,0.009,0.0,0.0,0.0,0.0,0,2,,,2,41,41,18,18,18,18,41,1
8,841,0,125,1,1,0.442383,8928,320,31,29,4,1,5,149933.4375,4828.395508,14,6,255,255,2468420371,3412147032,638,53,0,0,2745.896802,110.406781,1421931883,1421931884,34.029463,88.357398,0.000594,0.000471,0.000123,0,0,0.0,0.0,0,1,1,2,4,1,1,2,0
3,5,14,0,0,2,9e-06,114,0,254,0,0,0,0,50666664.0,0.0,2,0,0,0,0,0,57,0,0,0,0.0,0.0,1424245971,1424245971,0.009,0.0,0.0,0.0,0.0,0,2,,,2,19,19,5,5,5,5,19,1
3,2,14,0,0,2,4e-06,114,0,254,0,0,0,0,114000000.0,0.0,2,0,0,0,0,0,57,0,0,0,0.0,0.0,1424247790,1424247790,0.004,0.0,0.0,0.0,0.0,0,2,,,2,20,20,3,3,3,3,20,1
14,842,19,7,1,1,2.95831,13038,548216,31,29,21,197,2,35103.82813,1479128.375,226,438,255,255,439375979,444952059,58,1252,0,0,4969.462058,3557.930565,1424224230,1424224233,13.205335,6.768522,0.000584,0.000462,0.000122,0,0,,,2,5,5,4,4,3,1,4,0
4,843,0,323,0,0,0.00177,528,304,31,29,0,0,2,1789830.5,1030508.5,4,4,0,0,0,0,132,76,0,0,0.621312,0.324335,1421945032,1421945032,0.445333,0.235333,0.0,0.0,0.0,0,0,0.0,0.0,0,4,8,14,4,2,2,4,0
13,844,0,324,1,1,0.49495,4880,3080,31,29,7,7,2,76064.25,48134.15625,28,30,255,255,2050906787,2054226600,174,103,0,0,1107.925982,29.066037,1421935074,1421935074,18.319556,17.043242,0.000889,0.000689,0.0002,0,0,0.0,0.0,0,5,7,7,3,1,1,3,0
1,845,19,325,1,1,0.094863,5486,94794,31,29,7,42,2,457839.2188,7914318.5,96,100,255,255,715477979,2880343554,57,948,0,0,60.000058,58.990304,1424242530,1424242531,0.995189,0.952919,0.000648,0.000521,0.000127,0,0,,,2,3,7,6,2,1,1,1,0
3,5,3,0,0,2,3e-06,114,0,254,0,0,0,0,152000000.0,0.0,2,0,0,0,0,0,57,0,0,0,0.0,0.0,1424233010,1424233010,0.003,0.0,0.0,0.0,0.0,0,2,,,2,24,24,18,19,18,18,24,1
0,846,8,326,0,0,0.002391,520,304,31,29,0,0,2,1304893.375,762860.6875,4,4,0,0,0,0,130,76,0,0,0.939981,0.639225,1424233701,1424233701,0.669667,0.456,0.0,0.0,0.0,0,0,,,2,4,4,5,6,1,1,3,0
2,847,14,26,1,1,1.878012,17266,354,254,252,7,1,2,69873.89063,1320.54541,20,8,255,255,3958470156,3506770301,863,44,0,0,9104.760861,382.950156,1424249628,1424249630,98.789318,254.910281,0.14841,0.093632,0.054778,0,1,,,2,2,1,1,2,1,1,1,0
2,2,3,0,0,2,1e-06,114,0,254,0,0,0,0,456000000.0,0.0,2,0,0,0,0,0,57,0,0,0,0.0,0.0,1424238738,1424238738,0.001,0.0,0.0,0.0,0.0,0,2,,,2,25,25,25,25,24,24,25,1
10,848,19,327,1,1,0.292498,8928,320,31,29,4,1,5,226763.9531,7302.614258,14,6,255,255,543832909,1389185926,638,53,0,0,1851.646169,74.971172,1421968545,1421968545,22.499846,58.356801,0.000587,0.000458,0.000129,0,0,0.0,0.0,0,5,3,4,6,1,1,3,0
2,2,2,0,0,2,5e-06,114,0,254,0,0,0,0,91200000.0,0.0,2,0,0,0,0,0,57,0,0,0,0.0,0.0,1424254723,1424254723,0.005,0.0,0.0,0.0,0.0,0,2,,,2,13,13,13,13,13,13,13,1
14,849,13,328,1,1,0.013982,2230,14816,31,29,7,11,2,1238735.5,8242025.5,34,36,255,255,2096006882,4241639977,66,412,0,0,29.472475,27.328983,1424226233,1424226233,0.413576,0.384657,0.000636,0.000514,0.000122,0,0,,,2,10,16,2,2,1,1,9,0
0,850,8,0,0,0,0.001045,146,178,31,29,0,0,0,558851.625,681339.6875,2,2,0,0,0,0,73,89,0,0,0.0,0.0,1421970329,1421970329,0.008,0.006,0.0,0.0,0.0,0,0,0.0,0.0,0,1,1,2,4,1,1,1,0
9,8,15,6,3,2,5e-06,200,0,254,0,0,0,2,160000000.0,0.0,2,0,0,0,0,0,100,0,0,0,0.0,0.0,1424258847,1424258847,0.005,0.0,0.0,0.0,0.0,0,2,,,2,5,5,2,4,2,2,5,1
3,851,11,329,1,1,0.258501,1306,1048,254,252,2,2,3,36394.44531,28379.00195,10,8,255,255,4000752045,1945928788,131,131,1,186,1510.100409,56.874871,1421929721,1421929721,28.722333,32.987,0.062439,0.013832,0.048607,0,1,1.0,0.0,0,2,1,1,1,1,1,1,1
6,852,2,330,0,2,9e-06,100,0,254,0,0,0,10,44444444.0,0.0,2,0,0,0,0,0,50,0,0,0,0.0,0.0,1424254457,1424254457,0.009,0.0,0.0,0.0,0.0,0,2,,,2,1,1,19,1,1,1,1,1
3,5,3,0,0,2,6e-06,114,0,254,0,0,0,0,76000000.0,0.0,2,0,0,0,0,0,57,0,0,0,0.0,0.0,1424230774,1424230774,0.006,0.0,0.0,0.0,0.0,0,2,,,2,36,36,18,19,18,18,36,1
2,853,2,1,1,1,7.021411,1264,1660,62,252,7,9,1,1380.919067,1805.904785,24,22,255,255,418929278,315065170,53,75,0,0,21118.49459,716.21725,1421928377,1421928384,305.278747,326.858844,0.279429,0.157022,0.122407,0,1,0.0,0.0,0,1,1,2,3,1,1,2,1
11,854,19,0,0,0,0.001068,130,162,31,29,0,0,0,486891.4063,606741.5625,2,2,0,0,0,0,65,81,0,0,0.0,0.0,1421959528,1421959528,0.011,0.009,0.0,0.0,0.0,0,0,0.0,0.0,0,6,2,1,11,4,1,1,0
8,855,18,331,1,1,0.513081,8928,320,31,29,4,1,5,129273.9297,4163.085449,14,6,255,255,1050507215,2006245554,638,53,0,0,3270.237517,133.168937,1424231047,1424231047,39.467769,102.470602,0.000749,0.000602,0.000147,0,0,,,2,3,3,3,2,1,1,4,0
4,856,20,8,1,1,0.026343,37320,3380,31,29,18,8,4,11115819.0,1002163.813,52,42,255,255,801297918,802300979,718,80,0,0,32.440308,1.261226,1424253107,1424253107,0.509941,0.629073,0.00067,0.000547,0.000123,0,0,,,2,1,1,2,4,1,1,1,0
3,2,3,0,0,2,1e-05,114,0,254,0,0,0,0,45600000.0,0.0,2,0,0,0,0,0,57,0,0,0,0.0,0.0,1424232498,1424232498,0.01,0.0,0.0,0.0,0.0,0,2,,,2,36,36,25,25,25,25,36,1
4,857,18,332,1,1,0.039662,3614,49590,31,29,7,24,2,716857.4375,9841360.0,60,62,255,255,1274953691,1292806793,60,800,0,0,39.8506,39.605085,1421933770,1421933770,0.666525,0.640869,0.000699,0.000565,0.000134,0,0,0.0,0.0,0,10,7,2,6,1,1,1,0
3,858,9,4,1,1,1.817518,2258,318427,62,252,2,122,3,9714.34668,1395987.25,44,250,255,255,2523664809,3407499747,51,1274,0,0,2451.814677,978.063893,1424233574,1424233575,42.267859,7.087052,0.116902,0.052205,0.064697,0,1,,,2,1,1,1,19,1,1,1,1
6,2,6,0,0,2,4e-06,114,0,254,0,0,0,0,114000000.0,0.0,2,0,0,0,0,0,57,0,0,0,0.0,0.0,1424259045,1424259045,0.004,0.0,0.0,0.0,0.0,0,2,,,2,45,45,42,42,42,14,45,1
14,859,12,333,1,1,0.223486,424,8824,31,29,1,4,5,13280.47363,289557.2813,8,12,255,255,4233951417,548895887,53,735,0,0,2169.692061,1725.59005,1421957545,1421957545,31.879,20.272182,0.000654,0.000485,0.000169,0,0,0.0,0.0,0,2,2,2,2,1,1,1,0
9,860,9,10,0,2,3e-06,168,0,254,0,0,0,2,224000000.0,0.0,2,0,0,0,0,0,84,0,0,0,0.0,0.0,1424246578,1424246578,0.003,0.0,0.0,0.0,0.0,0,2,,,2,1,1,1,3,1,1,1,1
2,861,2,334,1,1,0.430266,364,3754,62,252,1,3,5,5931.214844,62826.25391,8,10,255,255,1244771904,1007116802,46,375,0,0,4251.086697,3588.748666,1424222705,1424222705,61.319571,46.692,0.060071,0.010029,0.050042,0,1,,,2,1,1,2,2,1,1,2,1
4,862,8,0,0,0,0.000968,146,178,31,29,0,0,0,603305.8125,735537.1875,2,2,0,0,0,0,73,89,0,0,0.0,0.0,1424242261,1424242261,0.003,0.008,0.0,0.0,0.0,0,0,,,2,4,2,3,6,4,1,2,0
2,5,3,0,0,2,8e-06,114,0,254,0,0,0,0,57000000.0,0.0,2,0,0,0,0,0,57,0,0,0,0.0,0.0,1424237755,1424237755,0.008,0.0,0.0,0.0,0.0,0,2,,,2,45,45,46,45,44,20,46,1
6,863,11,4,1,1,0.236616,508,268,254,252,2,1,3,15485.00488,7573.452148,10,6,255,255,1983650697,1211693800,51,45,1,0,1357.331851,74.23457,1421927659,1421927659,25.168,43.015801,0.07549,0.021532,0.053958,0,1,1.0,0.0,0,12,11,3,3,3,1,3,1
6,8,15,6,3,2,4e-06,200,0,254,0,0,0,2,200000000.0,0.0,2,0,0,0,0,0,100,0,0,0,0.0,0.0,1424251694,1424251694,0.004,0.0,0.0,0.0,0.0,0,2,,,2,1,1,1,1,1,1,1,1
6,864,14,12,0,2,8e-06,104,0,254,0,0,0,2,52000000.0,0.0,2,0,0,0,0,0,52,0,0,0,0.0,0.0,1424254149,1424254149,0.008,0.0,0.0,0.0,0.0,0,2,,,2,2,2,1,1,1,1,2,1
17,865,10,335,1,1,0.113816,4862,77300,31,29,7,36,2,337738.0938,5370211.5,84,86,255,255,1173395274,1201866410,58,899,0,0,101.180466,98.813349,1424236057,1424236057,1.384122,1.349202,0.000604,0.000481,0.000123,0,0,,,2,14,1,5,5,1,1,1,0
2,2,3,0,0,2,1e-05,114,0,254,0,0,0,0,45600000.0,0.0,2,0,0,0,0,0,57,0,0,0,0.0,0.0,1424240150,1424240150,0.01,0.0,0.0,0.0,0.0,0,2,,,2,37,37,17,17,17,17,38,1
10,866,19,336,1,1,0.060346,3302,40550,31,29,7,21,2,429655.6563,5279687.0,54,56,255,255,3379257669,3396180528,61,724,0,0,72.200666,69.633581,1424228129,1424228129,1.176157,1.107685,0.000646,0.000528,0.000118,0,0,,,2,5,7,4,2,1,1,3,0
1,867,12,0,0,0,0.001075,146,178,31,29,0,0,0,543255.8125,662325.5625,2,2,0,0,0,0,73,89,0,0,0.0,0.0,1421952199,1421952199,0.01,0.008,0.0,0.0,0.0,0,0,0.0,0.0,0,2,2,3,3,2,1,2,0
10,868,10,337,1,1,0.156903,4966,78752,31,29,7,36,2,250294.7656,3968668.5,86,86,255,255,847565563,868385711,58,916,0,0,0.0,2.417115,1421962249,1421962249,1.841941,1.839247,0.000697,0.000563,0.000134,0,0,0.0,0.0,0,10,5,2,11,1,1,2,0
6,869,2,33,1,1,0.467889,1058,722,254,252,3,2,2,16585.12891,10805.98145,12,8,255,255,4240922037,850123948,88,90,0,0,2183.632283,75.933281,1424238859,1424238860,40.531454,57.157,0.127878,0.067781,0.060097,0,1,,,2,3,3,1,1,1,1,3,1
3,5,3,0,0,2,7e-06,114,0,254,0,0,0,0,65142856.0,0.0,2,0,0,0,0,0,57,0,0,0,0.0,0.0,1424233383,1424233383,0.007,0.0,0.0,0.0,0.0,0,2,,,2,10,10,10,10,10,7,10,1
3,8,11,6,42,2,7e-06,200,0,254,0,0,0,2,114285712.0,0.0,2,0,0,0,0,0,100,0,0,0,0.0,0.0,1424230231,1424230231,0.007,0.0,0.0,0.0,0.0,0,2,,,2,3,3,2,1,1,1,3,1
12,870,0,4,1,1,1.005887,1684,10168,31,29,3,5,3,12438.77246,76382.33594,14,18,255,255,2697262859,2698264433,120,565,1,3924,8766.10832,7675.298197,1424240648,1424240649,77.349002,59.141118,0.00061,0.000483,0.000127,0,0,1.0,,2,1,3,3,3,1,1,1,0
9,871,3,4,1,1,0.664109,794,354,254,252,2,1,3,8613.043945,3734.326904,10,8,255,255,1260107806,849345849,79,44,1,0,4481.487573,128.104398,1424255853,1424255854,69.080111,85.229859,0.135545,0.067492,0.068053,0,1,1.0,,2,1,1,1,1,1,1,1,1
3,2,14,0,0,2,1e-05,114,0,254,0,0,0,0,45600000.0,0.0,2,0,0,0,0,0,57,0,0,0,0.0,0.0,1424244797,1424244797,0.01,0.0,0.0,0.0,0.0,0,2,,,2,10,10,6,6,6,6,10,1
2,2,2,0,0,2,6e-06,114,0,254,0,0,0,0,76000000.0,0.0,2,0,0,0,0,0,57,0,0,0,0.0,0.0,1424251715,1424251715,0.006,0.0,0.0,0.0,0.0,0,2,,,2,26,26,6,6,6,6,26,1
3,872,2,4,1,1,1.418919,946,354,254,252,2,1,3,4803.656738,1747.809448,10,8,255,255,486499526,1527727069,95,44,1,0,11344.23862,293.667094,1424247173,1424247175,156.188222,194.619578,0.120926,0.056574,0.064352,0,1,1.0,,2,1,1,1,2,1,1,1,1
11,873,12,10,0,0,0.004332,568,304,31,29,0,0,2,786703.625,421052.625,4,4,0,0,0,0,142,76,0,0,1.661937,1.373672,1424259036,1424259036,1.179667,0.973333,0.0,0.0,0.0,0,0,,,2,4,3,5,7,1,1,3,0
3,874,15,4,1,1,5.818912,3894,614831,62,252,2,233,3,5287.586426,843496.5,80,472,255,255,2409911625,1658923127,49,1303,1,297672,4007.430419,1935.966628,1424260346,1424260351,73.657116,12.224582,0.16738,0.060401,0.106979,0,1,1.0,,2,1,1,1,2,1,1,1,1
3,875,14,4,1,1,2.677172,4282,581063,254,252,2,216,3,12625.2627,1732368.375,74,436,255,255,277962519,2921930074,58,1333,0,0,1909.97228,763.435958,1424242801,1424242804,36.673588,6.125122,0.059864,0.011937,0.047927,0,1,,,2,1,1,1,1,1,1,1,1
6,5,9,0,0,2,3e-06,114,0,254,0,0,0,0,152000000.0,0.0,2,0,0,0,0,0,57,0,0,0,0.0,0.0,1424223694,1424223694,0.003,0.0,0.0,0.0,0.0,0,2,,,2,26,26,17,17,17,9,26,1
6,2,9,0,0,2,8e-06,114,0,254,0,0,0,0,57000000.0,0.0,2,0,0,0,0,0,57,0,0,0,0.0,0.0,1424223853,1424223853,0.008,0.0,0.0,0.0,0.0,0,2,,,2,7,7,8,7,7,7,7,1
11,876,13,338,1,1,0.024875,3614,44706,31,29,7,24,2,1142995.0,14145930.0,60,62,255,255,2773934907,628781994,60,721,0,0,23.145131,23.109436,1424261808,1424261808,0.416305,0.399738,0.000608,0.000486,0.000122,0,0,,,2,3,1,1,4,1,1,1,0
3,877,6,12,0,2,1.2e-05,1064,0,254,0,0,0,2,354666656.0,0.0,2,0,0,0,0,0,532,0,0,0,0.0,0.0,1421933490,1421933490,0.012,0.0,0.0,0.0,0.0,0,2,0.0,0.0,0,6,5,3,3,2,1,2,1
11,878,19,339,1,1,0.098891,2542,22432,31,29,7,14,2,200544.0313,1771485.875,40,42,255,255,3951357653,1872888097,64,534,0,0,174.287189,167.649481,1421944938,1421944938,2.526487,2.400366,0.000602,0.000472,0.00013,0,0,0.0,0.0,0,15,16,18,12,3,3,3,0
0,879,19,9,1,1,0.004299,1036,2262,31,29,4,4,2,1767853.0,3859502.25,12,12,255,255,3400799393,3401099870,86,189,0,0,18.113403,0.414087,1424240506,1424240506,0.357,0.336182,0.000737,0.000592,0.000145,0,0,,,2,7,4,1,1,1,1,2,0
2,8,9,6,13,2,25.090731,2184,0,254,0,0,0,2,679.772949,0.0,42,0,0,0,0,0,52,0,0,0,713.159188,0.0,1421931491,1421931516,611.969125,0.0,0.0,0.0,0.0,0,2,0.0,0.0,0,2,2,2,2,2,2,2,1
6,2,6,0,0,2,7e-06,114,0,254,0,0,0,0,65142856.0,0.0,2,0,0,0,0,0,57,0,0,0,0.0,0.0,1424260416,1424260416,0.007,0.0,0.0,0.0,0.0,0,2,,,2,40,40,32,33,32,16,40,1
11,880,1,340,1,1,0.274853,424,8824,31,29,1,4,5,10798.5,235442.2188,8,12,255,255,3070615231,2826414615,53,735,0,0,2407.138859,1910.582149,1421966117,1421966118,39.217857,24.942272,0.001221,0.000484,0.000737,0,0,0.0,0.0,0,5,3,3,5,1,1,3,0
13,881,20,0,0,0,0.001089,146,178,31,29,0,0,0,536271.8125,653810.8125,2,2,0,0,0,0,73,89,0,0,0.0,0.0,1421938475,1421938475,0.009,0.008,0.0,0.0,0.0,0,0,0.0,0.0,0,2,4,3,1,1,1,1,0
3,5,14,0,0,2,1e-05,114,0,254,0,0,0,0,45600000.0,0.0,2,0,0,0,0,0,57,0,0,0,0.0,0.0,1424248032,1424248032,0.01,0.0,0.0,0.0,0.0,0,2,,,2,39,39,39,39,39,17,39,1
3,2,3,0,0,2,2e-06,114,0,254,0,0,0,0,228000000.0,0.0,2,0,0,0,0,0,57,0,0,0,0.0,0.0,1424233629,1424233629,0.002,0.0,0.0,0.0,0.0,0,2,,,2,22,22,13,13,13,5,22,1
3,5,14,0,0,2,2.3e-05,114,0,254,0,0,0,0,19826086.0,0.0,2,0,0,0,0,0,57,0,0,0,0.0,0.0,1424248157,1424248157,0.023,0.0,0.0,0.0,0.0,0,2,,,2,24,24,19,17,17,17,24,1
11,882,13,18,1,1,0.774834,7422,14670,31,29,28,31,2,75980.14844,150215.4063,116,121,255,255,3579955687,3581013185,64,121,0,0,451.045111,440.433068,1421932768,1421932768,6.734574,6.452333,0.000673,0.000546,0.000127,0,0,0.0,0.0,0,8,13,5,2,1,1,1,0
2,2,2,0,0,2,9e-06,114,0,254,0,0,0,0,50666664.0,0.0,2,0,0,0,0,0,57,0,0,0,0.0,0.0,1424253447,1424253447,0.009,0.0,0.0,0.0,0.0,0,2,,,2,35,35,34,34,34,16,35,1
3,2,3,0,0,2,3e-06,114,0,254,0,0,0,0,152000000.0,0.0,2,0,0,0,0,0,57,0,0,0,0.0,0.0,1424230659,1424230659,0.003,0.0,0.0,0.0,0.0,0,2,,,2,30,30,30,31,30,18,30,1
0,883,18,9,1,1,0.005684,2062,2424,31,29,6,7,2,2782547.5,3280788.25,24,26,255,255,1318532161,1318818786,86,93,0,0,0.0,12.476789,1421939478,1421939478,0.232522,0.20252,0.000759,0.000617,0.000142,0,0,0.0,0.0,0,9,10,3,4,1,1,1,0
3,884,16,4,1,1,1.059197,922,42896,62,252,2,16,3,6472.828125,314993.3438,14,36,255,255,63223051,2127681561,66,1192,1,20480,4357.969071,3756.298542,1424236131,1424236133,81.476692,28.795257,0.157054,0.050333,0.106721,0,1,1.0,,2,1,1,1,1,1,1,1,1
3,8,11,6,3,2,1e-06,200,0,254,0,0,0,2,800000000.0,0.0,2,0,0,0,0,0,100,0,0,0,0.0,0.0,1424230429,1424230429,0.001,0.0,0.0,0.0,0.0,0,2,,,2,3,3,3,27,2,2,3,1
12,885,12,341,1,1,0.011014,2438,19408,31,29,7,13,2,1724350.875,13744689.0,38,40,255,255,3274461095,1125215150,64,485,0,0,17.019685,16.090206,1421941962,1421941962,0.288351,0.266051,0.000765,0.000627,0.000138,0,0,0.0,0.0,0,9,6,5,4,1,1,2,0
1,886,4,9,1,1,0.004011,1036,2262,31,29,4,4,2,1894789.25,4136624.25,12,12,255,255,1265490614,3411128001,86,189,0,0,17.038045,0.37495,1424237610,1424237610,0.333182,0.317182,0.000633,0.000518,0.000115,0,0,,,2,3,3,2,2,1,1,1,0
3,5,14,0,0,2,3e-06,114,0,254,0,0,0,0,152000000.0,0.0,2,0,0,0,0,0,57,0,0,0,0.0,0.0,1424246126,1424246126,0.003,0.0,0.0,0.0,0.0,0,2,,,2,39,39,39,39,39,17,39,1
12,887,18,7,1,1,3.556855,13350,548216,31,29,21,197,2,29898.32422,1230221.625,232,438,255,255,976070743,3145720538,58,1252,0,0,1025.04177,719.693517,1424222960,1424222963,15.396303,8.156773,0.000609,0.000495,0.000114,0,0,,,2,4,4,1,4,1,1,2,0
3,2,3,0,0,2,9e-06,114,0,254,0,0,0,0,50666664.0,0.0,2,0,0,0,0,0,57,0,0,0,0.0,0.0,1424232439,1424232439,0.009,0.0,0.0,0.0,0.0,0,2,,,2,20,20,5,6,5,5,20,1
10,888,8,342,1,1,0.014,2438,19502,31,29,7,13,2,1356571.375,10865714.0,38,40,255,255,2429875422,298572949,64,488,0,0,24.703395,25.221018,1424240125,1424240125,0.377556,0.353842,0.000669,0.000545,0.000124,0,0,,,2,8,6,5,4,1,1,1,0
4,889,1,343,1,1,0.222374,424,8824,31,29,1,4,5,13346.88379,291005.2188,8,12,255,255,3655345533,3755554197,53,735,0,0,2158.398116,1716.549924,1421931211,1421931211,31.721287,20.171545,0.000617,0.000484,0.000133,0,0,0.0,0.0,0,2,2,5,5,1,1,2,0
3,2,3,0,0,2,8e-06,114,0,254,0,0,0,0,57000000.0,0.0,2,0,0,0,0,0,57,0,0,0,0.0,0.0,1424233103,1424233103,0.008,0.0,0.0,0.0,0.0,0,2,,,2,36,36,25,25,25,25,36,1
9,8,15,6,43,2,9e-06,200,0,254,0,0,0,2,88888888.0,0.0,2,0,0,0,0,0,100,0,0,0,0.0,0.0,1424258795,1424258795,0.009,0.0,0.0,0.0,0.0,0,2,,,2,6,6,3,4,3,3,6,1
13,890,0,344,1,1,0.049064,4862,78556,31,29,7,36,2,783466.5,12659873.0,84,86,255,255,1098925512,3248781821,58,913,0,0,36.640573,35.676294,1421968566,1421968566,0.586723,0.570165,0.000745,0.000592,0.000153,0,0,0.0,0.0,0,5,3,3,2,1,1,1,0
17,891,4,4,1,1,1.018786,1580,10168,31,29,3,5,3,11378.24902,75415.25,12,18,255,255,3216350512,3213230901,132,565,1,3924,9535.393892,7919.852461,1424255946,1424255947,92.576999,63.639622,0.00063,0.000549,8.1e-05,0,0,1.0,,2,2,1,2,2,1,1,2,0
13,892,13,0,0,0,0.001056,130,162,31,29,0,0,0,492424.25,613636.375,2,2,0,0,0,0,65,81,0,0,0.0,0.0,1421961200,1421961200,0.011,0.01,0.0,0.0,0.0,0,0,0.0,0.0,0,1,2,3,4,1,1,2,0
6,5,6,0,0,2,9e-06,114,0,254,0,0,0,0,50666664.0,0.0,2,0,0,0,0,0,57,0,0,0,0.0,0.0,1424259861,1424259861,0.009,0.0,0.0,0.0,0.0,0,2,,,2,16,16,10,10,10,10,17,1
3,893,2,10,0,2,1e-05,168,0,254,0,0,0,2,67200000.0,0.0,2,0,0,0,0,0,84,0,0,0,0.0,0.0,1424222722,1424222722,0.01,0.0,0.0,0.0,0.0,0,2,,,2,4,1,1,2,1,1,1,1
13,894,20,345,1,1,0.010892,2438,19918,31,29,7,13,2,1743665.125,14264414.0,38,40,255,255,3341980843,1205266228,64,498,0,0,17.412938,16.68657,1424240763,1424240763,0.286027,0.274079,0.0006,0.000474,0.000126,0,0,,,2,2,10,4,3,1,1,1,0
6,8,17,6,44,2,9e-06,200,0,254,0,0,0,2,88888888.0,0.0,2,0,0,0,0,0,100,0,0,0,0.0,0.0,1424223227,1424223227,0.009,0.0,0.0,0.0,0.0,0,2,,,2,3,3,1,9,1,1,3,1
2,8,6,6,45,2,1e-06,200,0,254,0,0,0,2,800000000.0,0.0,2,0,0,0,0,0,100,0,0,0,0.0,0.0,1424237287,1424237287,0.001,0.0,0.0,0.0,0.0,0,2,,,2,5,5,1,2,1,1,5,1
14,895,8,346,1,1,0.48145,8928,320,31,29,4,1,5,137767.1719,4436.597656,14,6,255,255,171594976,3547555329,638,53,0,0,2992.070547,119.301977,1424234020,1424234021,37.034615,96.168398,0.000584,0.000464,0.00012,0,0,,,2,2,1,4,4,1,1,4,0
8,896,12,347,1,1,0.225926,4222,61786,31,29,7,30,2,147446.5156,2158299.75,72,74,255,255,2309896942,160597364,59,835,0,0,182.252615,179.356449,1421945339,1421945339,3.177479,3.087712,0.000644,0.000507,0.000137,0,0,0.0,0.0,0,6,20,20,3,3,3,3,0
3,897,6,12,0,2,9e-06,104,0,254,0,0,0,2,46222220.0,0.0,2,0,0,0,0,0,52,0,0,0,0.0,0.0,1424223857,1424223857,0.009,0.0,0.0,0.0,0.0,0,2,,,2,1,1,2,2,1,1,1,1
6,2,6,0,0,2,5e-06,114,0,254,0,0,0,0,91200000.0,0.0,2,0,0,0,0,0,57,0,0,0,0.0,0.0,1424261083,1424261083,0.005,0.0,0.0,0.0,0.0,0,2,,,2,17,17,20,17,17,17,17,1
11,898,4,8,1,1,1.575891,37152,3380,31,29,18,8,4,184977.2656,16752.42773,52,42,255,255,1950489461,2024080044,714,80,0,0,2960.945802,97.266148,1424255668,1424255670,30.891648,38.425195,0.000581,0.000456,0.000125,0,0,,,2,1,4,4,1,1,1,2,0
11,899,10,1,1,1,1.329739,2934,3742,31,29,11,15,1,17314.67578,22097.57031,52,54,255,255,1327321852,1439254328,56,69,0,0,2202.354658,70.292734,1421945778,1421945779,26.067274,25.079037,0.000699,0.000546,0.000153,0,0,0.0,1.0,3,1,1,7,7,1,1,4,0
4,900,4,4,1,1,1.016974,1684,10168,31,29,3,5,3,12303.16602,75549.625,14,18,255,255,2269517215,125082054,120,565,1,3924,8767.117611,7676.452101,1424240593,1424240594,78.201538,59.787706,0.000678,0.000579,9.9e-05,0,0,1.0,,2,3,3,2,5,1,1,2,0
19,5,21,0,0,2,7e-06,264,0,60,0,0,0,0,150857136.0,0.0,2,0,0,0,0,0,132,0,0,0,0.0,0.0,1424259260,1424259260,0.007,0.0,0.0,0.0,0.0,0,0,,,2,38,38,21,21,21,15,38,0
8,901,20,348,1,1,0.419343,320,1846,31,29,1,2,5,5093.682129,30829.17773,6,8,255,255,3391157859,1926215159,53,231,0,0,5902.024234,145.874922,1421930295,1421930296,83.8032,59.691145,0.001626,0.001502,0.000124,0,0,0.0,0.0,0,3,1,2,2,1,1,1,0
17,902,8,349,1,1,0.024943,2230,15228,31,29,7,11,2,694383.1875,4748426.5,34,36,255,255,3450077095,1300793632,66,423,0,0,83.718021,77.425394,1424229951,1424229951,0.76975,0.694657,0.000766,0.000621,0.000145,0,0,,,2,7,5,1,1,1,1,1,0
6,5,6,0,0,2,6e-06,114,0,254,0,0,0,0,76000000.0,0.0,2,0,0,0,0,0,57,0,0,0,0.0,0.0,1424260216,1424260216,0.006,0.0,0.0,0.0,0.0,0,2,,,2,22,22,16,17,16,16,22,1
2,2,3,0,0,2,5e-06,114,0,254,0,0,0,0,91200000.0,0.0,2,0,0,0,0,0,57,0,0,0,0.0,0.0,1424238918,1424238918,0.005,0.0,0.0,0.0,0.0,0,2,,,2,39,39,7,7,7,7,39,1
4,903,18,4,1,1,1.006523,1580,10168,31,29,3,5,3,11516.875,76334.07031,12,18,255,255,925245939,926289065,132,565,1,3924,9530.317813,7674.144536,1421941493,1421941494,91.464817,59.176767,0.000636,0.000514,0.000122,0,0,1.0,0.0,0,2,1,2,1,1,1,1,0
13,904,19,350,1,1,0.010267,2438,19242,31,29,7,13,2,1849810.125,14618487.0,38,40,255,255,797844522,805664471,64,481,0,0,15.74037,14.75894,1424237029,1424237029,0.276583,0.249077,0.000665,0.00055,0.000115,0,0,,,2,4,11,2,3,1,1,2,0
0,905,8,0,0,0,0.001008,130,162,31,29,0,0,0,515873.0313,642857.125,2,2,0,0,0,0,65,81,0,0,0.0,0.0,1424239598,1424239598,0.01,0.005,0.0,0.0,0.0,0,0,,,2,1,2,2,1,1,1,1,0
6,906,14,26,1,1,0.521382,1014,354,254,252,2,1,2,14008.92285,4756.589355,10,8,255,255,509313034,2215560063,101,44,0,0,3580.142194,119.418484,1421931630,1421931631,55.348667,65.45957,0.127597,0.063155,0.064442,0,1,0.0,0.0,0,9,5,1,3,3,1,1,1
2,2,2,0,0,2,9e-06,114,0,254,0,0,0,0,50666664.0,0.0,2,0,0,0,0,0,57,0,0,0,0.0,0.0,1424253597,1424253597,0.009,0.0,0.0,0.0,0.0,0,2,,,2,38,38,20,21,20,11,38,1
2,8,6,6,3,2,9e-06,200,0,254,0,0,0,2,88888888.0,0.0,2,0,0,0,0,0,100,0,0,0,0.0,0.0,1424237414,1424237414,0.009,0.0,0.0,0.0,0.0,0,2,,,2,4,4,1,18,1,1,4,1
14,907,19,351,0,0,0.001727,528,304,31,29,0,0,2,1834394.875,1056166.75,4,4,0,0,0,0,132,76,0,0,0.629797,0.295103,1424245689,1424245689,0.450333,0.212667,0.0,0.0,0.0,0,0,,,2,6,3,3,3,1,1,3,0
0,908,19,4,1,1,1.175862,1684,10168,31,29,3,5,3,10640.70508,65341.00391,14,18,255,255,416903419,422136111,120,565,1,3924,8855.554401,7754.339133,1421940214,1421940215,90.424772,69.136471,0.000671,0.000538,0.000133,0,0,1.0,0.0,0,2,1,3,4,1,1,1,0
3,2,3,0,0,2,5e-06,114,0,254,0,0,0,0,91200000.0,0.0,2,0,0,0,0,0,57,0,0,0,0.0,0.0,1424232074,1424232074,0.005,0.0,0.0,0.0,0.0,0,2,,,2,35,35,35,35,35,22,35,1
13,909,10,352,1,1,0.023282,2646,23604,31,29,7,15,2,887552.5625,7926466.5,42,44,255,255,2911857066,797346208,63,536,0,0,35.951487,32.795234,1424236729,1424236729,0.5743,0.527605,0.000727,0.000586,0.000141,0,0,,,2,8,5,2,6,1,1,1,0
2,2,2,0,0,2,4e-06,114,0,254,0,0,0,0,114000000.0,0.0,2,0,0,0,0,0,57,0,0,0,0.0,0.0,1424251816,1424251816,0.004,0.0,0.0,0.0,0.0,0,2,,,2,14,14,14,15,14,14,14,1
9,910,9,8,1,1,3.232394,2544,1734,62,252,7,8,4,5981.943848,4078.710693,20,20,255,255,2389424269,2489869083,127,87,0,0,12599.63486,368.662656,1424260245,1424260248,170.126,162.481313,0.231049,0.106316,0.124733,0,1,,,2,1,1,1,3,1,1,1,1
3,2,14,0,0,2,9e-06,114,0,254,0,0,0,0,50666664.0,0.0,2,0,0,0,0,0,57,0,0,0,0.0,0.0,1424248182,1424248182,0.009,0.0,0.0,0.0,0.0,0,2,,,2,27,27,18,17,17,11,27,1
3,911,3,353,1,1,0.619883,364,980,62,252,1,2,5,4116.905762,11073.05762,8,8,255,255,201609988,2268668039,46,123,0,0,6264.109016,173.828125,1424254848,1424254848,88.554717,81.188289,0.094349,0.047754,0.046595,0,1,,,2,1,1,1,1,1,1,1,1
3,2,14,0,0,2,5e-06,114,0,254,0,0,0,0,91200000.0,0.0,2,0,0,0,0,0,57,0,0,0,0.0,0.0,1424246458,1424246458,0.005,0.0,0.0,0.0,0.0,0,2,,,2,38,38,22,24,22,22,38,1
1,912,4,18,1,1,0.786798,7818,15180,31,29,30,32,2,78841.07813,153126.9844,122,126,255,255,3683735082,3688907157,64,120,0,0,430.622747,425.230695,1424222367,1424222367,6.553659,6.290016,0.000741,0.000543,0.000198,0,0,,,2,5,2,3,4,1,1,3,0
2,8,9,6,3,2,1e-05,200,0,254,0,0,0,2,80000000.0,0.0,2,0,0,0,0,0,100,0,0,0,0.0,0.0,1421930727,1421930727,0.01,0.0,0.0,0.0,0.0,0,2,0.0,0.0,0,15,14,2,6,2,2,2,1
9,8,15,6,3,2,2e-06,200,0,254,0,0,0,2,400000000.0,0.0,2,0,0,0,0,0,100,0,0,0,0.0,0.0,1424258892,1424258892,0.002,0.0,0.0,0.0,0.0,0,2,,,2,5,5,4,7,4,4,5,1
6,5,9,0,0,2,3e-06,114,0,254,0,0,0,0,152000000.0,0.0,2,0,0,0,0,0,57,0,0,0,0.0,0.0,1424223310,1424223310,0.003,0.0,0.0,0.0,0.0,0,2,,,2,24,24,8,7,7,7,24,1
2,913,9,4,1,1,0.82768,794,2698,62,252,2,2,3,6910.883301,22820.41406,10,8,255,255,2301720,318505295,79,337,1,912,5174.740937,165.272047,1424239799,1424239800,86.828778,104.319289,0.18266,0.097444,0.085216,0,1,1.0,,2,1,2,2,1,1,1,1,1
2,753,17,354,0,2,8e-06,2898,0,254,0,0,0,2,1449000064.0,0.0,2,0,0,0,0,0,1449,0,0,0,0.0,0.0,1424235351,1424235351,0.008,0.0,0.0,0.0,0.0,0,2,,,2,2,7,2,1,1,1,2,1
2,8,11,6,12,0,0.711892,504,368,254,60,0,0,2,4247.835449,2067.729248,4,2,0,0,0,0,126,184,0,0,335.584156,0.0,1424232492,1424232493,237.297328,0.006,0.0,0.0,0.0,0,0,,,2,1,1,1,1,1,1,1,1
11,914,18,355,1,1,0.056074,2958,33044,31,29,7,18,2,413310.9688,4620180.5,48,50,255,255,4032629739,1926597763,62,661,0,0,0.0,82.741653,1424222124,1424222124,1.18634,1.124,0.001148,0.000995,0.000153,0,0,,,2,5,5,6,5,1,1,1,0
6,5,9,0,0,2,3e-06,114,0,254,0,0,0,0,152000000.0,0.0,2,0,0,0,0,0,57,0,0,0,0.0,0.0,1424224021,1424224021,0.003,0.0,0.0,0.0,0.0,0,2,,,2,14,14,9,9,9,9,15,1
4,915,13,30,1,1,1.761035,9400,10498,31,29,26,30,6,42302.39844,47267.66016,106,112,255,255,3173172569,1023858398,89,94,0,0,0.0,983.611058,1421937849,1421937851,16.768629,15.860594,0.000682,0.000503,0.000179,0,0,0.0,0.0,0,2,2,2,1,1,1,1,0
2,2,3,0,0,2,1e-05,114,0,254,0,0,0,0,45600000.0,0.0,2,0,0,0,0,0,57,0,0,0,0.0,0.0,1424240159,1424240159,0.01,0.0,0.0,0.0,0.0,0,2,,,2,38,38,24,26,24,24,38,1
1,916,0,9,1,1,0.044176,2048,2410,31,29,6,7,2,355487.125,419775.4375,24,26,255,255,3269379671,1124270321,85,93,0,0,209.484885,0.0,1424248773,1424248773,1.905261,1.81675,0.000704,0.000564,0.00014,0,0,,,2,4,4,1,3,1,1,1,0
4,917,19,356,1,1,0.035253,4862,76262,31,29,7,36,2,1090403.625,17105154.0,84,86,255,255,3060858430,931403946,58,887,0,0,22.145022,21.440582,1424237234,1424237234,0.425171,0.418711,0.000641,0.000496,0.000145,0,0,,,2,11,5,5,5,1,1,2,0
4,918,0,357,1,1,0.02293,2854,29122,31,29,7,17,2,974095.0625,9948888.0,46,48,255,255,3733374288,1588286862,62,607,0,0,33.727324,32.196091,1424261140,1424261140,0.514068,0.476106,0.000662,0.000545,0.000117,0,0,,,2,8,4,2,3,1,1,2,0
2,2,2,0,0,2,8e-06,114,0,254,0,0,0,0,57000000.0,0.0,2,0,0,0,0,0,57,0,0,0,0.0,0.0,1424254183,1424254183,0.008,0.0,0.0,0.0,0.0,0,2,,,2,26,26,8,10,8,8,26,1
2,5,3,0,0,2,1e-05,114,0,254,0,0,0,0,45600000.0,0.0,2,0,0,0,0,0,57,0,0,0,0.0,0.0,1424237604,1424237604,0.01,0.0,0.0,0.0,0.0,0,2,,,2,43,43,40,40,40,18,44,1
6,5,6,0,0,2,1e-06,114,0,254,0,0,0,0,456000000.0,0.0,2,0,0,0,0,0,57,0,0,0,0.0,0.0,1424258862,1424258862,0.001,0.0,0.0,0.0,0.0,0,2,,,2,26,26,9,9,9,9,26,1
7,2,7,0,0,2,4e-06,264,0,60,0,0,0,0,264000000.0,0.0,2,0,0,0,0,0,132,0,0,0,0.0,0.0,1424248158,1424248158,0.004,0.0,0.0,0.0,0.0,0,0,,,2,37,37,18,18,18,18,37,0
6,919,6,10,0,2,4e-06,168,0,254,0,0,0,2,168000000.0,0.0,2,0,0,0,0,0,84,0,0,0,0.0,0.0,1421933113,1421933113,0.004,0.0,0.0,0.0,0.0,0,2,0.0,0.0,0,9,1,1,3,1,1,1,1
3,5,3,0,0,2,5e-06,114,0,254,0,0,0,0,91200000.0,0.0,2,0,0,0,0,0,57,0,0,0,0.0,0.0,1424230490,1424230490,0.005,0.0,0.0,0.0,0.0,0,2,,,2,34,34,21,21,21,5,34,1
13,920,1,358,1,1,0.029933,3926,57202,31,29,7,27,2,1033508.188,15063241.0,66,68,255,255,4111305969,4111635878,59,841,0,0,24.707069,24.444855,1421969004,1421969004,0.455708,0.444076,0.000751,0.000613,0.000138,0,0,0.0,0.0,0,10,3,3,10,1,1,1,0
4,921,10,0,0,0,0.00093,130,162,31,29,0,0,0,559139.8125,696774.1875,2,2,0,0,0,0,65,81,0,0,0.0,0.0,1424252475,1424252475,0.001,0.004,0.0,0.0,0.0,0,0,,,2,2,1,2,2,1,1,2,0
8,534,10,8,1,1,0.74678,37644,3380,31,29,18,8,4,395522.125,35351.77734,52,42,255,255,426494217,432331513,724,80,0,0,1286.512472,42.240242,1421963654,1421963655,14.635901,18.200609,0.000699,0.000547,0.000152,0,0,0.0,0.0,0,4,1,2,5,1,1,1,0
2,5,3,0,0,2,9e-06,114,0,254,0,0,0,0,50666664.0,0.0,2,0,0,0,0,0,57,0,0,0,0.0,0.0,1424239051,1424239051,0.009,0.0,0.0,0.0,0.0,0,2,,,2,53,53,38,39,38,18,53,1
8,922,12,359,1,1,0.0072,4032,2456,31,29,7,7,2,4231111.0,2577777.75,18,18,255,255,2262208325,120046031,224,136,0,0,21.446655,0.564431,1424243371,1424243371,0.404824,0.391706,0.000674,0.000538,0.000136,0,0,,,2,8,6,6,7,1,1,3,0
0,923,13,0,0,0,0.001126,146,178,31,29,0,0,0,518650.0938,632326.8125,2,2,0,0,0,0,73,89,0,0,0.0,0.0,1421952538,1421952538,0.01,0.009,0.0,0.0,0.0,0,0,0.0,0.0,0,4,2,2,1,1,1,1,0
6,8,17,6,3,2,8e-06,200,0,254,0,0,0,2,100000000.0,0.0,2,0,0,0,0,0,100,0,0,0,0.0,0.0,1424223285,1424223285,0.008,0.0,0.0,0.0,0.0,0,2,,,2,7,7,2,5,2,2,7,1
2,5,2,0,0,2,8e-06,114,0,254,0,0,0,0,57000000.0,0.0,2,0,0,0,0,0,57,0,0,0,0.0,0.0,1424254062,1424254062,0.008,0.0,0.0,0.0,0.0,0,2,,,2,30,30,18,20,18,18,30,1
1,924,4,0,0,0,0.00096,146,178,31,29,0,0,0,608333.375,741666.6875,2,2,0,0,0,0,73,89,0,0,0.0,0.0,1424247709,1424247709,0.001,0.008,0.0,0.0,0.0,0,0,,,2,2,2,2,3,1,1,2,0
2,2,2,0,0,2,8e-06,114,0,254,0,0,0,0,57000000.0,0.0,2,0,0,0,0,0,57,0,0,0,0.0,0.0,1424254183,1424254183,0.008,0.0,0.0,0.0,0.0,0,2,,,2,26,26,8,10,8,8,26,1
1,925,4,360,1,1,0.046221,320,1846,31,29,1,2,5,46212.76172,279699.7188,6,8,255,255,817442689,3191990683,53,231,0,0,640.140148,15.717771,1424224356,1424224356,9.1808,6.530286,0.000629,0.000506,0.000123,0,0,,,2,5,5,6,8,1,1,7,0
11,926,18,10,0,0,0.147143,568,304,31,29,0,0,2,23161.14063,12396.10352,4,4,0,0,0,0,142,76,0,0,55.138301,56.007336,1424225294,1424225294,38.997668,39.607668,0.0,0.0,0.0,0,0,,,2,6,4,4,2,1,1,3,0
17,927,13,361,1,1,0.004823,424,8824,31,29,1,4,5,615384.5625,13417375.0,8,12,255,255,241851379,2398509244,53,735,0,0,38.184199,20.779659,1421971940,1421971940,0.634143,0.396818,0.000576,0.000454,0.000122,0,0,0.0,0.0,0,3,3,6,23,1,1,5,0
1,928,13,30,1,1,0.835761,3728,5474,31,29,7,7,6,34574.47656,50215.3125,32,24,255,255,1327242317,1327539473,117,228,0,0,1886.191709,57.705441,1424224313,1424224314,27.858701,36.309043,0.000645,0.000528,0.000117,0,0,,,2,1,1,2,2,1,1,1,0
3,5,14,0,0,2,3e-06,114,0,254,0,0,0,0,152000000.0,0.0,2,0,0,0,0,0,57,0,0,0,0.0,0.0,1424246454,1424246454,0.003,0.0,0.0,0.0,0.0,0,2,,,2,30,30,17,18,17,17,30,1
2,2,2,0,0,2,8e-06,114,0,254,0,0,0,0,57000000.0,0.0,2,0,0,0,0,0,57,0,0,0,0.0,0.0,1424255078,1424255078,0.008,0.0,0.0,0.0,0.0,0,2,,,2,33,33,16,16,16,16,33,1
2,8,15,6,3,2,8e-06,200,0,254,0,0,0,2,100000000.0,0.0,2,0,0,0,0,0,100,0,0,0,0.0,0.0,1424244407,1424244407,0.008,0.0,0.0,0.0,0.0,0,2,,,2,14,14,6,6,5,5,17,1
13,929,4,4,1,1,1.004684,1580,10168,31,29,3,5,3,11537.95606,76473.79688,12,18,255,255,3777697656,1629240644,132,565,2,0,9528.794532,7674.650295,1424240374,1424240375,91.301366,59.070767,0.000602,0.000478,0.000124,0,0,1.0,,2,3,1,4,2,2,1,1,0
6,5,6,0,0,2,6e-06,114,0,254,0,0,0,0,76000000.0,0.0,2,0,0,0,0,0,57,0,0,0,0.0,0.0,1424260895,1424260895,0.006,0.0,0.0,0.0,0.0,0,2,,,2,32,32,16,16,16,16,32,1
1,930,19,8,1,1,0.022868,37996,3380,31,29,19,8,4,13046353.0,1154451.625,54,42,255,255,2563594261,419257054,704,80,0,0,22.9533,0.938944,1424236560,1424236560,0.424736,0.544829,0.000662,0.000524,0.000138,0,0,,,2,2,2,8,6,1,1,4,0
7,5,7,0,0,2,8e-06,264,0,60,0,0,0,0,132000000.0,0.0,2,0,0,0,0,0,132,0,0,0,0.0,0.0,1424244680,1424244680,0.008,0.0,0.0,0.0,0.0,0,0,,,2,47,47,43,43,43,20,47,0
2,2,3,0,0,2,1e-05,114,0,254,0,0,0,0,45600000.0,0.0,2,0,0,0,0,0,57,0,0,0,0.0,0.0,1424240254,1424240254,0.01,0.0,0.0,0.0,0.0,0,2,,,2,33,33,24,24,24,24,33,1
10,931,4,4,1,1,0.0221,1044,824,31,29,2,2,3,330859.7188,268597.2813,8,10,255,255,3756261306,3772286484,131,82,1,83,249.259732,5.09997,1424250456,1424250456,3.108143,2.401556,0.000625,0.000483,0.000142,0,0,1.0,,2,2,1,3,2,1,1,6,0
8,932,13,4,1,1,1.144642,18994,1087890,31,29,2,370,3,132380.25,7593165.5,356,746,255,255,1348921362,1349925540,53,1458,1,0,193.760202,113.55054,1421957074,1421957075,3.223462,1.535754,0.000625,0.000501,0.000124,0,0,1.0,0.0,0,3,2,5,2,2,1,1,0
10,933,19,10,0,0,0.004787,568,320,31,29,0,0,2,711928.125,401086.2813,4,4,0,0,0,0,142,80,0,0,1.743257,1.500952,1421933672,1421933672,1.239667,1.069333,0.0,0.0,0.0,0,0,0.0,0.0,0,8,14,4,4,1,1,3,0
14,934,20,0,0,0,0.0011,146,178,31,29,0,0,0,530909.125,647272.75,2,2,0,0,0,0,73,89,0,0,0.0,0.0,1424225994,1424225994,0.01,0.007,0.0,0.0,0.0,0,0,,,2,1,3,6,6,1,1,4,0
13,935,4,8,1,1,0.519883,37582,3380,31,29,18,8,4,567204.5625,50780.66016,52,42,255,255,3059044189,3082871270,723,80,0,0,788.515856,25.169732,1421956468,1421956469,10.18696,12.668098,0.000615,0.000485,0.00013,0,0,0.0,0.0,0,2,1,4,2,1,1,1,0
1,936,18,4,1,1,0.004017,1052,824,31,29,2,2,3,1834204.625,1477719.625,8,10,255,255,2048866115,4195268728,132,82,1,83,34.119181,0.705646,1421960346,1421960346,0.525286,0.391111,0.000615,0.000486,0.000129,0,0,1.0,0.0,0,2,1,2,7,1,1,1,0
8,937,19,9,1,1,0.005131,1036,2262,31,29,4,4,2,1481192.75,3233677.5,12,12,255,255,1685638152,1685967480,86,189,0,0,23.862423,0.569557,1421933373,1421933373,0.434091,0.407818,0.000792,0.000635,0.000157,0,0,0.0,0.0,0,21,13,1,3,1,1,1,0
15,5,5,0,0,2,3e-06,264,0,60,0,0,0,0,352000000.0,0.0,2,0,0,0,0,0,132,0,0,0,0.0,0.0,1424253053,1424253053,0.003,0.0,0.0,0.0,0.0,0,0,,,2,27,27,27,27,27,12,27,0
6,5,9,0,0,2,4e-06,114,0,254,0,0,0,0,114000000.0,0.0,2,0,0,0,0,0,57,0,0,0,0.0,0.0,1424224788,1424224788,0.004,0.0,0.0,0.0,0.0,0,2,,,2,21,21,10,9,9,9,21,1
6,938,9,12,0,2,2e-06,104,0,254,0,0,0,2,208000000.0,0.0,2,0,0,0,0,0,52,0,0,0,0.0,0.0,1424249805,1424249805,0.002,0.0,0.0,0.0,0.0,0,2,,,2,12,4,2,3,2,1,5,1
14,939,20,362,1,1,0.025122,2958,29218,31,29,7,17,2,922538.0,9110740.0,48,48,255,255,3206926123,3237906963,62,609,0,0,0.0,32.348323,1421945237,1421945237,0.526617,0.515915,0.00104,0.000871,0.000169,0,0,0.0,0.0,0,25,6,7,32,4,4,4,0
12,940,1,363,1,1,0.020899,2334,7488,31,29,7,9,2,868941.125,2776783.75,36,32,255,255,2267001777,166361336,65,234,0,0,0.0,1.774387,1421930847,1421930847,0.588657,0.656645,0.000651,0.00054,0.000111,0,0,0.0,0.0,0,6,6,5,3,1,1,2,0
2,5,2,0,0,2,5e-06,114,0,254,0,0,0,0,91200000.0,0.0,2,0,0,0,0,0,57,0,0,0,0.0,0.0,1424254030,1424254030,0.005,0.0,0.0,0.0,0.0,0,2,,,2,8,8,8,8,8,8,8,1
2,5,3,0,0,2,3e-06,114,0,254,0,0,0,0,152000000.0,0.0,2,0,0,0,0,0,57,0,0,0,0.0,0.0,1424239284,1424239284,0.003,0.0,0.0,0.0,0.0,0,2,,,2,40,40,40,40,40,18,40,1
3,941,14,4,1,1,1.170872,810,1132,62,252,2,2,3,4980.90332,6962.33252,10,10,255,255,2356922222,797700526,81,113,1,118,6989.496875,210.255297,1424255945,1424255946,130.096889,116.760445,0.223641,0.119868,0.103773,0,1,1.0,,2,2,1,3,3,2,1,1,1
6,8,17,6,46,2,3e-06,200,0,254,0,0,0,2,266666656.0,0.0,2,0,0,0,0,0,100,0,0,0,0.0,0.0,1424223218,1424223218,0.003,0.0,0.0,0.0,0.0,0,2,,,2,5,5,2,2,2,2,5,1
14,942,18,10,0,0,0.004368,568,304,31,29,0,0,2,780219.75,417582.4063,4,4,0,0,0,0,142,76,0,0,1.630825,1.366838,1421966813,1421966813,1.161667,0.973,0.0,0.0,0.0,0,0,0.0,0.0,0,5,6,7,5,1,1,3,0
2,2,3,0,0,2,5e-06,114,0,254,0,0,0,0,91200000.0,0.0,2,0,0,0,0,0,57,0,0,0,0.0,0.0,1424238881,1424238881,0.005,0.0,0.0,0.0,0.0,0,2,,,2,41,41,22,23,22,22,41,1
2,2,3,0,0,2,3e-06,114,0,254,0,0,0,0,152000000.0,0.0,2,0,0,0,0,0,57,0,0,0,0.0,0.0,1424239001,1424239001,0.003,0.0,0.0,0.0,0.0,0,2,,,2,43,43,23,23,23,23,43,1
14,943,18,364,0,0,0.001825,536,304,31,29,0,0,2,1762191.75,999452.0,4,4,0,0,0,0,134,76,0,0,0.617304,0.351905,1421966858,1421966858,0.441,0.255333,0.0,0.0,0.0,0,0,0.0,0.0,0,7,11,2,4,1,1,2,0
13,944,12,9,1,1,0.153389,1920,4312,31,29,6,6,2,95600.07031,215556.5156,22,24,255,255,2783456747,634223754,87,180,0,0,468.673502,448.567624,1421953780,1421953780,7.287333,6.638478,0.000885,0.000693,0.000192,0,0,0.0,0.0,0,4,5,1,3,1,1,1,0
9,945,15,26,1,1,0.895223,4658,268,254,252,3,1,2,38158.08984,2001.73584,12,6,255,255,153707417,4109549575,388,45,0,0,0.0,272.767031,1424223856,1424223857,77.63609,161.867594,0.140369,0.08588,0.054489,0,1,,,2,2,3,3,2,1,1,1,1
12,946,4,365,1,1,0.016882,2958,32648,31,29,7,18,2,1372823.125,15162184.0,48,50,255,255,3530786343,1388084831,62,653,0,0,20.084679,19.325812,1421965782,1421965782,0.359717,0.333224,0.000708,0.00055,0.000158,0,0,0.0,0.0,0,10,2,1,2,1,1,1,0
2,947,24,64,0,2,1.1e-05,548,0,254,0,0,0,2,199272720.0,0.0,2,0,0,0,0,0,274,0,0,0,0.0,0.0,1424254440,1424254440,0.011,0.0,0.0,0.0,0.0,0,2,,,2,1,2,1,1,1,1,1,1
3,5,3,0,0,2,2.1e-05,114,0,254,0,0,0,0,21714286.0,0.0,2,0,0,0,0,0,57,0,0,0,0.0,0.0,1424231436,1424231436,0.021,0.0,0.0,0.0,0.0,0,2,,,2,39,39,18,18,18,18,40,1
12,948,20,0,0,0,0.001056,146,178,31,29,0,0,0,553030.3125,674242.4375,2,2,0,0,0,0,73,89,0,0,0.0,0.0,1421949769,1421949769,0.011,0.009,0.0,0.0,0.0,0,0,0.0,0.0,0,3,2,1,4,1,1,1,0
2,2,3,0,0,2,5e-06,114,0,254,0,0,0,0,91200000.0,0.0,2,0,0,0,0,0,57,0,0,0,0.0,0.0,1424239199,1424239199,0.005,0.0,0.0,0.0,0.0,0,2,,,2,34,34,18,18,18,18,34,1
3,5,3,0,0,2,9e-06,114,0,254,0,0,0,0,50666664.0,0.0,2,0,0,0,0,0,57,0,0,0,0.0,0.0,1424232680,1424232680,0.009,0.0,0.0,0.0,0.0,0,2,,,2,21,21,18,18,18,18,21,1
10,949,4,9,1,1,0.005927,1920,4312,31,29,6,6,2,2474101.5,5578538.5,22,24,255,255,2496480415,2496775734,87,180,0,0,16.880865,13.594448,1424232268,1424232268,0.27945,0.231391,0.000763,0.000596,0.000167,0,0,,,2,2,2,3,2,1,1,1,0
19,5,21,0,0,2,7e-06,264,0,60,0,0,0,0,150857136.0,0.0,2,0,0,0,0,0,132,0,0,0,0.0,0.0,1424261771,1424261771,0.007,0.0,0.0,0.0,0.0,0,0,,,2,19,19,19,19,19,19,19,0
2,2,3,0,0,2,9e-06,114,0,254,0,0,0,0,50666664.0,0.0,2,0,0,0,0,0,57,0,0,0,0.0,0.0,1424239423,1424239423,0.009,0.0,0.0,0.0,0.0,0,2,,,2,39,39,24,24,24,24,39,1
3,2,14,0,0,2,2e-06,114,0,254,0,0,0,0,228000000.0,0.0,2,0,0,0,0,0,57,0,0,0,0.0,0.0,1424244621,1424244621,0.002,0.0,0.0,0.0,0.0,0,2,,,2,44,44,34,34,34,19,44,1
2,2,3,0,0,2,5e-06,114,0,254,0,0,0,0,91200000.0,0.0,2,0,0,0,0,0,57,0,0,0,0.0,0.0,1421930937,1421930937,0.005,0.0,0.0,0.0,0.0,0,2,0.0,0.0,0,11,11,3,3,3,3,3,1
2,5,3,0,0,2,3e-06,114,0,254,0,0,0,0,152000000.0,0.0,2,0,0,0,0,0,57,0,0,0,0.0,0.0,1424238865,1424238865,0.003,0.0,0.0,0.0,0.0,0,2,,,2,39,39,13,13,13,13,39,1
4,950,4,366,1,1,0.297095,4408,2976,31,29,7,7,2,114145.3047,77281.67969,26,28,255,255,4105362802,4108511595,170,106,0,0,720.595661,18.85859,1421965690,1421965690,11.8698,10.983111,0.000682,0.000545,0.000137,0,0,0.0,0.0,0,8,5,6,6,1,1,3,0
19,5,21,0,0,2,2e-06,264,0,60,0,0,0,0,528000000.0,0.0,2,0,0,0,0,0,132,0,0,0,0.0,0.0,1424259894,1424259894,0.002,0.0,0.0,0.0,0.0,0,0,,,2,37,37,19,19,19,19,37,0
11,951,18,367,1,1,0.060654,3718,47722,31,29,7,24,2,482606.25,6192897.5,62,62,255,255,2000213411,4145907341,60,770,0,0,60.443868,1.587,1424223323,1424223323,0.988803,1.001417,0.000666,0.00056,0.000106,0,0,,,2,7,9,3,5,1,1,2,0
2,952,17,1,1,1,1.52034,1158,1662,62,252,7,9,1,5819.750977,8350.763672,22,22,255,255,294660136,3783944012,53,76,0,0,4295.678936,5368.909723,1424257158,1424257160,72.397144,71.677143,0.061711,0.014366,0.047345,0,1,,1.0,3,1,1,1,1,1,1,2,1
17,953,0,7,1,1,0.022152,1540,1644,31,29,4,4,2,521487.9063,560852.3125,16,18,255,255,357775627,362310710,96,91,0,0,93.257638,2.438005,1424254524,1424254524,1.4568,1.276353,0.000563,0.000451,0.000112,0,0,,,2,12,17,5,10,7,1,7,0
6,8,17,6,47,2,9e-06,200,0,254,0,0,0,2,88888888.0,0.0,2,0,0,0,0,0,100,0,0,0,0.0,0.0,1424223223,1424223223,0.009,0.0,0.0,0.0,0.0,0,2,,,2,5,5,2,11,2,2,5,1
6,5,9,0,0,2,7e-06,114,0,254,0,0,0,0,65142856.0,0.0,2,0,0,0,0,0,57,0,0,0,0.0,0.0,1424225139,1424225139,0.007,0.0,0.0,0.0,0.0,0,2,,,2,18,18,9,10,9,9,18,1
8,954,20,0,0,0,0.001083,146,178,31,29,0,0,0,539242.875,657433.0625,2,2,0,0,0,0,73,89,0,0,0.0,0.0,1421950849,1421950849,0.012,0.009,0.0,0.0,0.0,0,0,0.0,0.0,0,3,2,2,1,1,1,1,0
5,5,5,0,0,2,7e-06,264,0,60,0,0,0,0,150857136.0,0.0,2,0,0,0,0,0,132,0,0,0,0.0,0.0,1424240519,1424240519,0.007,0.0,0.0,0.0,0.0,0,0,,,2,21,21,11,11,11,11,21,0
14,955,19,368,1,1,0.46059,424,8824,31,29,1,4,5,6443.908691,140498.0625,8,12,255,255,2221419554,2890963908,53,735,0,0,4003.76103,3184.349029,1424248300,1424248301,65.751,41.830001,0.000579,0.000454,0.000125,0,0,,,2,2,5,2,3,1,1,2,0
8,956,19,369,1,1,0.089056,3354,51328,31,29,2,23,2,296173.1875,4531441.0,58,58,255,255,2946165196,1060946150,58,885,0,0,2.850542,2.748793,1421936139,1421936139,1.55707,1.530947,0.0,0.0,0.0,0,0,0.0,0.0,0,12,5,3,5,1,1,1,0
4,957,19,0,0,0,0.001025,146,178,31,29,0,0,2,569756.125,694634.125,2,2,0,0,0,0,73,89,0,0,0.0,0.0,1421933316,1421933316,0.007,0.008,0.0,0.0,0.0,0,0,0.0,0.0,0,19,10,2,7,1,1,1,0
6,958,3,10,0,2,1.1e-05,168,0,254,0,0,0,2,61090908.0,0.0,2,0,0,0,0,0,84,0,0,0,0.0,0.0,1421931016,1421931016,0.011,0.0,0.0,0.0,0.0,0,2,0.0,0.0,0,1,1,4,2,1,1,1,1
1,959,19,30,1,1,0.155868,3728,5474,31,29,7,7,6,185387.6406,269253.4688,32,24,255,255,2400379271,2400687751,117,228,0,0,409.227358,13.482867,1421936513,1421936513,5.028,6.745783,0.000708,0.000576,0.000132,0,0,0.0,0.0,0,1,1,2,3,1,1,1,0
6,960,14,33,1,1,3.26585,3416,3106,254,252,9,9,2,8019.963867,7263.040039,24,22,255,255,1521184011,2283821452,142,141,0,0,6766.667728,195.263719,1424227740,1424227743,141.982518,152.010375,0.226979,0.073623,0.153356,0,1,,,2,1,1,1,1,1,1,1,1
3,2,14,0,0,2,1e-06,114,0,254,0,0,0,0,456000000.0,0.0,2,0,0,0,0,0,57,0,0,0,0.0,0.0,1424247820,1424247820,0.001,0.0,0.0,0.0,0.0,0,2,,,2,32,32,16,16,16,16,32,1
12,961,20,0,0,0,0.001113,146,178,31,29,0,0,0,524708.0,639712.5,2,2,0,0,0,0,73,89,0,0,0.0,0.0,1421963323,1421963323,0.011,0.009,0.0,0.0,0.0,0,0,0.0,0.0,0,3,2,3,4,1,1,1,0
9,962,2,37,1,1,0.83046,2516,268,254,252,2,1,2,21819.23242,2157.840088,10,6,255,255,2486045648,2223275591,252,45,0,0,4395.489773,204.050938,1424232816,1424232817,84.341778,145.904203,0.198186,0.100931,0.097255,0,1,,,2,3,2,1,1,1,1,2,0
10,963,20,0,0,0,0.001081,146,178,31,29,0,0,0,540240.5625,658649.4375,2,2,0,0,0,0,73,89,0,0,0.0,0.0,1424244252,1424244252,0.007,0.002,0.0,0.0,0.0,0,0,,,2,2,3,1,1,1,1,1,0
4,964,20,370,1,1,0.018995,2542,23432,31,29,7,14,2,1044064.25,9634114.0,40,42,255,255,3068934955,3069217724,64,558,0,0,29.649282,28.462148,1421950602,1421950602,0.478744,0.448561,0.000745,0.0006,0.000145,0,0,0.0,0.0,0,6,10,5,6,1,1,1,0
2,2,3,0,0,2,3e-06,114,0,254,0,0,0,0,152000000.0,0.0,2,0,0,0,0,0,57,0,0,0,0.0,0.0,1424239478,1424239478,0.003,0.0,0.0,0.0,0.0,0,2,,,2,44,44,45,44,44,24,44,1
6,5,9,0,0,2,8e-06,114,0,254,0,0,0,0,57000000.0,0.0,2,0,0,0,0,0,57,0,0,0,0.0,0.0,1424225868,1424225868,0.008,0.0,0.0,0.0,0.0,0,2,,,2,9,9,9,9,9,9,9,1
9,965,14,10,1,1,0.833498,564,354,254,252,2,1,2,4875.836426,2975.412109,10,8,255,255,193639558,1187609075,56,44,0,0,5952.747903,164.193266,1421931056,1421931057,89.274222,110.526,0.117808,0.059805,0.058003,0,1,0.0,0.0,0,1,1,2,1,1,1,1,1
0,966,20,7,1,1,0.018868,1540,1644,31,29,4,4,2,612253.5625,658469.375,16,18,255,255,3855673765,1714757698,96,91,0,0,75.245636,2.163747,1421954089,1421954089,1.236333,1.083118,0.000574,0.000451,0.000123,0,0,0.0,0.0,0,13,9,5,7,5,1,5,0
2,2,3,0,0,2,5e-06,114,0,254,0,0,0,0,91200000.0,0.0,2,0,0,0,0,0,57,0,0,0,0.0,0.0,1424238807,1424238807,0.005,0.0,0.0,0.0,0.0,0,2,,,2,35,35,24,25,24,24,35,1
3,967,9,10,0,2,1e-05,168,0,254,0,0,0,2,67200000.0,0.0,2,0,0,0,0,0,84,0,0,0,0.0,0.0,1424258551,1424258551,0.01,0.0,0.0,0.0,0.0,0,2,,,2,1,5,2,1,1,1,1,1
13,968,12,8,1,1,0.59283,37232,3276,31,29,18,8,4,492768.5938,43115.22656,52,40,255,255,3583378235,1472636649,716,82,0,0,990.63042,32.653463,1424222835,1424222836,11.601,15.187308,0.000639,0.000522,0.000117,0,0,,,2,1,1,2,2,1,1,1,0
23,8,27,6,13,3,0.0,192,0,1,0,0,0,2,51.195595,0.0,3,0,0,0,0,0,64,0,0,0,2.582148,0.0,1421932207,1421932227,10000.863,0.0,0.0,0.0,0.0,0,0,0.0,0.0,0,2,4,4,2,2,4,2,0
3,2,3,0,0,2,3e-06,114,0,254,0,0,0,0,152000000.0,0.0,2,0,0,0,0,0,57,0,0,0,0.0,0.0,1424232507,1424232507,0.003,0.0,0.0,0.0,0.0,0,2,,,2,30,30,26,26,25,25,31,1
9,8,15,6,3,2,2e-06,200,0,254,0,0,0,2,400000000.0,0.0,2,0,0,0,0,0,100,0,0,0,0.0,0.0,1424258843,1424258843,0.002,0.0,0.0,0.0,0.0,0,2,,,2,5,5,2,5,2,2,5,1
6,8,17,6,48,2,5e-06,200,0,254,0,0,0,2,160000000.0,0.0,2,0,0,0,0,0,100,0,0,0,0.0,0.0,1424223234,1424223234,0.005,0.0,0.0,0.0,0.0,0,2,,,2,3,3,1,10,1,1,3,1
2,2,2,0,0,2,9e-06,114,0,254,0,0,0,0,50666664.0,0.0,2,0,0,0,0,0,57,0,0,0,0.0,0.0,1424253234,1424253234,0.009,0.0,0.0,0.0,0.0,0,2,,,2,20,20,16,16,16,16,20,1
2,2,2,0,0,2,3e-06,114,0,254,0,0,0,0,152000000.0,0.0,2,0,0,0,0,0,57,0,0,0,0.0,0.0,1424253932,1424253932,0.003,0.0,0.0,0.0,0.0,0,2,,,2,27,27,16,17,16,16,28,1
0,969,8,7,1,1,2.665557,12726,548216,31,29,21,197,2,38022.82422,1641578.125,220,438,255,255,976481638,3132098817,58,1252,0,0,4424.357219,3135.70768,1424229617,1424229620,12.170037,6.112622,0.000562,0.000449,0.000113,0,0,,,2,5,7,3,8,2,1,4,0
0,970,0,0,0,0,0.001057,146,178,31,29,0,0,0,552507.0625,673604.5,2,2,0,0,0,0,73,89,0,0,0.0,0.0,1421964886,1421964886,0.007,0.008,0.0,0.0,0.0,0,0,0.0,0.0,0,4,3,3,7,1,1,1,0
14,971,8,1,1,1,0.024697,2934,3742,31,29,11,15,1,932259.0,1189780.125,52,54,255,255,413296115,414223803,56,69,0,0,35.229018,0.857049,1421965143,1421965143,0.477863,0.463865,0.000733,0.000572,0.000161,0,0,0.0,1.0,3,1,1,6,7,1,1,4,0
2,5,3,0,0,2,3e-06,114,0,254,0,0,0,0,152000000.0,0.0,2,0,0,0,0,0,57,0,0,0,0.0,0.0,1424239063,1424239063,0.003,0.0,0.0,0.0,0.0,0,2,,,2,44,44,34,34,34,15,44,1
3,2,14,0,0,2,4e-06,114,0,254,0,0,0,0,114000000.0,0.0,2,0,0,0,0,0,57,0,0,0,0.0,0.0,1424245734,1424245734,0.004,0.0,0.0,0.0,0.0,0,2,,,2,28,28,28,28,28,15,28,1
1,972,0,0,0,0,0.001087,146,178,31,29,0,0,0,537258.5,655013.8125,2,2,0,0,0,0,73,89,0,0,0.0,0.0,1421939342,1421939342,0.01,0.005,0.0,0.0,0.0,0,0,0.0,0.0,0,3,4,1,2,2,1,1,0
14,973,4,0,0,0,0.001025,146,178,31,29,0,0,0,569756.125,694634.125,2,2,0,0,0,0,73,89,0,0,0.0,0.0,1424222297,1424222297,0.002,0.004,0.0,0.0,0.0,0,0,,,2,1,3,4,1,1,1,1,0
9,8,15,6,3,2,6e-06,200,0,254,0,0,0,2,133333328.0,0.0,2,0,0,0,0,0,100,0,0,0,0.0,0.0,1424258897,1424258897,0.006,0.0,0.0,0.0,0.0,0,2,,,2,5,5,1,3,1,1,5,1
6,5,9,0,0,2,3e-06,114,0,254,0,0,0,0,152000000.0,0.0,2,0,0,0,0,0,57,0,0,0,0.0,0.0,1424223603,1424223603,0.003,0.0,0.0,0.0,0.0,0,2,,,2,17,17,17,18,17,9,17,1
2,2,3,0,0,2,6e-06,114,0,254,0,0,0,0,76000000.0,0.0,2,0,0,0,0,0,57,0,0,0,0.0,0.0,1424237480,1424237480,0.006,0.0,0.0,0.0,0.0,0,2,,,2,44,44,24,24,24,24,44,1
6,2,6,0,0,2,9e-06,114,0,254,0,0,0,0,50666664.0,0.0,2,0,0,0,0,0,57,0,0,0,0.0,0.0,1424261150,1424261150,0.009,0.0,0.0,0.0,0.0,0,2,,,2,29,29,13,14,13,13,29,1
14,974,18,371,1,1,0.129636,4238,60964,31,29,7,30,2,257953.0313,3711376.25,72,74,255,255,3968320337,1853395016,59,824,0,0,101.336974,99.4384,1421964519,1421964520,1.82131,1.768247,0.000811,0.000547,0.000264,0,0,0.0,0.0,0,10,4,3,4,1,1,2,0
5,2,5,0,0,2,3e-06,264,0,60,0,0,0,0,352000000.0,0.0,2,0,0,0,0,0,132,0,0,0,0.0,0.0,1421931859,1421931859,0.003,0.0,0.0,0.0,0.0,0,0,0.0,0.0,0,6,6,6,6,6,3,6,0
10,975,0,7,1,1,0.019762,1540,1644,31,29,4,4,2,584556.1875,628681.3125,16,18,255,255,627238718,633184597,96,91,0,0,77.477769,2.125272,1421969288,1421969288,1.286933,1.134412,0.000598,0.000473,0.000125,0,0,0.0,0.0,0,9,17,15,10,6,1,6,0
16,2,21,0,0,2,8e-06,264,0,60,0,0,0,0,132000000.0,0.0,2,0,0,0,0,0,132,0,0,0,0.0,0.0,1424226057,1424226057,0.008,0.0,0.0,0.0,0.0,0,0,,,2,16,16,8,8,8,8,16,0
11,976,4,4,1,1,1.128459,1684,10168,31,29,3,5,3,11087.6875,68085.77344,14,18,255,255,4283678867,2140091410,120,565,0,0,8847.57494,7772.153118,1424233846,1424233847,86.759079,66.260647,0.002156,0.002026,0.00013,0,0,,,2,2,2,3,7,2,1,2,0
15,5,5,0,0,2,7e-06,264,0,60,0,0,0,0,150857136.0,0.0,2,0,0,0,0,0,132,0,0,0,0.0,0.0,1424253448,1424253448,0.007,0.0,0.0,0.0,0.0,0,0,,,2,24,24,24,24,24,11,24,0
3,2,3,0,0,2,9e-06,114,0,254,0,0,0,0,50666664.0,0.0,2,0,0,0,0,0,57,0,0,0,0.0,0.0,1424231330,1424231330,0.009,0.0,0.0,0.0,0.0,0,2,,,2,29,29,25,25,25,25,29,1
10,977,10,8,1,1,0.020623,37220,3276,31,29,18,8,2,14160888.0,1239392.875,52,40,255,255,3281817077,3287057181,716,82,0,0,21.99103,1.042398,1421945037,1421945037,0.397431,0.515128,0.000664,0.000528,0.000136,0,0,0.0,0.0,0,4,14,19,8,5,5,5,0
2,2,3,0,0,2,1e-05,114,0,254,0,0,0,0,45600000.0,0.0,2,0,0,0,0,0,57,0,0,0,0.0,0.0,1424237539,1424237539,0.01,0.0,0.0,0.0,0.0,0,2,,,2,48,48,39,38,38,22,48,1
3,5,3,0,0,2,5e-06,114,0,254,0,0,0,0,91200000.0,0.0,2,0,0,0,0,0,57,0,0,0,0.0,0.0,1424230765,1424230765,0.005,0.0,0.0,0.0,0.0,0,2,,,2,18,18,18,18,18,18,18,1
3,5,14,0,0,2,9e-06,114,0,254,0,0,0,0,50666664.0,0.0,2,0,0,0,0,0,57,0,0,0,0.0,0.0,1424244931,1424244931,0.009,0.0,0.0,0.0,0.0,0,2,,,2,15,15,15,15,15,15,15,1
2,978,24,1,1,1,2.04949,1170,1648,62,252,7,9,1,4360.109375,6143.967773,22,22,255,255,1751135082,1045797145,53,75,0,0,5299.653123,6613.032251,1424246671,1424246673,97.594759,95.813999,0.091568,0.036558,0.05501,0,1,,1.0,3,1,1,1,1,1,1,1,1
23,8,27,6,13,3,0.0,384,0,1,0,0,0,2,51.19556,0.0,6,0,0,0,0,0,64,0,0,0,0.017182,0.0,1421962450,1421962500,10000.865,0.0,0.0,0.0,0.0,0,0,0.0,0.0,0,2,4,4,2,2,4,2,0
6,2,9,0,0,2,9e-06,114,0,254,0,0,0,0,50666664.0,0.0,2,0,0,0,0,0,57,0,0,0,0.0,0.0,1424224863,1424224863,0.009,0.0,0.0,0.0,0.0,0,2,,,2,17,17,18,18,17,8,18,1
3,2,3,0,0,2,9e-06,114,0,254,0,0,0,0,50666664.0,0.0,2,0,0,0,0,0,57,0,0,0,0.0,0.0,1424230281,1424230281,0.009,0.0,0.0,0.0,0.0,0,2,,,2,25,25,25,27,25,25,25,1
11,979,10,0,0,0,0.001057,146,178,31,29,0,0,0,552507.0625,673604.5,2,2,0,0,0,0,73,89,0,0,0.0,0.0,1421966255,1421966255,0.011,0.008,0.0,0.0,0.0,0,0,0.0,0.0,0,1,2,4,1,1,1,1,0
2,8,15,6,38,2,8e-06,200,0,254,0,0,0,2,100000000.0,0.0,2,0,0,0,0,0,100,0,0,0,0.0,0.0,1424244372,1424244372,0.008,0.0,0.0,0.0,0.0,0,2,,,2,7,7,3,3,3,3,7,1
3,8,15,6,49,2,4.7e-05,60,0,0,0,0,0,2,0.0,0.0,1,0,0,0,0,0,60,0,0,0,0.0,0.0,1424235400,1424235400,0.0,0.0,0.0,0.0,0.0,0,2,,,2,4,4,2,2,1,1,4,1
2,8,9,6,12,0,0.46561,568,432,254,60,0,0,2,7319.430664,3711.260498,4,2,0,0,0,0,142,216,0,0,219.482875,0.0,1424246660,1424246660,155.203328,0.009,0.0,0.0,0.0,0,0,,,2,1,1,1,1,1,1,1,1
2,5,2,0,0,2,1e-06,114,0,254,0,0,0,0,456000000.0,0.0,2,0,0,0,0,0,57,0,0,0,0.0,0.0,1424253476,1424253476,0.001,0.0,0.0,0.0,0.0,0,2,,,2,30,30,10,10,10,7,30,1
13,980,1,372,1,1,0.558513,424,8824,31,29,1,4,5,5314.11084,115864.8047,8,12,255,255,3387664925,1721595263,53,735,0,0,5735.719042,4571.532652,1424220119,1424220120,79.742712,50.732635,0.000574,0.000451,0.000123,0,0,,,2,2,5,2,1,1,1,4,0
2,981,9,4,1,1,2.530362,834,2428,62,252,2,2,3,2374.364014,6911.26416,10,10,255,255,213585487,3173260313,83,243,1,749,16854.91004,436.872344,1424227523,1424227525,281.151333,270.330125,0.186509,0.096885,0.089624,0,1,1.0,,2,2,1,1,1,1,1,1,1
10,982,19,7,1,1,0.0231,1540,1644,31,29,4,4,2,500086.5938,537835.5,16,18,255,255,4002872954,1865060732,96,91,0,0,87.657056,2.468009,1424245707,1424245707,1.515133,1.332,0.00057,0.000452,0.000118,0,0,,,2,14,7,8,18,12,1,7,0
8,983,8,0,0,0,0.001193,132,164,31,29,0,0,0,442581.7188,549874.25,2,2,0,0,0,0,66,82,0,0,0.0,0.0,1424240790,1424240790,0.009,0.007,0.0,0.0,0.0,0,0,,,2,3,3,2,13,2,1,2,0
1,984,1,7,1,1,0.018236,1540,1644,31,29,4,4,2,633472.25,681289.75,16,18,255,255,2610405386,470898583,96,91,0,0,72.264554,1.994602,1421960594,1421960594,1.1944,1.046353,0.00057,0.000445,0.000125,0,0,0.0,0.0,0,8,9,7,5,4,1,4,0
13,985,8,0,0,0,0.001061,146,178,31,29,0,0,0,550424.125,671065.0,2,2,0,0,0,0,73,89,0,0,0.0,0.0,1421929487,1421929487,0.011,0.008,0.0,0.0,0.0,0,0,0.0,0.0,0,2,5,3,2,2,1,2,0
10,986,8,373,1,1,0.046756,320,1946,31,29,1,2,5,45683.97656,291385.0625,6,8,255,255,3977707422,2108924073,53,243,0,0,645.890921,15.701317,1424227067,1424227067,9.2726,6.602857,0.000677,0.000531,0.000146,0,0,,,2,2,2,2,2,1,1,2,0
1,987,18,374,0,0,0.131028,536,304,31,29,0,0,2,24544.37305,13920.68945,4,4,0,0,0,0,134,76,0,0,23.574705,41.419488,1424239682,1424239682,16.679334,29.294,0.0,0.0,0.0,0,0,,,2,8,4,3,5,1,1,3,0
4,988,10,375,1,1,0.039025,3598,45608,31,29,7,24,2,725483.625,9198821.0,60,62,255,255,3098221257,961492855,60,736,0,0,42.463272,39.857112,1421942237,1421942237,0.655983,0.63218,0.000584,0.000456,0.000128,0,0,0.0,0.0,0,6,7,4,3,1,1,1,0
6,2,6,0,0,2,3e-06,114,0,254,0,0,0,0,152000000.0,0.0,2,0,0,0,0,0,57,0,0,0,0.0,0.0,1424260580,1424260580,0.003,0.0,0.0,0.0,0.0,0,2,,,2,32,32,10,10,10,10,32,1
3,989,3,4,1,1,9.085547,134728,131338,254,252,71,77,3,117850.4688,114949.1563,152,166,255,255,2207805633,2494826061,886,791,1,1239,3691.138531,3646.053436,1424227790,1424227799,60.169186,55.338827,0.153559,0.064516,0.089043,0,1,1.0,,2,1,1,1,1,1,1,2,1
3,990,3,8,1,1,2.959505,30698,1822,62,252,16,8,4,80800.0,4703.489258,38,22,255,255,4226424041,705256636,808,83,0,0,6182.262482,191.500844,1421928457,1421928460,79.986621,137.449141,0.149369,0.072158,0.077211,0,1,0.0,0.0,0,1,1,1,2,1,1,1,1
6,5,6,0,0,2,8e-06,114,0,254,0,0,0,0,57000000.0,0.0,2,0,0,0,0,0,57,0,0,0,0.0,0.0,1424261813,1424261813,0.008,0.0,0.0,0.0,0.0,0,2,,,2,28,28,16,16,16,16,28,1
17,991,13,4,1,1,1.080396,1580,10168,31,29,3,5,3,10729.39844,71114.66406,12,18,255,255,1634415919,3780861355,132,565,1,3924,9592.693584,7725.027043,1424237922,1424237923,98.155548,63.52212,0.000665,0.000516,0.000149,0,0,1.0,,2,1,3,5,1,1,1,2,0
0,992,19,0,0,0,0.000987,146,178,31,29,0,0,0,591692.0,721377.9375,2,2,0,0,0,0,73,89,0,0,0.0,0.0,1424258880,1424258880,0.009,0.008,0.0,0.0,0.0,0,0,,,2,2,3,1,4,2,1,2,0
9,993,24,10,0,2,1e-05,168,0,254,0,0,0,2,67200000.0,0.0,2,0,0,0,0,0,84,0,0,0,0.0,0.0,1424237767,1424237767,0.01,0.0,0.0,0.0,0.0,0,2,,,2,1,1,1,1,1,1,1,1
9,994,14,4,1,1,0.433097,1124,268,254,252,2,1,3,18693.27148,4137.641113,10,6,255,255,2697141336,356654541,112,45,0,0,1822.372054,94.974586,1421928615,1421928616,35.890778,76.507602,0.095548,0.050555,0.044993,0,1,0.0,0.0,0,1,1,1,1,1,1,1,1
10,967,1,376,1,1,0.223304,8928,320,31,29,4,1,5,297030.0625,9565.435547,14,6,255,255,2380146190,2660326614,638,53,0,0,1586.42432,67.892031,1424251675,1424251675,17.177231,44.534199,0.000619,0.000506,0.000113,0,0,,,2,3,3,10,3,1,1,4,0
6,995,16,10,1,1,0.630076,564,354,254,252,2,1,2,6450.015625,3936.033203,10,8,255,255,3773783048,2363251,56,44,0,0,5460.281458,136.203109,1424226991,1424226991,70.008444,86.193141,0.090332,0.021498,0.068834,0,1,,,2,1,1,1,1,1,1,1,1
1,996,4,8,1,1,0.036669,37262,3380,31,29,18,8,4,7973165.0,719954.1875,52,42,255,255,1516649831,3663125393,717,80,0,0,42.54579,1.906332,1421942349,1421942349,0.711157,0.876707,0.00088,0.000721,0.000159,0,0,0.0,0.0,0,1,1,7,2,1,1,2,0
15,2,5,0,0,2,2e-06,264,0,60,0,0,0,0,528000000.0,0.0,2,0,0,0,0,0,132,0,0,0,0.0,0.0,1424252547,1424252547,0.002,0.0,0.0,0.0,0.0,0,0,,,2,42,42,23,23,23,23,42,0
8,663,20,4,1,1,1.005529,1684,10168,31,29,3,5,3,12443.20117,76409.53125,14,18,255,255,3115278849,966806903,120,565,1,3924,8766.117167,7674.752801,1424230541,1424230542,77.321228,59.116941,0.000719,0.000538,0.000181,0,0,1.0,,2,1,1,4,1,1,1,2,0
14,997,4,0,0,0,0.001051,146,178,31,29,0,0,0,555661.3125,677450.0625,2,2,0,0,0,0,73,89,0,0,0.0,0.0,1421946721,1421946721,0.01,0.009,0.0,0.0,0.0,0,0,0.0,0.0,0,3,4,2,4,1,1,1,0
1,998,1,30,1,1,0.01601,5928,8010,31,29,14,17,6,2914678.5,3933541.75,62,58,255,255,2321401588,176329483,96,138,0,0,18.730957,16.174369,1424257423,1424257423,0.280877,0.272696,0.000726,0.000612,0.000114,0,0,,,2,1,2,4,5,1,1,3,0
2,2,2,0,0,2,8e-06,114,0,254,0,0,0,0,57000000.0,0.0,2,0,0,0,0,0,57,0,0,0,0.0,0.0,1424253878,1424253878,0.008,0.0,0.0,0.0,0.0,0,2,,,2,16,16,16,16,16,16,16,1
2,5,3,0,0,2,9e-06,114,0,254,0,0,0,0,50666664.0,0.0,2,0,0,0,0,0,57,0,0,0,0.0,0.0,1424239452,1424239452,0.009,0.0,0.0,0.0,0.0,0,2,,,2,42,42,18,19,18,18,42,1
2,2,3,0,0,2,9e-06,114,0,254,0,0,0,0,50666664.0,0.0,2,0,0,0,0,0,57,0,0,0,0.0,0.0,1424238632,1424238632,0.009,0.0,0.0,0.0,0.0,0,2,,,2,53,53,41,41,41,22,53,1
11,999,13,0,0,0,0.001038,146,178,31,29,0,0,0,562620.4375,685934.5,2,2,0,0,0,0,73,89,0,0,0.0,0.0,1424261462,1424261462,0.009,0.007,0.0,0.0,0.0,0,0,,,2,2,3,2,2,2,1,1,0
9,1000,14,8,1,1,6.394045,127644,2308,62,252,54,8,4,158327.3281,2797.603027,116,32,255,255,1706557390,4117123594,1100,72,0,0,7616.240422,430.779656,1424249382,1424249388,56.088113,200.397906,0.27728,0.181415,0.095865,0,1,,,2,2,1,1,1,1,1,2,1
2,8,6,6,4,2,1e-06,200,0,254,0,0,0,2,800000000.0,0.0,2,0,0,0,0,0,100,0,0,0,0.0,0.0,1424237329,1424237329,0.001,0.0,0.0,0.0,0.0,0,2,,,2,4,4,2,3,2,2,4,1
0,1001,18,7,1,1,1.487006,13246,548216,31,29,21,197,2,70956.00781,2942637.75,230,438,255,255,1589269521,3745014798,58,1252,0,0,1855.122701,1342.861462,1424231870,1424231871,6.492118,3.401707,0.000611,0.000456,0.000155,0,0,,,2,2,8,2,2,1,1,2,0
6,5,9,0,0,2,1e-05,114,0,254,0,0,0,0,45600000.0,0.0,2,0,0,0,0,0,57,0,0,0,0.0,0.0,1424224781,1424224781,0.01,0.0,0.0,0.0,0.0,0,2,,,2,21,21,10,10,9,9,22,1
6,5,9,0,0,2,9e-06,114,0,254,0,0,0,0,50666664.0,0.0,2,0,0,0,0,0,57,0,0,0,0.0,0.0,1424223270,1424223270,0.009,0.0,0.0,0.0,0.0,0,2,,,2,23,23,17,21,17,9,23,1
12,1002,1,0,0,0,0.000979,146,178,31,29,0,0,0,596527.0625,727272.75,2,2,0,0,0,0,73,89,0,0,0.0,0.0,1424247048,1424247048,0.008,0.005,0.0,0.0,0.0,0,0,,,2,3,3,2,2,2,1,2,0
2,2,2,0,0,2,4e-06,114,0,254,0,0,0,0,114000000.0,0.0,2,0,0,0,0,0,57,0,0,0,0.0,0.0,1424252035,1424252035,0.004,0.0,0.0,0.0,0.0,0,2,,,2,31,31,4,4,4,4,31,1
2,2,2,0,0,2,6e-06,114,0,254,0,0,0,0,76000000.0,0.0,2,0,0,0,0,0,57,0,0,0,0.0,0.0,1424253677,1424253677,0.006,0.0,0.0,0.0,0.0,0,2,,,2,32,32,14,14,14,14,32,1
6,8,15,6,3,2,4e-06,200,0,254,0,0,0,2,200000000.0,0.0,2,0,0,0,0,0,100,0,0,0,0.0,0.0,1424251681,1424251681,0.004,0.0,0.0,0.0,0.0,0,2,,,2,3,3,1,1,1,1,3,1
6,8,17,6,3,2,3e-06,200,0,254,0,0,0,2,266666656.0,0.0,2,0,0,0,0,0,100,0,0,0,0.0,0.0,1424223296,1424223296,0.003,0.0,0.0,0.0,0.0,0,2,,,2,7,7,3,3,3,3,7,1
15,5,5,0,0,2,5e-06,264,0,60,0,0,0,0,211200000.0,0.0,2,0,0,0,0,0,132,0,0,0,0.0,0.0,1424253962,1424253962,0.005,0.0,0.0,0.0,0.0,0,0,,,2,34,34,11,11,11,11,34,0
3,8,11,6,50,2,9e-06,200,0,254,0,0,0,2,88888888.0,0.0,2,0,0,0,0,0,100,0,0,0,0.0,0.0,1424230238,1424230238,0.009,0.0,0.0,0.0,0.0,0,2,,,2,4,4,1,1,1,1,4,1
2,5,2,0,0,2,9e-06,114,0,254,0,0,0,0,50666664.0,0.0,2,0,0,0,0,0,57,0,0,0,0.0,0.0,1424251825,1424251825,0.009,0.0,0.0,0.0,0.0,0,2,,,2,34,34,34,34,34,18,34,1
3,1003,11,4,1,1,0.294804,1192,1822,62,252,2,2,3,29117.65039,43282.99219,10,8,255,255,1986563474,231893011,119,228,1,363,1639.80482,56.088406,1424246082,1424246082,32.756,35.521145,0.072711,0.01904,0.053671,0,1,1.0,,2,1,1,1,1,1,1,1,1
2,8,6,6,51,2,9e-06,200,0,254,0,0,0,2,88888888.0,0.0,2,0,0,0,0,0,100,0,0,0,0.0,0.0,1424237330,1424237330,0.009,0.0,0.0,0.0,0.0,0,2,,,2,4,4,2,2,2,2,4,1
2,1004,17,4,1,1,0.546855,1244,1236,62,252,2,2,3,16384.59961,15828.69434,10,8,255,255,3216429846,778554629,124,155,1,216,3613.78647,98.844992,1424223926,1424223927,60.754222,68.591141,0.134545,0.066708,0.067837,0,1,1.0,,2,2,2,2,2,2,1,2,1
12,1005,4,377,1,1,0.016643,2230,15236,31,29,7,11,2,1040677.688,7120350.5,34,36,255,255,1288318046,3438193236,66,423,0,0,32.880867,29.538995,1421953659,1421953659,0.493939,0.458,0.000786,0.000612,0.000174,0,0,0.0,0.0,0,5,11,7,3,1,1,1,0
6,5,6,0,0,2,6e-06,114,0,254,0,0,0,0,76000000.0,0.0,2,0,0,0,0,0,57,0,0,0,0.0,0.0,1424259225,1424259225,0.006,0.0,0.0,0.0,0.0,0,2,,,2,36,36,29,32,29,12,36,1
2,8,6,6,52,2,6e-06,200,0,254,0,0,0,2,133333328.0,0.0,2,0,0,0,0,0,100,0,0,0,0.0,0.0,1424237332,1424237332,0.006,0.0,0.0,0.0,0.0,0,2,,,2,4,4,2,2,2,2,4,1
8,1006,8,4,1,1,1.086095,1684,10168,31,29,3,5,2,11520.1709,70741.50781,14,18,255,255,2742809089,2739604719,120,565,2,192,8792.709688,7700.722378,1421945429,1421945431,83.517921,63.857765,0.000642,0.000509,0.000133,0,0,6.0,0.0,0,29,11,7,12,7,3,3,0
12,1007,8,4,1,1,0.023402,1044,824,31,29,2,2,3,312451.9375,253653.5313,8,10,255,255,944040222,3096315976,131,82,1,83,264.275696,6.154837,1424261916,1424261916,3.297286,2.541,0.000639,0.000524,0.000115,0,0,1.0,,2,3,2,1,3,1,1,3,0
11,1008,1,378,1,1,0.045307,3390,41228,31,29,7,22,2,587988.625,7154391.5,56,58,255,255,3228321561,1078985063,61,711,0,0,55.973752,52.24151,1421953204,1421953204,0.817891,0.785912,0.000628,0.000507,0.000121,0,0,0.0,0.0,0,9,8,2,2,1,1,1,0
6,8,6,6,53,2,9e-06,104,0,254,0,0,0,2,46222220.0,0.0,2,0,0,0,0,0,52,0,0,0,0.0,0.0,1424242365,1424242365,0.009,0.0,0.0,0.0,0.0,0,2,,,2,1,1,1,4,1,1,1,1
1,1009,19,379,1,1,0.094931,2854,29182,31,29,7,17,2,235286.6875,2408064.75,46,48,255,255,534671121,648926382,62,608,0,0,123.712139,122.282757,1424246185,1424246185,2.102378,2.009255,0.00061,0.000493,0.000117,0,0,,,2,2,4,3,3,1,1,1,0
12,1010,0,380,1,1,0.244475,8928,320,31,29,4,1,5,271307.9063,8737.089844,14,6,255,255,1373775012,3829311543,638,53,0,0,1742.557181,74.932031,1421970722,1421970722,18.80577,48.769602,0.000628,0.000494,0.000134,0,0,0.0,0.0,0,3,3,7,6,1,1,4,0
9,1011,14,18,1,1,4.322333,1934,195901,62,252,6,79,2,3490.70752,360373.9063,40,164,255,255,4112716477,4237775745,48,1195,0,0,6772.231415,2952.489975,1424239730,1424239734,110.829049,25.753673,0.277899,0.149498,0.128401,0,1,,,2,2,3,2,1,1,1,1,1
3,1012,14,4,1,1,0.783925,68199,612,254,252,27,1,2,684381.8125,5806.677734,60,14,255,255,800094665,3963264138,1137,44,1,0,1332.361783,76.42132,1424260204,1424260204,13.065915,55.092383,0.09304,0.067716,0.025324,0,1,1.0,,2,2,2,1,1,1,1,3,1
12,1013,1,4,1,1,0.003937,1038,820,31,29,2,2,3,1847091.75,1499619.0,8,10,255,255,1494596518,3641037712,130,82,1,81,32.015518,0.676376,1421963241,1421963241,0.51,0.378111,0.000679,0.000527,0.000152,0,0,1.0,0.0,0,2,2,2,8,1,1,1,0
5,5,5,0,0,2,7e-06,264,0,60,0,0,0,0,150857136.0,0.0,2,0,0,0,0,0,132,0,0,0,0.0,0.0,1424239411,1424239411,0.007,0.0,0.0,0.0,0.0,0,0,,,2,20,20,12,12,12,8,20,0
0,1014,0,0,0,0,0.001062,146,178,31,29,0,0,2,549905.8125,670433.125,2,2,0,0,0,0,73,89,0,0,0.0,0.0,1421945344,1421945344,0.011,0.013,0.0,0.0,0.0,0,0,0.0,0.0,0,8,13,16,10,2,2,2,0
6,5,6,0,0,2,4e-06,114,0,254,0,0,0,0,114000000.0,0.0,2,0,0,0,0,0,57,0,0,0,0.0,0.0,1424259052,1424259052,0.004,0.0,0.0,0.0,0.0,0,2,,,2,30,30,30,31,30,18,30,1
3,2,14,0,0,2,9e-06,114,0,254,0,0,0,0,50666664.0,0.0,2,0,0,0,0,0,57,0,0,0,0.0,0.0,1424246858,1424246858,0.009,0.0,0.0,0.0,0.0,0,2,,,2,29,29,13,14,12,12,37,1
13,1015,13,0,0,0,0.001092,146,178,31,29,0,0,0,534798.5,652014.625,2,2,0,0,0,0,73,89,0,0,0.0,0.0,1421941861,1421941861,0.011,0.008,0.0,0.0,0.0,0,0,0.0,0.0,0,2,2,2,1,1,1,1,0
6,1016,2,26,1,1,1.70048,4194,354,254,252,3,1,2,18089.00977,1458.411743,12,8,255,255,2868499719,928783937,350,44,0,0,11319.38548,323.695281,1424249705,1424249707,150.015545,232.727578,0.165141,0.071379,0.093762,0,1,,,2,10,6,1,1,1,1,8,1
2,8,6,6,53,2,1e-06,200,0,254,0,0,0,2,800000000.0,0.0,2,0,0,0,0,0,100,0,0,0,0.0,0.0,1424237286,1424237286,0.001,0.0,0.0,0.0,0.0,0,2,,,2,5,5,1,4,1,1,5,1
2,5,3,0,0,2,9e-06,114,0,254,0,0,0,0,50666664.0,0.0,2,0,0,0,0,0,57,0,0,0,0.0,0.0,1424238572,1424238572,0.009,0.0,0.0,0.0,0.0,0,2,,,2,35,35,20,20,20,20,35,1
12,1017,10,0,0,0,0.001119,146,178,31,29,0,0,0,521894.5313,636282.375,2,2,0,0,0,0,73,89,0,0,0.0,0.0,1421928084,1421928084,0.01,0.01,0.0,0.0,0.0,0,0,0.0,0.0,0,1,4,3,5,1,1,1,0
6,2,6,0,0,2,8e-06,114,0,254,0,0,0,0,57000000.0,0.0,2,0,0,0,0,0,57,0,0,0,0.0,0.0,1424261926,1424261926,0.008,0.0,0.0,0.0,0.0,0,2,,,2,6,6,6,6,6,6,6,1
2,5,3,0,0,2,9e-06,114,0,254,0,0,0,0,50666664.0,0.0,2,0,0,0,0,0,57,0,0,0,0.0,0.0,1424239364,1424239364,0.009,0.0,0.0,0.0,0.0,0,2,,,2,32,32,8,8,8,8,32,1
12,1018,10,0,0,0,0.001106,146,178,31,29,0,0,0,528028.9375,643761.25,2,2,0,0,0,0,73,89,0,0,0.0,0.0,1424226287,1424226287,0.009,0.007,0.0,0.0,0.0,0,0,,,2,3,1,3,3,1,1,1,0
17,1019,4,4,1,1,1.058748,1580,10168,31,29,3,5,3,10948.78125,72568.73438,12,18,255,255,44744694,45799028,132,565,1,3924,9544.996783,7686.232246,1421968743,1421968744,96.217818,62.24706,0.000684,0.000537,0.000147,0,0,1.0,0.0,0,2,2,5,1,1,1,1,0
8,1020,20,0,0,0,0.001078,146,178,31,29,0,0,0,541744.0,660482.4375,2,2,0,0,0,0,73,89,0,0,0.0,0.0,1424259839,1424259839,0.009,0.002,0.0,0.0,0.0,0,0,,,2,3,1,1,3,2,1,3,0
1,1021,0,9,1,1,0.006029,2158,1918,31,29,6,5,2,2745397.25,2418975.0,24,20,255,255,709905899,710187080,90,96,0,0,16.957924,18.067005,1421968780,1421968780,0.26213,0.282053,0.000642,0.000517,0.000125,0,0,0.0,0.0,0,3,8,2,2,1,1,1,0
8,1022,12,0,0,0,0.001078,146,178,31,29,0,0,2,541744.0,660482.4375,2,2,0,0,0,0,73,89,0,0,0.0,0.0,1421932420,1421932420,0.004,0.008,0.0,0.0,0.0,0,0,0.0,0.0,0,6,13,9,2,1,1,1,0
2,5,2,0,0,2,7e-06,114,0,254,0,0,0,0,65142856.0,0.0,2,0,0,0,0,0,57,0,0,0,0.0,0.0,1424254805,1424254805,0.007,0.0,0.0,0.0,0.0,0,2,,,2,23,23,18,18,18,18,23,1
2,5,3,0,0,2,3e-06,114,0,254,0,0,0,0,152000000.0,0.0,2,0,0,0,0,0,57,0,0,0,0.0,0.0,1424237821,1424237821,0.003,0.0,0.0,0.0,0.0,0,2,,,2,44,44,20,20,20,20,44,1
8,1023,0,7,1,1,0.018504,1540,1644,31,29,4,4,2,624297.5,671422.4375,16,18,255,255,3033628936,893515629,96,91,0,0,73.953193,2.111421,1424254625,1424254625,1.2128,1.061529,0.000569,0.000455,0.000114,0,0,,,2,14,6,7,13,6,1,10,0
10,1024,12,381,1,1,0.028868,4238,59594,31,29,7,30,2,1158376.125,16291812.0,72,74,255,255,479912397,2629781159,59,805,0,0,21.454157,21.007904,1424230916,1424230916,0.413681,0.387918,0.000663,0.000541,0.000122,0,0,,,2,4,2,3,4,1,1,1,0
15,2,5,0,0,2,7e-06,264,0,60,0,0,0,0,150857136.0,0.0,2,0,0,0,0,0,132,0,0,0,0.0,0.0,1424255053,1424255053,0.007,0.0,0.0,0.0,0.0,0,0,,,2,42,42,42,42,42,23,42,0
2,8,6,6,54,2,9e-06,200,0,254,0,0,0,2,88888888.0,0.0,2,0,0,0,0,0,100,0,0,0,0.0,0.0,1424237346,1424237346,0.009,0.0,0.0,0.0,0.0,0,2,,,2,4,4,1,21,1,1,4,1
3,5,14,0,0,2,3e-06,114,0,254,0,0,0,0,152000000.0,0.0,2,0,0,0,0,0,57,0,0,0,0.0,0.0,1424247395,1424247395,0.003,0.0,0.0,0.0,0.0,0,2,,,2,18,18,17,18,17,17,18,1
8,1025,8,0,0,0,0.001056,146,178,31,29,0,0,0,553030.3125,674242.4375,2,2,0,0,0,0,73,89,0,0,0.0,0.0,1421951766,1421951766,0.011,0.009,0.0,0.0,0.0,0,0,0.0,0.0,0,2,5,2,5,2,1,1,0
12,1026,1,7,1,1,3.494916,13558,548216,31,29,21,197,2,30904.32031,1252024.375,236,438,255,255,3175890711,1044591029,57,1252,0,0,1008.941675,738.551989,1421970005,1421970008,14.870604,7.996252,0.000726,0.00055,0.000176,0,0,0.0,0.0,0,6,6,2,2,1,1,1,0
2,2,3,0,0,2,9e-06,114,0,254,0,0,0,0,50666664.0,0.0,2,0,0,0,0,0,57,0,0,0,0.0,0.0,1424239100,1424239100,0.009,0.0,0.0,0.0,0.0,0,2,,,2,44,44,44,44,44,24,44,1
3,2,3,0,0,2,9e-06,114,0,254,0,0,0,0,50666664.0,0.0,2,0,0,0,0,0,57,0,0,0,0.0,0.0,1424230778,1424230778,0.009,0.0,0.0,0.0,0.0,0,2,,,2,39,39,25,25,25,25,39,1
3,1027,6,4,1,1,0.298165,802,268,254,252,2,1,3,19371.82422,6010.095215,10,6,255,255,3818334087,1021144454,80,45,1,0,1652.095681,72.276188,1424257612,1424257612,29.851,51.530199,0.12829,0.040496,0.087794,0,1,1.0,,2,1,2,1,1,1,1,1,1
9,1028,2,4,1,1,0.335233,830,1414,62,252,2,2,3,17826.40625,29543.63086,10,8,255,255,2851413386,2673282436,83,177,1,284,1835.463503,62.922523,1421929597,1421929598,37.248111,45.233285,0.073751,0.01785,0.055901,0,1,1.0,0.0,0,1,1,1,1,1,1,1,1
6,1029,6,26,1,1,0.435658,546,268,254,252,2,1,2,9034.609375,4113.318359,10,6,255,255,841815409,3895230722,55,45,0,0,2470.581638,127.132992,1424243221,1424243222,46.446556,73.721,0.121276,0.067046,0.05423,0,1,,,2,8,8,2,2,2,1,8,1
0,1030,19,382,1,1,0.00492,4104,2456,31,29,7,7,2,6302439.0,3772357.5,18,18,255,255,4194333173,4202052356,228,136,0,0,13.330063,0.337807,1421945042,1421945042,0.268882,0.260118,0.000622,0.000491,0.000131,0,0,0.0,0.0,0,6,15,13,6,1,1,4,0
8,1031,10,30,1,1,0.505717,3728,5578,31,29,7,7,6,57138.67969,84853.78906,32,26,255,255,4097629110,4093727132,117,215,0,0,1407.685819,45.080203,1424249662,1424249663,16.313451,20.201721,0.000676,0.000551,0.000125,0,0,,,2,1,1,1,1,1,1,1,0
2,5,3,0,0,2,9e-06,114,0,254,0,0,0,0,50666664.0,0.0,2,0,0,0,0,0,57,0,0,0,0.0,0.0,1424239338,1424239338,0.009,0.0,0.0,0.0,0.0,0,2,,,2,29,29,5,5,5,5,29,1
6,8,17,6,3,2,8e-06,200,0,254,0,0,0,2,100000000.0,0.0,2,0,0,0,0,0,100,0,0,0,0.0,0.0,1424223258,1424223258,0.008,0.0,0.0,0.0,0.0,0,2,,,2,5,5,3,3,3,3,5,1
24,1032,28,0,0,2,4.999927,320,0,63,0,0,0,0,384.005615,0.0,4,0,0,0,0,0,80,0,0,0,2356.97825,0.0,1424256136,1424256141,1666.642375,0.0,0.0,0.0,0.0,0,0,,,2,1,1,1,1,1,1,1,0
2,8,15,6,21,2,8e-06,200,0,254,0,0,0,2,100000000.0,0.0,2,0,0,0,0,0,100,0,0,0,0.0,0.0,1424244388,1424244388,0.008,0.0,0.0,0.0,0.0,0,2,,,2,12,12,5,5,4,4,16,1
14,1033,8,4,1,1,1.004763,1580,10168,31,29,3,5,3,11537.04883,76467.78125,12,18,255,255,1741885371,3888267049,132,565,1,3924,9530.280496,7675.332605,1421953893,1421953894,91.311912,59.072351,0.000661,0.000529,0.000132,0,0,1.0,0.0,0,4,2,5,6,1,1,2,0
0,1034,4,383,1,1,0.019749,2542,23266,31,29,7,14,2,1004202.688,9200668.0,40,42,255,255,514392745,514689954,64,554,0,0,32.265932,30.93715,1421962101,1421962101,0.496256,0.4784,0.000764,0.000612,0.000152,0,0,0.0,0.0,0,13,4,2,4,1,1,1,0
2,5,3,0,0,2,5e-06,114,0,254,0,0,0,0,91200000.0,0.0,2,0,0,0,0,0,57,0,0,0,0.0,0.0,1424239315,1424239315,0.005,0.0,0.0,0.0,0.0,0,2,,,2,32,32,20,21,20,20,32,1
9,1035,24,4,1,1,0.819256,984,34374,62,252,2,14,3,8925.170898,325173.0938,14,32,255,255,2297749916,3770714413,70,1074,1,16293,2993.994403,2131.881408,1424245244,1424245245,60.566464,24.341097,0.098237,0.064678,0.033559,0,1,1.0,,2,1,1,1,2,1,1,1,1
2,2,3,0,0,2,8e-06,114,0,254,0,0,0,0,57000000.0,0.0,2,0,0,0,0,0,57,0,0,0,0.0,0.0,1424238996,1424238996,0.008,0.0,0.0,0.0,0.0,0,2,,,2,30,30,20,20,20,12,30,1
10,1036,0,0,0,0,0.001114,130,162,31,29,0,0,0,466786.375,581687.625,2,2,0,0,0,0,65,81,0,0,0.0,0.0,1421948384,1421948384,0.011,0.008,0.0,0.0,0.0,0,0,0.0,0.0,0,2,2,5,4,2,1,1,0
0,1037,0,4,1,1,1.176974,1580,10168,31,29,3,5,3,9848.985352,65279.26563,12,18,255,255,2933010407,2938208478,132,565,1,3924,10472.27115,8691.141119,1424249020,1424249021,106.966365,73.528188,0.000634,0.000519,0.000115,0,0,1.0,,2,3,1,1,2,2,1,5,0
14,1038,0,384,1,1,0.377157,4824,3080,31,29,7,7,2,98675.08594,63167.32813,28,30,255,255,1723747052,3877896805,172,103,0,0,796.188125,20.325312,1424242700,1424242701,13.955556,12.987241,0.000648,0.000524,0.000124,0,0,,,2,10,7,3,4,1,1,3,0
11,1039,1,4,1,1,0.003986,1056,824,31,29,2,2,3,1854490.625,1489212.25,8,10,255,255,3096072574,3097089100,132,82,1,83,33.089273,0.700041,1424246407,1424246407,0.520286,0.381556,0.000683,0.000547,0.000136,0,0,1.0,,2,1,1,2,2,1,1,3,0
14,1040,10,385,0,2,8e-06,232,0,31,0,0,0,2,116000000.0,0.0,2,0,0,0,0,0,116,0,0,0,0.0,0.0,1421939736,1421939736,0.008,0.0,0.0,0.0,0.0,0,0,0.0,0.0,0,10,14,11,6,1,1,5,0
2,5,3,0,0,2,9e-06,114,0,254,0,0,0,0,50666664.0,0.0,2,0,0,0,0,0,57,0,0,0,0.0,0.0,1424240153,1424240153,0.009,0.0,0.0,0.0,0.0,0,2,,,2,12,12,5,5,5,5,12,1
6,2,6,0,0,2,7e-06,114,0,254,0,0,0,0,65142856.0,0.0,2,0,0,0,0,0,57,0,0,0,0.0,0.0,1424258985,1424258985,0.007,0.0,0.0,0.0,0.0,0,2,,,2,17,17,17,18,17,17,17,1
9,360,16,4,1,1,0.260137,838,1236,62,252,2,2,3,23218.53516,33274.77734,10,8,255,255,928957907,631200044,84,155,1,194,1381.167665,44.366238,1424250263,1424250263,28.828667,32.689,0.077445,0.03131,0.046135,0,1,1.0,,2,3,2,2,3,3,1,2,1
3,1041,14,386,1,1,0.845471,364,968,62,252,1,2,5,3018.435791,8014.467285,8,8,255,255,1041656675,1978047477,46,121,0,0,9172.435863,263.149406,1424235988,1424235989,120.781567,111.369141,0.069555,0.061979,0.007576,0,1,,,2,1,1,2,3,1,1,2,1
1,1042,4,8,1,1,0.155062,37574,3380,31,29,18,8,4,1901278.125,170254.4688,52,42,255,255,2725933534,2723251770,723,80,0,0,341.465504,11.788157,1421941736,1421941736,3.033294,3.767146,0.00074,0.0006,0.00014,0,0,0.0,0.0,0,2,1,2,4,1,1,1,0
2,2,3,0,0,2,8e-06,114,0,254,0,0,0,0,57000000.0,0.0,2,0,0,0,0,0,57,0,0,0,0.0,0.0,1424237822,1424237822,0.008,0.0,0.0,0.0,0.0,0,2,,,2,44,44,24,24,24,24,44,1
14,1043,18,7,1,1,7.5528,27618,1264236,31,29,43,449,2,29193.94141,1337733.25,492,986,255,255,74793265,79419333,56,1282,0,0,5972.283082,4215.960273,1424241831,1424241839,15.381845,7.667322,0.000614,0.000485,0.000129,0,0,,,2,8,12,8,5,2,1,5,0
7,5,7,0,0,2,1e-05,264,0,60,0,0,0,0,105600000.0,0.0,2,0,0,0,0,0,132,0,0,0,0.0,0.0,1424245870,1424245870,0.01,0.0,0.0,0.0,0.0,0,0,,,2,43,43,30,30,30,15,43,0
2,2,3,0,0,2,6e-06,114,0,254,0,0,0,0,76000000.0,0.0,2,0,0,0,0,0,57,0,0,0,0.0,0.0,1424240285,1424240285,0.006,0.0,0.0,0.0,0.0,0,2,,,2,30,30,24,24,24,24,30,1
8,1044,18,387,1,1,0.477104,4832,3080,31,29,7,7,2,78138.10156,49934.60547,28,30,255,255,2461537122,315563182,173,103,0,0,1096.416221,29.036648,1424225343,1424225343,17.659111,16.399861,0.001619,0.001503,0.000116,0,0,,,2,5,4,5,3,1,1,3,0
3,2,3,0,0,2,5e-06,114,0,254,0,0,0,0,91200000.0,0.0,2,0,0,0,0,0,57,0,0,0,0.0,0.0,1424233365,1424233365,0.005,0.0,0.0,0.0,0.0,0,2,,,2,25,25,25,25,25,25,25,1
2,8,6,6,20,2,9e-06,200,0,254,0,0,0,2,88888888.0,0.0,2,0,0,0,0,0,100,0,0,0,0.0,0.0,1424237323,1424237323,0.009,0.0,0.0,0.0,0.0,0,2,,,2,3,3,1,10,1,1,3,1
6,2,6,0,0,2,8e-06,114,0,254,0,0,0,0,57000000.0,0.0,2,0,0,0,0,0,57,0,0,0,0.0,0.0,1424261901,1424261901,0.008,0.0,0.0,0.0,0.0,0,2,,,2,17,17,17,17,17,17,17,1
10,1045,19,388,1,1,0.035835,4222,63010,31,29,7,30,2,929593.9375,13876712.0,72,74,255,255,2232725722,2233010493,59,851,0,0,27.338748,27.871355,1424223785,1424223785,0.500437,0.490278,0.000648,0.000526,0.000122,0,0,,,2,10,3,3,6,1,1,1,0
0,1046,1,4,1,1,5.690565,16654,1017390,31,29,2,343,2,23338.2793,1428237.75,311,699,255,255,2458876391,2491115492,54,1455,0,0,1059.986575,677.278252,1421945486,1421945492,18.355623,8.151916,0.000719,0.000524,0.000195,0,0,0.0,0.0,0,9,14,10,8,7,7,7,0
3,5,3,0,0,2,9e-06,114,0,254,0,0,0,0,50666664.0,0.0,2,0,0,0,0,0,57,0,0,0,0.0,0.0,1424233376,1424233376,0.009,0.0,0.0,0.0,0.0,0,2,,,2,30,30,18,20,18,18,30,1
12,1047,19,0,0,0,0.000951,130,162,31,29,0,0,0,546792.8125,681388.0,2,2,0,0,0,0,65,81,0,0,0.0,0.0,1424223393,1424223393,0.003,0.004,0.0,0.0,0.0,0,0,,,2,2,4,1,1,1,1,1,0
2,2,2,0,0,2,1e-06,114,0,254,0,0,0,0,456000000.0,0.0,2,0,0,0,0,0,57,0,0,0,0.0,0.0,1424253263,1424253263,0.001,0.0,0.0,0.0,0.0,0,2,,,2,28,28,12,12,12,7,28,1
1,1048,20,0,0,0,0.001073,130,162,31,29,0,0,0,484622.5313,603914.25,2,2,0,0,0,0,65,81,0,0,0.0,0.0,1421966932,1421966932,0.011,0.018,0.0,0.0,0.0,0,0,0.0,0.0,0,2,2,4,2,1,1,2,0
3,2,3,0,0,2,9e-06,114,0,254,0,0,0,0,50666664.0,0.0,2,0,0,0,0,0,57,0,0,0,0.0,0.0,1424231624,1424231624,0.009,0.0,0.0,0.0,0.0,0,2,,,2,25,25,27,26,25,25,28,1
2,8,9,6,4,2,1e-05,200,0,254,0,0,0,2,80000000.0,0.0,2,0,0,0,0,0,100,0,0,0,0.0,0.0,1421930694,1421930694,0.01,0.0,0.0,0.0,0.0,0,2,0.0,0.0,0,12,12,2,2,2,2,2,1
0,1049,8,389,1,1,0.013908,2766,25742,31,29,7,16,2,1555363.875,14485476.0,44,46,255,255,3145824610,3146127007,63,560,0,0,18.146495,16.99736,1424241429,1424241429,0.323929,0.296356,0.00069,0.000563,0.000127,0,0,,,2,2,6,4,3,1,1,3,0
11,1050,18,390,1,1,0.181335,2854,27174,31,29,7,16,2,123175.3359,1172812.75,46,46,255,255,2677141445,2809207470,62,591,0,0,253.299236,6.887836,1424224205,1424224205,4.022534,4.017933,0.00065,0.000524,0.000126,0,0,,,2,2,3,3,5,1,1,1,0
13,1051,4,391,1,1,0.007051,4248,2456,31,29,7,7,2,4551978.5,2632250.75,18,18,255,255,2625834053,2633288614,236,136,0,0,22.417346,0.785384,1421961783,1421961783,0.395353,0.386176,0.00062,0.000479,0.000141,0,0,0.0,0.0,0,6,5,4,10,1,1,3,0
13,1052,8,392,1,1,0.186766,5174,91072,31,29,7,39,2,219183.3594,3858646.75,90,92,255,255,811540628,3014309845,57,990,0,0,106.89348,105.579501,1424247688,1424247688,2.094899,2.045121,0.000783,0.000657,0.000126,0,0,,,2,6,6,1,3,1,1,3,0
8,1053,4,4,1,1,1.006776,1580,10168,31,29,3,5,3,11513.98145,76314.89063,12,18,255,255,3950598636,3947453782,132,565,1,3924,9525.079483,7675.968848,1421958628,1421958629,91.492276,59.191703,0.000654,0.000514,0.00014,0,0,1.0,0.0,0,2,1,1,3,1,1,1,0
15,2,5,0,0,2,4e-06,264,0,60,0,0,0,0,264000000.0,0.0,2,0,0,0,0,0,132,0,0,0,0.0,0.0,1424253162,1424253162,0.004,0.0,0.0,0.0,0.0,0,0,,,2,34,34,21,21,21,21,34,0
6,5,6,0,0,2,8e-06,114,0,254,0,0,0,0,57000000.0,0.0,2,0,0,0,0,0,57,0,0,0,0.0,0.0,1424258899,1424258899,0.008,0.0,0.0,0.0,0.0,0,2,,,2,16,16,16,17,16,16,16,1
2,2,2,0,0,2,4e-06,114,0,254,0,0,0,0,114000000.0,0.0,2,0,0,0,0,0,57,0,0,0,0.0,0.0,1424252661,1424252661,0.004,0.0,0.0,0.0,0.0,0,2,,,2,16,16,16,18,16,16,16,1
14,1054,1,0,0,0,0.001031,130,162,31,29,0,0,0,504364.6563,628516.0,2,2,0,0,0,0,65,81,0,0,0.0,0.0,1421965579,1421965579,0.011,0.006,0.0,0.0,0.0,0,0,0.0,0.0,0,1,2,2,4,1,1,1,0
2,5,2,0,0,2,8e-06,114,0,254,0,0,0,0,57000000.0,0.0,2,0,0,0,0,0,57,0,0,0,0.0,0.0,1424254889,1424254889,0.008,0.0,0.0,0.0,0.0,0,2,,,2,18,18,18,18,18,18,18,1
1,1055,13,393,1,1,0.016908,2958,32586,31,29,7,18,2,1370712.125,15110008.0,48,50,255,255,2845538733,2850091510,62,652,0,0,20.329958,19.489099,1421944757,1421944757,0.352915,0.331531,0.000811,0.000652,0.000159,0,0,0.0,0.0,0,5,8,3,3,1,1,1,0
1,1056,12,0,0,0,0.001165,146,178,31,29,0,0,0,501287.5313,611158.8125,2,2,0,0,0,0,73,89,0,0,0.0,0.0,1421970633,1421970633,0.011,0.009,0.0,0.0,0.0,0,0,0.0,0.0,0,1,1,2,1,1,1,1,0
6,2,6,0,0,2,2e-06,114,0,254,0,0,0,0,228000000.0,0.0,2,0,0,0,0,0,57,0,0,0,0.0,0.0,1424260591,1424260591,0.002,0.0,0.0,0.0,0.0,0,2,,,2,24,24,14,14,14,14,24,1
3,2,3,0,0,2,9e-06,114,0,254,0,0,0,0,50666664.0,0.0,2,0,0,0,0,0,57,0,0,0,0.0,0.0,1424233792,1424233792,0.009,0.0,0.0,0.0,0.0,0,2,,,2,43,43,43,44,43,25,43,1
0,1057,8,394,0,0,0.03618,528,304,31,29,0,0,2,87562.1875,50414.59375,4,4,0,0,0,0,132,76,0,0,9.459439,10.830283,1424245621,1424245621,6.695333,7.663667,0.0,0.0,0.0,0,0,,,2,10,6,3,5,1,1,4,0
12,1058,12,395,1,1,0.048519,528,8824,31,29,1,4,2,78484.71875,1333745.5,10,12,255,255,574599191,2829141439,53,735,0,0,495.572759,440.858076,1421934237,1421934238,5.326667,4.367727,0.000603,0.00047,0.000133,0,0,0.0,0.0,0,12,12,7,5,1,1,3,0
17,1059,20,0,0,0,0.001169,146,178,31,29,0,0,0,499572.25,609067.5625,2,2,0,0,0,0,73,89,0,0,0.0,0.0,1421948198,1421948198,0.001,0.008,0.0,0.0,0.0,0,0,0.0,0.0,0,2,6,1,2,2,1,1,0
14,488,4,396,1,1,0.032853,2230,13586,31,29,7,11,2,527196.9375,3216510.0,34,36,255,255,827430589,854228900,66,377,0,0,63.230025,61.918272,1421949632,1421949632,0.985303,0.923457,0.000671,0.000527,0.000144,0,0,0.0,0.0,0,8,6,2,4,1,1,1,0
3,8,11,6,55,2,6e-06,200,0,254,0,0,0,2,133333328.0,0.0,2,0,0,0,0,0,100,0,0,0,0.0,0.0,1424230301,1424230301,0.006,0.0,0.0,0.0,0.0,0,2,,,2,2,2,1,1,1,1,2,1
8,1060,4,4,1,1,1.060097,1684,10168,31,29,3,5,2,11802.69336,72476.39063,14,18,255,255,985840902,3136441436,120,565,2,192,9065.303167,7937.282541,1421944908,1421944909,81.519538,62.324235,0.000752,0.000581,0.000171,0,0,6.0,0.0,0,10,22,9,11,4,4,4,0
0,1061,18,30,1,1,0.007315,3728,5474,31,29,7,7,6,3950239.25,5737252.0,32,24,255,255,877857584,3027734860,117,228,0,0,15.580191,0.38402,1421943161,1421943161,0.235968,0.284478,0.000688,0.000563,0.000125,0,0,0.0,0.0,0,1,2,2,1,1,1,1,0
9,1062,9,4,1,1,0.695354,1250,10856,62,252,2,5,3,12943.04785,115981.2188,10,14,255,255,2807749046,1215143268,125,775,1,4772,4134.224758,3857.119833,1424238321,1424238321,77.156556,47.546538,0.229606,0.077248,0.152358,0,1,1.0,,2,1,1,1,2,1,1,1,1
0,1063,8,397,1,1,0.017891,2542,21450,31,29,7,14,2,1108490.375,9363368.0,40,42,255,255,1663568156,1702278808,64,511,0,0,27.451644,27.254434,1421968488,1421968488,0.450513,0.43375,0.000683,0.000534,0.000149,0,0,0.0,0.0,0,8,9,4,3,1,1,2,0
6,8,15,6,3,2,9e-06,200,0,254,0,0,0,2,88888888.0,0.0,2,0,0,0,0,0,100,0,0,0,0.0,0.0,1424251666,1424251666,0.009,0.0,0.0,0.0,0.0,0,2,,,2,4,4,2,3,2,2,4,1
2,2,3,0,0,2,9e-06,114,0,254,0,0,0,0,50666664.0,0.0,2,0,0,0,0,0,57,0,0,0,0.0,0.0,1424239079,1424239079,0.009,0.0,0.0,0.0,0.0,0,2,,,2,33,33,24,24,24,24,33,1
3,2,14,0,0,2,1e-06,114,0,254,0,0,0,0,456000000.0,0.0,2,0,0,0,0,0,57,0,0,0,0.0,0.0,1424247504,1424247504,0.001,0.0,0.0,0.0,0.0,0,2,,,2,22,22,22,22,22,22,22,1
2,2,2,0,0,2,4e-06,114,0,254,0,0,0,0,114000000.0,0.0,2,0,0,0,0,0,57,0,0,0,0.0,0.0,1424253842,1424253842,0.004,0.0,0.0,0.0,0.0,0,2,,,2,16,16,17,16,16,16,16,1
9,1064,2,193,1,1,0.4996,1212,1684,254,252,6,6,2,18334.66797,25284.22852,18,16,255,255,235787124,53688349,67,105,0,0,1487.608879,42.305641,1421928988,1421928988,29.388235,32.380467,0.025631,0.013332,0.012299,0,1,0.0,0.0,0,2,2,2,2,1,1,2,1
2,8,6,6,56,2,3e-06,180,0,254,0,0,0,2,239999984.0,0.0,2,0,0,0,0,0,90,0,0,0,0.0,0.0,1424237259,1424237259,0.003,0.0,0.0,0.0,0.0,0,2,,,2,10,10,11,10,10,10,10,1
7,2,7,0,0,2,9e-06,264,0,60,0,0,0,0,117333328.0,0.0,2,0,0,0,0,0,132,0,0,0,0.0,0.0,1424246248,1424246248,0.009,0.0,0.0,0.0,0.0,0,0,,,2,39,39,39,39,39,21,39,0
11,1065,0,9,1,1,0.005315,1064,2260,31,29,4,4,2,1469049.75,3118720.5,12,12,255,255,51028849,51343027,89,188,0,0,25.44907,0.592414,1424222951,1424222951,0.448455,0.428727,0.000918,0.000592,0.000326,0,0,,,2,1,3,3,2,1,1,1,0
10,1066,18,10,0,0,0.004776,568,304,31,29,0,0,2,713567.8125,381909.5313,4,4,0,0,0,0,142,76,0,0,1.745613,1.525936,1424229517,1424229517,1.240333,1.086,0.0,0.0,0.0,0,0,,,2,9,4,5,7,1,1,3,0
10,1067,19,9,1,1,0.004086,1036,2262,31,29,4,4,2,1860009.875,4060695.25,12,12,255,255,1667696258,1667944701,86,189,0,0,17.140663,0.387994,1421972676,1421972676,0.340273,0.320818,0.000708,0.00055,0.000158,0,0,0.0,0.0,0,7,5,2,6,1,1,1,0
10,1068,8,398,1,1,0.027865,2438,19138,31,29,7,13,2,681571.875,5357258.0,38,40,255,255,4006170081,1885916075,64,478,0,0,61.464722,56.336889,1424236580,1424236580,0.786657,0.718842,0.000672,0.00054,0.000132,0,0,,,2,11,8,2,2,1,1,2,0
6,1069,9,26,1,1,0.451246,2062,268,254,252,2,1,2,32904.44922,3971.226318,10,6,255,255,1523870122,951996415,206,45,0,0,2448.635563,105.593156,1421927779,1421927780,45.734222,79.190797,0.104612,0.055281,0.049331,0,1,0.0,0.0,0,5,4,1,1,1,1,1,1
2,5,2,0,0,2,5e-06,114,0,254,0,0,0,0,91200000.0,0.0,2,0,0,0,0,0,57,0,0,0,0.0,0.0,1424254030,1424254030,0.005,0.0,0.0,0.0,0.0,0,2,,,2,8,8,8,8,8,8,8,1
7,5,7,0,0,2,1e-05,264,0,60,0,0,0,0,105600000.0,0.0,2,0,0,0,0,0,132,0,0,0,0.0,0.0,1424245724,1424245724,0.01,0.0,0.0,0.0,0.0,0,0,,,2,50,50,43,43,43,22,50,0
3,1070,9,26,1,1,1.465899,28660,814,254,252,14,3,2,151814.0,4169.455078,34,16,255,255,3680557040,590273867,843,51,0,0,3963.321277,125.553867,1424229397,1424229398,43.671909,91.675734,0.140336,0.090759,0.049577,0,1,,,2,6,4,1,2,1,1,4,1
0,1071,13,4,1,1,1.257198,1684,10168,31,29,3,5,3,9952.291016,61113.68359,14,18,255,255,1525011158,3677849136,120,565,1,3924,8961.464771,7846.344737,1424240241,1424240242,96.681154,73.921529,0.000664,0.000524,0.00014,0,0,1.0,,2,2,1,3,4,2,1,4,0
3,2,3,0,0,2,9e-06,114,0,254,0,0,0,0,50666664.0,0.0,2,0,0,0,0,0,57,0,0,0,0.0,0.0,1424232409,1424232409,0.009,0.0,0.0,0.0,0.0,0,2,,,2,19,19,14,14,14,14,19,1
2,5,3,0,0,2,2e-06,114,0,254,0,0,0,0,228000000.0,0.0,2,0,0,0,0,0,57,0,0,0,0.0,0.0,1424238763,1424238763,0.002,0.0,0.0,0.0,0.0,0,2,,,2,31,31,33,34,31,13,31,1
10,1072,20,7,1,1,0.020454,1540,1644,31,29,4,4,2,564779.5,607411.75,16,18,255,255,432651610,436752390,96,91,0,0,84.994609,2.493686,1424255043,1424255043,1.3428,1.250063,0.000563,0.00045,0.000113,0,0,,,2,9,6,6,8,6,1,6,0
2,2,2,0,0,2,2e-06,114,0,254,0,0,0,0,228000000.0,0.0,2,0,0,0,0,0,57,0,0,0,0.0,0.0,1424251648,1424251648,0.002,0.0,0.0,0.0,0.0,0,2,,,2,33,33,24,24,24,9,33,1
2,2,2,0,0,2,7e-06,114,0,254,0,0,0,0,65142856.0,0.0,2,0,0,0,0,0,57,0,0,0,0.0,0.0,1424252972,1424252972,0.007,0.0,0.0,0.0,0.0,0,2,,,2,26,26,18,17,16,16,27,1
14,1073,13,399,0,0,0.002434,528,304,31,29,0,0,2,1301561.25,749383.75,4,4,0,0,0,0,132,76,0,0,0.644646,0.615183,1421935886,1421935886,0.460333,0.443,0.0,0.0,0.0,0,0,0.0,0.0,0,6,5,5,4,1,1,4,0
11,1074,20,4,1,1,1.635628,19722,1087890,31,29,2,370,3,96202.80469,5313834.0,370,746,255,255,2337697199,193356202,53,1458,1,524288,261.480579,159.02483,1421934831,1421934832,4.431686,2.19478,0.000634,0.000509,0.000125,0,0,1.0,0.0,0,3,2,5,4,1,1,1,0
6,5,6,0,0,2,5e-06,114,0,254,0,0,0,0,91200000.0,0.0,2,0,0,0,0,0,57,0,0,0,0.0,0.0,1424258927,1424258927,0.005,0.0,0.0,0.0,0.0,0,2,,,2,27,27,16,17,16,16,27,1
7,2,7,0,0,2,9e-06,264,0,60,0,0,0,0,117333328.0,0.0,2,0,0,0,0,0,132,0,0,0,0.0,0.0,1424246049,1424246049,0.009,0.0,0.0,0.0,0.0,0,0,,,2,47,47,31,31,31,16,47,0
2,5,3,0,0,2,9e-06,114,0,254,0,0,0,0,50666664.0,0.0,2,0,0,0,0,0,57,0,0,0,0.0,0.0,1424238300,1424238300,0.009,0.0,0.0,0.0,0.0,0,2,,,2,20,20,20,21,20,20,20,1
3,5,3,0,0,2,7e-06,114,0,254,0,0,0,0,65142856.0,0.0,2,0,0,0,0,0,57,0,0,0,0.0,0.0,1424231941,1424231941,0.007,0.0,0.0,0.0,0.0,0,2,,,2,17,17,16,17,16,16,17,1
17,1075,19,400,1,1,0.018255,2230,14890,31,29,7,11,2,948781.1875,6333826.5,34,34,255,255,603587255,2749278471,66,438,0,0,39.764824,37.386346,1424225701,1424225701,0.542939,0.535636,0.000712,0.000571,0.000141,0,0,,,2,4,5,3,3,1,1,2,0
1,552,8,401,1,1,0.589913,8928,320,31,29,4,1,5,112436.9141,3620.872803,14,6,255,255,636541992,2167675595,638,53,0,0,3640.297834,145.108141,1424247143,1424247143,45.377923,117.832797,0.000582,0.000446,0.000136,0,0,,,2,3,5,4,2,1,1,5,0
3,5,3,0,0,2,9e-06,114,0,254,0,0,0,0,50666664.0,0.0,2,0,0,0,0,0,57,0,0,0,0.0,0.0,1424233067,1424233067,0.009,0.0,0.0,0.0,0.0,0,2,,,2,18,18,18,19,18,18,18,1
12,1076,20,10,0,0,0.004531,568,312,31,29,0,0,2,752151.875,413153.8438,4,4,0,0,0,0,142,78,0,0,1.62729,1.439905,1421940714,1421940714,1.157667,1.023667,0.0,0.0,0.0,0,0,0.0,0.0,0,7,8,4,6,1,1,3,0
3,5,3,0,0,2,8e-06,114,0,254,0,0,0,0,57000000.0,0.0,2,0,0,0,0,0,57,0,0,0,0.0,0.0,1424232218,1424232218,0.008,0.0,0.0,0.0,0.0,0,2,,,2,31,31,10,10,10,4,31,1
3,1077,2,64,0,2,1e-05,578,0,254,0,0,0,2,231200000.0,0.0,2,0,0,0,0,0,289,0,0,0,0.0,0.0,1424228758,1424228758,0.01,0.0,0.0,0.0,0.0,0,2,,,2,26,26,14,14,14,1,26,1
14,1078,19,402,1,1,0.222342,424,8824,31,29,1,4,5,13348.80469,291047.125,8,12,255,255,2509807460,466081956,53,735,0,0,2154.414804,1715.139727,1424228618,1424228618,31.710856,20.162727,0.000665,0.000545,0.00012,0,0,,,2,3,3,4,6,1,1,4,0
12,1079,1,0,0,0,0.000977,146,178,31,29,0,0,0,597748.1875,728761.5,2,2,0,0,0,0,73,89,0,0,0.0,0.0,1421941498,1421941498,0.001,0.004,0.0,0.0,0.0,0,0,0.0,0.0,0,5,3,2,4,2,1,2,0
6,8,17,6,56,2,3e-06,180,0,254,0,0,0,2,239999984.0,0.0,2,0,0,0,0,0,90,0,0,0,0.0,0.0,1424223147,1424223147,0.003,0.0,0.0,0.0,0.0,0,2,,,2,10,10,10,10,10,10,10,1
2,2,2,0,0,2,3e-06,114,0,254,0,0,0,0,152000000.0,0.0,2,0,0,0,0,0,57,0,0,0,0.0,0.0,1424252332,1424252332,0.003,0.0,0.0,0.0,0.0,0,2,,,2,23,23,5,5,5,5,23,1
8,1080,12,10,0,0,0.004586,568,320,31,29,0,0,2,743131.25,418665.5,4,4,0,0,0,0,142,80,0,0,1.660995,1.466539,1424233891,1424233891,1.181,1.044,0.0,0.0,0.0,0,0,,,2,5,7,4,4,1,1,3,0
3,5,3,0,0,2,1e-06,114,0,254,0,0,0,0,456000000.0,0.0,2,0,0,0,0,0,57,0,0,0,0.0,0.0,1424233479,1424233479,0.001,0.0,0.0,0.0,0.0,0,2,,,2,12,12,12,12,12,12,12,1
2,2,2,0,0,2,9e-06,114,0,254,0,0,0,0,50666664.0,0.0,2,0,0,0,0,0,57,0,0,0,0.0,0.0,1424252464,1424252464,0.009,0.0,0.0,0.0,0.0,0,2,,,2,22,22,16,17,16,16,22,1
2,5,2,0,0,2,3e-06,114,0,254,0,0,0,0,152000000.0,0.0,2,0,0,0,0,0,57,0,0,0,0.0,0.0,1424251689,1424251689,0.003,0.0,0.0,0.0,0.0,0,2,,,2,21,21,18,18,18,18,21,1
1,1081,12,4,1,1,1.004465,1580,10168,31,29,3,4,3,11540.47168,76490.46875,12,18,255,255,4205944307,4202908204,132,565,1,0,9524.765345,7673.231691,1421954326,1421954327,91.283908,59.051766,0.000729,0.000581,0.000148,0,0,1.0,0.0,0,1,3,5,1,1,1,1,0
2,8,6,6,49,2,5e-06,200,0,254,0,0,0,2,160000000.0,0.0,2,0,0,0,0,0,100,0,0,0,0.0,0.0,1424237300,1424237300,0.005,0.0,0.0,0.0,0.0,0,2,,,2,4,4,1,1,1,1,4,1
6,1082,15,4,1,1,0.762831,4920,354,254,252,3,1,3,47297.50391,3251.047852,12,8,255,255,338860107,3234585429,410,44,1,0,4327.094364,176.189859,1424237619,1424237620,69.348274,97.776859,0.125616,0.063202,0.062414,0,1,1.0,,2,1,1,1,1,1,1,1,1
6,8,17,6,3,2,3e-06,200,0,254,0,0,0,2,266666656.0,0.0,2,0,0,0,0,0,100,0,0,0,0.0,0.0,1424223270,1424223270,0.003,0.0,0.0,0.0,0.0,0,2,,,2,5,5,4,21,3,3,6,1
2,2,2,0,0,2,8e-06,114,0,254,0,0,0,0,57000000.0,0.0,2,0,0,0,0,0,57,0,0,0,0.0,0.0,1424254219,1424254219,0.008,0.0,0.0,0.0,0.0,0,2,,,2,29,29,16,16,16,16,29,1
6,8,17,6,13,2,57.426395,9792,0,254,0,0,0,2,1326.21936,0.0,36,0,0,0,0,0,272,0,0,0,1931.30275,0.0,1424254342,1424254399,1640.75425,0.0,0.0,0.0,0.0,0,2,,,2,1,1,1,1,1,1,1,1
6,1083,3,33,1,1,1.139791,998,820,254,252,3,2,2,6422.22998,5179.896973,12,10,255,255,2686891855,3134562467,83,82,0,0,6098.898629,150.320828,1424234550,1424234551,97.862997,114.105781,0.191649,0.112834,0.078815,0,1,,,2,8,4,2,3,3,2,4,1
1,1084,13,403,0,0,0.076116,536,304,31,29,0,0,2,42251.30078,23963.42383,4,4,0,0,0,0,134,76,0,0,28.746719,10.832641,1424250445,1424250445,20.336,7.667333,0.0,0.0,0.0,0,0,,,2,4,9,4,3,1,1,3,0
3,5,3,0,0,2,9e-06,114,0,254,0,0,0,0,50666664.0,0.0,2,0,0,0,0,0,57,0,0,0,0.0,0.0,1424230529,1424230529,0.009,0.0,0.0,0.0,0.0,0,2,,,2,36,36,13,13,13,5,36,1
13,1085,10,30,1,1,0.053009,3728,5474,31,29,7,7,6,545115.0,791714.625,32,24,255,255,2308141993,163962990,117,228,0,0,116.083399,3.612013,1421951345,1421951345,1.709968,2.21787,0.001378,0.001187,0.000191,0,0,0.0,0.0,0,1,1,3,1,1,1,1,0
11,1086,10,404,1,1,0.039031,320,1948,31,29,1,2,5,54725.73047,349465.8125,6,8,255,255,1921763771,1925503983,53,244,0,0,538.162024,13.176978,1424243907,1424243907,7.7448,5.500429,0.000658,0.000525,0.000133,0,0,,,2,3,3,5,6,1,1,5,0
12,1087,8,18,1,1,0.032623,7818,15092,31,29,30,32,2,1901480.5,3671765.25,122,126,255,255,205904227,2356573234,64,120,0,0,16.867851,14.680388,1421943825,1421943825,0.26865,0.256648,0.000671,0.000538,0.000133,0,0,0.0,0.0,0,2,8,4,2,1,1,1,0
2,5,2,0,0,2,3e-06,114,0,254,0,0,0,0,152000000.0,0.0,2,0,0,0,0,0,57,0,0,0,0.0,0.0,1424251923,1424251923,0.003,0.0,0.0,0.0,0.0,0,2,,,2,25,25,18,19,18,18,25,1
3,1088,9,26,1,1,0.38373,912,694,254,252,5,4,2,17825.0332,13280.1709,16,12,255,255,2628701625,4118171957,57,58,0,0,1196.006392,38.628609,1424222712,1424222712,24.856867,31.879273,0.057217,0.033054,0.024163,0,1,,,2,7,7,2,3,2,1,8,1
9,771,2,4,1,1,0.581039,914,28212,62,252,2,11,3,11537.95117,373496.4375,12,26,255,255,2030272291,3227309588,76,1085,1,13327,3270.787462,2581.332206,1424260102,1424260103,52.744728,22.05184,0.048771,0.029734,0.019037,0,1,1.0,,2,1,1,1,3,1,1,1,1
13,1089,20,405,1,1,0.040932,3926,56526,31,29,7,27,2,755790.125,10885371.0,66,68,255,255,441150230,441455405,59,831,0,0,36.688439,35.935717,1421950447,1421950447,0.624677,0.602284,0.000736,0.000567,0.000169,0,0,0.0,0.0,0,5,11,9,4,1,1,1,0
2,5,2,0,0,2,9e-06,114,0,254,0,0,0,0,50666664.0,0.0,2,0,0,0,0,0,57,0,0,0,0.0,0.0,1424253260,1424253260,0.009,0.0,0.0,0.0,0.0,0,2,,,2,46,46,34,34,34,18,46,1
3,5,3,0,0,2,5e-06,114,0,254,0,0,0,0,91200000.0,0.0,2,0,0,0,0,0,57,0,0,0,0.0,0.0,1424231198,1424231198,0.005,0.0,0.0,0.0,0.0,0,2,,,2,33,33,8,8,8,8,33,1
16,2,21,0,0,2,9e-06,264,0,60,0,0,0,0,117333328.0,0.0,2,0,0,0,0,0,132,0,0,0,0.0,0.0,1424224918,1424224918,0.009,0.0,0.0,0.0,0.0,0,0,,,2,16,16,6,6,6,6,16,0
2,2,3,0,0,2,3e-06,114,0,254,0,0,0,0,152000000.0,0.0,2,0,0,0,0,0,57,0,0,0,0.0,0.0,1421930760,1421930760,0.003,0.0,0.0,0.0,0.0,0,2,0.0,0.0,0,12,12,1,1,1,1,1,1
11,1090,13,4,1,1,10.229878,18370,1087890,31,29,2,370,3,14324.31445,849614.8125,344,746,255,255,940583272,3105143289,53,1458,1,524288,1899.099318,1244.51891,1424235440,1424235451,29.911008,13.730223,0.000994,0.000859,0.000135,0,0,1.0,,2,3,1,2,1,1,1,6,0
1,1091,1,406,1,1,0.015874,2854,30744,31,29,7,17,2,1407080.75,15171475.0,46,48,255,255,4053085109,1924199097,62,641,0,0,19.613912,19.019404,1421972676,1421972676,0.345689,0.326255,0.000693,0.000536,0.000157,0,0,0.0,0.0,0,2,4,2,2,1,1,2,0
0,1092,10,407,0,0,0.036231,536,304,31,29,0,0,2,88763.76563,50343.62891,4,4,0,0,0,0,134,76,0,0,9.415834,11.340343,1421958107,1421958107,6.669,8.023333,0.0,0.0,0.0,0,0,0.0,0.0,0,7,7,1,1,1,1,1,0
8,1093,18,1,1,1,0.849548,2934,3742,31,29,11,15,1,27101.4707,34587.80469,52,54,255,255,1112505827,3263126072,56,69,0,0,1620.862049,53.115105,1424223823,1424223824,17.331327,16.018925,0.00068,0.000541,0.000139,0,0,,1.0,3,1,2,1,4,1,1,4,0
3,8,11,6,3,2,8e-06,200,0,254,0,0,0,2,100000000.0,0.0,2,0,0,0,0,0,100,0,0,0,0.0,0.0,1424230326,1424230326,0.008,0.0,0.0,0.0,0.0,0,2,,,2,4,4,2,2,2,2,4,1
10,1094,10,408,1,1,0.022999,2854,30136,31,29,7,17,2,971172.6875,10264446.0,46,48,255,255,1712902011,3862784988,62,628,0,0,29.411496,28.186685,1421946455,1421946455,0.515591,0.476149,0.001755,0.000609,0.001146,0,0,0.0,0.0,0,4,4,2,5,1,1,1,0
17,1095,4,8,1,1,0.032327,37162,3380,31,29,18,8,4,9019829.0,816654.8125,52,42,255,255,1491410937,3642755417,715,80,0,0,40.609009,1.598089,1424247661,1424247661,0.627176,0.777244,0.000568,0.000456,0.000112,0,0,,,2,1,2,5,4,1,1,2,0
2,1096,14,33,1,1,1.082118,3020,730,254,252,3,2,2,20470.96484,4724.068848,12,8,255,255,642300472,1734866173,252,91,0,0,4801.961488,200.454453,1424248686,1424248687,94.32218,144.058,0.239379,0.073707,0.165672,0,1,,,2,5,4,2,2,1,1,4,1
13,1097,18,409,1,1,0.06833,2958,33060,31,29,7,18,2,339177.5313,3793238.75,48,50,255,255,1886517802,4075796972,62,661,0,0,0.0,81.261747,1424231269,1424231269,1.478609,1.411333,0.000745,0.000583,0.000162,0,0,,,2,3,1,2,3,1,1,1,0
15,5,5,0,0,2,2e-06,264,0,60,0,0,0,0,528000000.0,0.0,2,0,0,0,0,0,132,0,0,0,0.0,0.0,1424253236,1424253236,0.002,0.0,0.0,0.0,0.0,0,0,,,2,22,22,22,22,22,11,22,0
1,1098,19,18,1,1,1.057858,7816,15296,31,29,30,32,2,58624.125,114760.2031,122,126,255,255,4129478113,1980928604,64,121,0,0,579.511483,572.197902,1424234744,1424234745,8.739794,8.458592,0.000655,0.00053,0.000125,0,0,,,2,6,14,2,4,1,1,5,0
0,1099,12,8,1,1,0.469917,37280,3172,31,29,18,8,4,622475.875,52588.01172,52,38,255,255,694907254,695867879,717,83,0,0,1013.283013,35.692957,1421939230,1421939231,9.207098,12.685459,0.00071,0.00055,0.00016,0,0,0.0,0.0,0,1,1,5,5,1,1,1,0
2,2,3,0,0,2,2e-06,114,0,254,0,0,0,0,228000000.0,0.0,2,0,0,0,0,0,57,0,0,0,0.0,0.0,1424238802,1424238802,0.002,0.0,0.0,0.0,0.0,0,2,,,2,40,40,24,25,24,24,40,1
4,1100,12,410,0,0,0.00184,512,304,31,29,0,0,2,1669565.125,991304.3125,4,4,0,0,0,0,128,76,0,0,0.650774,0.330929,1421971935,1421971935,0.464667,0.241,0.0,0.0,0.0,0,0,0.0,0.0,0,3,9,3,3,1,1,3,0
2,5,3,0,0,2,1e-05,114,0,254,0,0,0,0,45600000.0,0.0,2,0,0,0,0,0,57,0,0,0,0.0,0.0,1424237531,1424237531,0.01,0.0,0.0,0.0,0.0,0,2,,,2,42,42,35,35,35,15,42,1
2,5,2,0,0,2,9e-06,114,0,254,0,0,0,0,50666664.0,0.0,2,0,0,0,0,0,57,0,0,0,0.0,0.0,1424254251,1424254251,0.009,0.0,0.0,0.0,0.0,0,2,,,2,18,18,18,19,18,18,18,1
6,2,6,0,0,2,9e-06,114,0,254,0,0,0,0,50666664.0,0.0,2,0,0,0,0,0,57,0,0,0,0.0,0.0,1424259214,1424259214,0.009,0.0,0.0,0.0,0.0,0,2,,,2,24,24,16,15,15,15,24,1
17,1101,0,0,0,0,0.001069,132,164,31,29,0,0,0,493919.5625,613657.625,2,2,0,0,0,0,66,82,0,0,0.0,0.0,1424256372,1424256372,0.008,0.006,0.0,0.0,0.0,0,0,,,2,2,3,6,7,2,1,2,0
11,1102,18,10,0,0,0.004629,568,312,31,29,0,0,2,736228.125,404407.0,4,4,0,0,0,0,142,78,0,0,1.763762,1.472196,1421944495,1421944495,1.253667,1.049,0.0,0.0,0.0,0,0,0.0,0.0,0,8,6,3,4,1,1,3,0
17,1103,10,7,1,1,6.952317,24780,1066538,31,29,36,375,2,28449.79492,1225789.875,442,834,255,255,2208083452,67765418,56,1279,0,0,6262.756139,4549.434819,1421960633,1421960640,15.764139,8.345551,0.000622,0.000469,0.000153,0,0,0.0,0.0,0,11,5,2,3,1,1,1,0
4,1104,0,0,0,0,0.001107,130,162,31,29,0,0,0,469738.0,585365.8125,2,2,0,0,0,0,65,81,0,0,0.0,0.0,1421958494,1421958494,0.011,0.009,0.0,0.0,0.0,0,0,0.0,0.0,0,3,2,6,1,1,1,1,0
2,2,2,0,0,2,9e-06,114,0,254,0,0,0,0,50666664.0,0.0,2,0,0,0,0,0,57,0,0,0,0.0,0.0,1424252021,1424252021,0.009,0.0,0.0,0.0,0.0,0,2,,,2,35,35,14,14,14,14,35,1
6,2,9,0,0,2,7e-06,114,0,254,0,0,0,0,65142856.0,0.0,2,0,0,0,0,0,57,0,0,0,0.0,0.0,1424224791,1424224791,0.007,0.0,0.0,0.0,0.0,0,2,,,2,17,17,8,8,8,8,17,1
13,1105,18,411,1,1,0.130819,4238,65628,31,29,7,30,2,255620.375,3959180.5,72,74,255,255,1520209213,3703168511,59,887,0,0,0.0,94.131623,1421970489,1421970489,1.837746,1.784068,0.000763,0.000578,0.000185,0,0,0.0,0.0,0,6,6,6,4,1,1,1,0
7,2,7,0,0,2,7e-06,264,0,60,0,0,0,0,150857136.0,0.0,2,0,0,0,0,0,132,0,0,0,0.0,0.0,1424244844,1424244844,0.007,0.0,0.0,0.0,0.0,0,0,,,2,20,20,17,17,17,17,20,0
10,1106,18,9,1,1,0.004225,1036,2262,31,29,4,4,2,1798816.625,3927100.75,12,12,255,255,462379819,2612275391,86,189,0,0,17.776937,0.407357,1424235286,1424235286,0.352455,0.329273,0.000718,0.000594,0.000124,0,0,,,2,3,5,1,3,1,1,1,0
2,1107,24,10,0,2,3e-06,168,0,254,0,0,0,2,224000000.0,0.0,2,0,0,0,0,0,84,0,0,0,0.0,0.0,1424244196,1424244196,0.003,0.0,0.0,0.0,0.0,0,2,,,2,2,1,1,1,1,1,1,1
7,2,7,0,0,2,1e-05,264,0,60,0,0,0,0,105600000.0,0.0,2,0,0,0,0,0,132,0,0,0,0.0,0.0,1424247881,1424247881,0.01,0.0,0.0,0.0,0.0,0,0,,,2,25,25,13,13,13,7,25,0
3,2,14,0,0,2,1e-05,114,0,254,0,0,0,0,45600000.0,0.0,2,0,0,0,0,0,57,0,0,0,0.0,0.0,1424247893,1424247893,0.01,0.0,0.0,0.0,0.0,0,2,,,2,39,39,39,39,39,22,39,1
4,1108,18,0,0,0,0.001221,130,162,31,29,0,0,0,425880.4375,530712.5625,2,2,0,0,0,0,65,81,0,0,0.0,0.0,1421941320,1421941320,0.01,0.009,0.0,0.0,0.0,0,0,0.0,0.0,0,1,1,1,6,1,1,1,0
1,1109,0,7,1,1,0.269908,1540,1644,31,29,4,4,2,42799.76563,46030.49609,16,18,255,255,3876249700,3912536753,96,91,0,0,1137.517903,33.102801,1421969537,1421969538,17.973,15.815529,0.001194,0.001042,0.000152,0,0,0.0,0.0,0,8,10,2,2,2,1,2,0
8,1110,10,0,0,0,0.00108,146,178,31,29,0,0,0,540740.75,659259.3125,2,2,0,0,0,0,73,89,0,0,0.0,0.0,1421956924,1421956924,0.012,0.009,0.0,0.0,0.0,0,0,0.0,0.0,0,5,3,4,2,1,1,1,0
13,1111,8,0,0,0,0.001134,146,178,31,29,0,0,0,514991.1875,627865.9375,2,2,0,0,0,0,73,89,0,0,0.0,0.0,1424228679,1424228679,0.009,0.007,0.0,0.0,0.0,0,0,,,2,2,2,1,1,1,1,1,0
8,1112,13,10,0,0,0.087339,568,312,31,29,0,0,2,39020.37109,21433.72461,4,4,0,0,0,0,142,78,0,0,33.932168,33.945367,1421937586,1421937586,24.004666,24.011,0.0,0.0,0.0,0,0,0.0,0.0,0,7,10,5,4,1,1,2,0
6,2,9,0,0,2,9e-06,114,0,254,0,0,0,0,50666664.0,0.0,2,0,0,0,0,0,57,0,0,0,0.0,0.0,1424224554,1424224554,0.009,0.0,0.0,0.0,0.0,0,2,,,2,17,17,8,8,8,8,17,1
2,5,3,0,0,2,9e-06,114,0,254,0,0,0,0,50666664.0,0.0,2,0,0,0,0,0,57,0,0,0,0.0,0.0,1424238925,1424238925,0.009,0.0,0.0,0.0,0.0,0,2,,,2,36,36,17,17,17,17,36,1
8,1113,13,412,1,1,0.114321,2854,27344,31,29,7,16,2,195379.6719,1871922.0,46,46,255,255,2488202539,343122727,62,594,0,0,149.873687,4.053799,1421950265,1421950265,2.531889,2.527378,0.00072,0.000578,0.000142,0,0,0.0,0.0,0,11,13,4,3,1,1,1,0
10,1114,8,0,0,0,0.000987,132,164,31,29,0,0,0,534954.4375,664640.375,2,2,0,0,0,0,66,82,0,0,0.0,0.0,1424229885,1424229885,0.002,0.006,0.0,0.0,0.0,0,0,,,2,3,3,2,5,1,1,1,0
15,5,5,0,0,2,7e-06,264,0,60,0,0,0,0,150857136.0,0.0,2,0,0,0,0,0,132,0,0,0,0.0,0.0,1424255224,1424255224,0.007,0.0,0.0,0.0,0.0,0,0,,,2,36,36,19,19,19,19,36,0
15,5,5,0,0,2,7e-06,264,0,60,0,0,0,0,150857136.0,0.0,2,0,0,0,0,0,132,0,0,0,0.0,0.0,1424253475,1424253475,0.007,0.0,0.0,0.0,0.0,0,0,,,2,37,37,19,19,19,19,37,0
12,1115,4,0,0,0,0.001019,146,178,31,29,0,0,0,573110.9375,698724.25,2,2,0,0,0,0,73,89,0,0,0.0,0.0,1424236561,1424236561,0.009,0.003,0.0,0.0,0.0,0,0,,,2,2,1,3,3,1,1,2,0
4,1116,20,413,1,1,0.01199,2438,20718,31,29,7,13,2,1583986.75,13478566.0,38,40,255,255,1762241386,3912133637,64,518,0,0,18.107717,17.198985,1421934819,1421934819,0.314919,0.291103,0.00078,0.000625,0.000155,0,0,0.0,0.0,0,14,7,2,7,1,1,1,0
6,2,6,0,0,2,8e-06,114,0,254,0,0,0,0,57000000.0,0.0,2,0,0,0,0,0,57,0,0,0,0.0,0.0,1424259828,1424259828,0.008,0.0,0.0,0.0,0.0,0,2,,,2,33,33,17,17,17,17,33,1
1,1117,20,414,1,1,0.101036,4014,56418,31,29,7,28,2,313155.7188,4403420.5,68,70,255,255,2121277479,4275333855,59,806,0,0,86.654406,85.031209,1424256935,1424256936,1.503373,1.45687,0.000635,0.000509,0.000126,0,0,,,2,5,3,3,3,1,1,2,0
6,5,9,0,0,2,3e-06,114,0,254,0,0,0,0,152000000.0,0.0,2,0,0,0,0,0,57,0,0,0,0.0,0.0,1424224344,1424224344,0.003,0.0,0.0,0.0,0.0,0,2,,,2,26,26,16,16,16,9,26,1
1,1118,19,415,1,1,0.008124,4512,2456,31,29,7,7,2,4196947.0,2284588.75,18,18,255,255,2998634334,852190069,251,136,0,0,22.685961,0.591382,1421957102,1421957102,0.458059,0.444059,0.000748,0.00057,0.000178,0,0,0.0,0.0,0,5,10,5,3,1,1,3,0
12,1119,0,8,1,1,0.023353,37236,3380,31,29,18,8,4,12510599.0,1130475.75,52,42,255,255,1300345655,3450943399,716,80,0,0,27.517317,1.047095,1421972708,1421972708,0.451176,0.555463,0.000704,0.000576,0.000128,0,0,0.0,0.0,0,2,2,1,3,1,1,1,0
0,1120,20,416,1,1,0.016669,2230,14740,31,29,7,11,2,1039054.563,6877917.5,34,36,255,255,2174738366,59953906,66,409,0,0,0.0,27.470503,1421949505,1421949505,0.493667,0.416743,0.002203,0.002079,0.000124,0,0,0.0,0.0,0,9,6,1,3,1,1,1,0
8,1121,13,417,1,1,0.011792,2542,21874,31,29,7,14,2,1681818.125,14487109.0,40,42,255,255,4276910228,4286189167,64,521,0,0,17.571643,16.603823,1421950160,1421950160,0.294308,0.276366,0.000585,0.000455,0.00013,0,0,0.0,0.0,0,19,9,4,9,1,1,3,0
2,2,3,0,0,2,3e-06,114,0,254,0,0,0,0,152000000.0,0.0,2,0,0,0,0,0,57,0,0,0,0.0,0.0,1424237758,1424237758,0.003,0.0,0.0,0.0,0.0,0,2,,,2,13,13,9,9,9,9,13,1
6,1122,24,10,1,1,0.697573,564,354,254,252,2,1,2,5825.913574,3555.18335,10,8,255,255,1845606420,3876116026,56,44,0,0,5587.636639,130.104992,1424240524,1424240525,74.481111,90.80757,0.112676,0.06191,0.050766,0,1,,,2,2,1,1,2,1,1,1,1
2,2,3,0,0,2,4e-06,114,0,254,0,0,0,0,114000000.0,0.0,2,0,0,0,0,0,57,0,0,0,0.0,0.0,1424238980,1424238980,0.004,0.0,0.0,0.0,0.0,0,2,,,2,38,38,21,20,20,20,38,1
17,1123,12,7,1,1,0.924842,13454,548216,31,29,21,197,2,115885.7422,4731316.5,234,438,255,255,4056901287,1915985963,57,1252,0,0,1110.835077,810.314636,1424238928,1424238929,3.967923,2.115275,0.000599,0.000464,0.000135,0,0,,,2,3,3,3,2,2,1,3,0
3,1124,15,12,0,2,5e-06,104,0,254,0,0,0,2,83200000.0,0.0,2,0,0,0,0,0,52,0,0,0,0.0,0.0,1424259487,1424259487,0.005,0.0,0.0,0.0,0.0,0,2,,,2,7,5,2,4,2,1,5,1
3,2,14,0,0,2,7e-06,114,0,254,0,0,0,0,65142856.0,0.0,2,0,0,0,0,0,57,0,0,0,0.0,0.0,1424246528,1424246528,0.007,0.0,0.0,0.0,0.0,0,2,,,2,25,25,22,23,22,22,25,1
3,5,3,0,0,2,9e-06,114,0,254,0,0,0,0,50666664.0,0.0,2,0,0,0,0,0,57,0,0,0,0.0,0.0,1424233067,1424233067,0.009,0.0,0.0,0.0,0.0,0,2,,,2,18,18,18,19,18,18,18,1
15,2,5,0,0,2,7e-06,264,0,60,0,0,0,0,150857136.0,0.0,2,0,0,0,0,0,132,0,0,0,0.0,0.0,1424255024,1424255024,0.007,0.0,0.0,0.0,0.0,0,0,,,2,35,35,24,24,24,15,35,0
2,5,3,0,0,2,8e-06,114,0,254,0,0,0,0,57000000.0,0.0,2,0,0,0,0,0,57,0,0,0,0.0,0.0,1421932288,1421932288,0.008,0.0,0.0,0.0,0.0,0,2,0.0,0.0,0,15,15,7,8,7,4,7,1
2,5,2,0,0,2,9e-06,114,0,254,0,0,0,0,50666664.0,0.0,2,0,0,0,0,0,57,0,0,0,0.0,0.0,1424253233,1424253233,0.009,0.0,0.0,0.0,0.0,0,2,,,2,20,20,4,4,4,4,20,1
3,5,3,0,0,2,4e-06,114,0,254,0,0,0,0,114000000.0,0.0,2,0,0,0,0,0,57,0,0,0,0.0,0.0,1424231881,1424231881,0.004,0.0,0.0,0.0,0.0,0,2,,,2,38,38,26,26,26,10,38,1
2,2,3,0,0,2,9e-06,114,0,254,0,0,0,0,50666664.0,0.0,2,0,0,0,0,0,57,0,0,0,0.0,0.0,1424237574,1424237574,0.009,0.0,0.0,0.0,0.0,0,2,,,2,61,61,61,61,61,35,61,1
11,1125,10,0,0,0,0.001123,132,164,31,29,0,0,0,470169.1563,584149.5625,2,2,0,0,0,0,66,82,0,0,0.0,0.0,1424248634,1424248634,0.009,0.007,0.0,0.0,0.0,0,0,,,2,4,1,2,5,2,1,1,0
2,2,3,0,0,2,1e-05,114,0,254,0,0,0,0,45600000.0,0.0,2,0,0,0,0,0,57,0,0,0,0.0,0.0,1424240630,1424240630,0.01,0.0,0.0,0.0,0.0,0,2,,,2,36,36,16,16,16,16,36,1
11,1126,4,418,1,1,0.188948,4118,61238,31,29,7,28,2,171899.1406,2556809.25,70,72,255,255,3363775190,3428467793,59,851,0,0,149.890933,3.958835,1421950567,1421950567,2.733058,2.653408,0.000707,0.000553,0.000154,0,0,0.0,0.0,0,7,6,4,6,1,1,1,0
6,1127,14,26,1,1,0.743723,514,268,254,252,2,1,2,4980.349121,2409.499268,10,6,255,255,1605204148,413771269,51,45,0,0,4158.677508,203.211938,1424255869,1424255870,78.306889,129.436797,0.180943,0.096536,0.084407,0,1,,,2,3,6,2,1,1,1,3,1
4,1128,19,4,1,1,1.013515,1684,10168,31,29,3,5,3,12345.15527,75807.46094,14,18,255,255,3109132129,964674681,120,565,1,524288,8787.175159,7697.869911,1421963054,1421963055,77.934228,59.589237,0.000619,0.000494,0.000125,0,0,4.0,0.0,0,2,4,6,4,2,2,2,0
0,1129,12,419,0,0,0.001725,528,304,31,29,0,0,2,1836521.75,1057391.375,4,4,0,0,0,0,132,76,0,0,0.626497,0.294866,1424242516,1424242516,0.447,0.214,0.0,0.0,0.0,0,0,,,2,4,7,9,3,1,1,3,0
2,5,2,0,0,2,2e-06,114,0,254,0,0,0,0,228000000.0,0.0,2,0,0,0,0,0,57,0,0,0,0.0,0.0,1424252217,1424252217,0.002,0.0,0.0,0.0,0.0,0,2,,,2,18,18,18,18,18,18,18,1
3,1130,24,8,1,1,0.848113,23839,1702,62,252,15,8,4,218621.8125,15328.14648,36,22,255,255,3852448824,3405803622,662,77,0,0,1505.933799,43.117566,1424228914,1424228915,24.231801,39.497523,0.064647,0.017995,0.046652,0,1,,,2,1,1,2,1,1,1,1,1
13,1131,13,4,1,1,1.07482,1684,10168,31,29,3,5,3,11641.01856,71483.59375,14,18,255,255,1530794255,1531812770,120,565,1,3924,8783.019317,7693.752727,1424239865,1424239866,82.652308,63.194941,0.000632,0.0005,0.000132,0,0,1.0,,2,2,2,3,6,2,1,2,0
19,2,21,0,0,2,9e-06,264,0,60,0,0,0,0,117333328.0,0.0,2,0,0,0,0,0,132,0,0,0,0.0,0.0,1424261426,1424261426,0.009,0.0,0.0,0.0,0.0,0,0,,,2,31,31,17,17,17,17,31,0
3,5,3,0,0,2,5e-06,114,0,254,0,0,0,0,91200000.0,0.0,2,0,0,0,0,0,57,0,0,0,0.0,0.0,1424232155,1424232155,0.005,0.0,0.0,0.0,0.0,0,2,,,2,24,24,18,19,18,18,24,1
16,2,21,0,0,2,7e-06,264,0,60,0,0,0,0,150857136.0,0.0,2,0,0,0,0,0,132,0,0,0,0.0,0.0,1424225148,1424225148,0.007,0.0,0.0,0.0,0.0,0,0,,,2,20,20,1,1,1,1,20,0
9,1132,11,117,1,1,0.466191,1886,268,254,252,2,1,2,29138.27148,3843.918213,10,6,255,255,4096242412,565140905,189,45,0,0,2452.424707,119.374648,1421933156,1421933157,48.731667,79.947797,0.129556,0.066442,0.063114,0,1,0.0,0.0,0,4,1,1,2,1,1,1,1
4,1133,19,0,0,0,0.001079,146,178,31,29,0,0,0,541241.9375,659870.25,2,2,0,0,0,0,73,89,0,0,0.0,0.0,1424239789,1424239789,0.008,0.008,0.0,0.0,0.0,0,0,,,2,2,1,3,3,2,1,1,0
2,2,3,0,0,2,4e-06,114,0,254,0,0,0,0,114000000.0,0.0,2,0,0,0,0,0,57,0,0,0,0.0,0.0,1424237531,1424237531,0.004,0.0,0.0,0.0,0.0,0,2,,,2,42,42,35,35,35,20,42,1
7,2,7,0,0,2,2e-06,264,0,60,0,0,0,0,528000000.0,0.0,2,0,0,0,0,0,132,0,0,0,0.0,0.0,1424244553,1424244553,0.002,0.0,0.0,0.0,0.0,0,0,,,2,33,33,23,23,23,23,33,0
3,5,3,0,0,2,9e-06,114,0,254,0,0,0,0,50666664.0,0.0,2,0,0,0,0,0,57,0,0,0,0.0,0.0,1424232789,1424232789,0.009,0.0,0.0,0.0,0.0,0,2,,,2,43,43,18,19,18,18,43,1
6,5,9,0,0,2,9e-06,114,0,254,0,0,0,0,50666664.0,0.0,2,0,0,0,0,0,57,0,0,0,0.0,0.0,1424224320,1424224320,0.009,0.0,0.0,0.0,0.0,0,2,,,2,21,21,2,2,2,2,21,1
8,1134,8,0,0,0,0.001096,146,178,31,29,0,0,0,532846.75,649635.0625,2,2,0,0,0,0,73,89,0,0,0.0,0.0,1424227146,1424227146,0.009,0.007,0.0,0.0,0.0,0,0,,,2,2,2,4,5,2,1,1,0
3,5,14,0,0,2,2e-06,114,0,254,0,0,0,0,228000000.0,0.0,2,0,0,0,0,0,57,0,0,0,0.0,0.0,1424246825,1424246825,0.002,0.0,0.0,0.0,0.0,0,2,,,2,14,14,17,17,14,14,19,1
17,1135,18,0,0,0,0.001154,146,178,31,29,0,0,0,506065.8438,616984.375,2,2,0,0,0,0,73,89,0,0,0.0,0.0,1421944902,1421944902,0.01,0.008,0.0,0.0,0.0,0,0,0.0,0.0,0,6,3,3,9,6,3,3,0
2,2,3,0,0,2,7e-06,114,0,254,0,0,0,0,65142856.0,0.0,2,0,0,0,0,0,57,0,0,0,0.0,0.0,1424239253,1424239253,0.007,0.0,0.0,0.0,0.0,0,2,,,2,34,34,34,37,34,16,34,1
4,1136,18,8,1,1,0.021589,37316,3380,31,29,18,8,4,13562092.0,1222845.0,52,42,255,255,1420438655,1421493346,718,80,0,0,22.590747,0.96448,1424231032,1424231032,0.42488,0.513537,0.000652,0.00053,0.000122,0,0,,,2,2,2,3,2,1,1,2,0
9,1137,24,4,1,1,0.290042,2114,5246,62,252,3,4,3,53454.32422,132642.8594,12,12,255,255,950885955,2337618102,176,437,1,0,1378.622555,1788.964188,1424228801,1424228801,26.367455,25.313909,0.05277,0.007102,0.045668,0,1,4.0,,2,2,2,2,2,2,2,2,1
3,2,14,0,0,2,7e-06,114,0,254,0,0,0,0,65142856.0,0.0,2,0,0,0,0,0,57,0,0,0,0.0,0.0,1424246321,1424246321,0.007,0.0,0.0,0.0,0.0,0,2,,,2,35,35,22,22,22,22,35,1
8,1138,19,9,1,1,0.005496,2062,2424,31,29,6,7,2,2877729.25,3393013.25,24,26,255,255,1906137284,4051776031,86,93,0,0,0.0,12.246915,1424235564,1424235564,0.224478,0.19684,0.000711,0.00057,0.000141,0,0,,,2,5,3,2,6,1,1,1,0
3,1139,15,26,1,1,51.07135,1000,622,254,252,4,1,2,148.811417,90.540001,20,14,255,255,1227839999,82903077,50,44,0,0,360224.8161,13238.34,1424227309,1424227360,2683.930632,3924.4295,0.143573,0.05376,0.089813,0,1,,,2,5,6,3,4,3,3,5,1
2,2,3,0,0,2,9e-06,114,0,254,0,0,0,0,50666664.0,0.0,2,0,0,0,0,0,57,0,0,0,0.0,0.0,1424238619,1424238619,0.009,0.0,0.0,0.0,0.0,0,2,,,2,50,50,44,45,44,24,50,1
2,8,15,6,57,2,9e-06,200,0,254,0,0,0,2,88888888.0,0.0,2,0,0,0,0,0,100,0,0,0,0.0,0.0,1424244373,1424244373,0.009,0.0,0.0,0.0,0.0,0,2,,,2,7,7,2,2,2,2,7,1
10,1140,18,420,1,1,0.046465,320,1922,31,29,1,2,5,45970.08594,289594.3438,6,8,255,255,2974486870,2987122368,53,240,0,0,642.277722,15.694278,1421941242,1421941242,9.2278,6.557857,0.000706,0.000555,0.000151,0,0,0.0,0.0,0,3,3,2,5,1,1,1,0
14,1141,8,421,1,1,0.06694,4550,67380,31,29,7,33,2,536838.9375,7951956.5,78,80,255,255,1381666706,1381963609,58,842,0,0,56.702145,55.786028,1424228018,1424228018,0.876605,0.862013,0.000699,0.000558,0.000141,0,0,,,2,3,8,3,2,1,1,2,0
3,2,14,0,0,2,8e-06,114,0,254,0,0,0,0,57000000.0,0.0,2,0,0,0,0,0,57,0,0,0,0.0,0.0,1424244814,1424244814,0.008,0.0,0.0,0.0,0.0,0,2,,,2,26,26,22,22,22,22,26,1
3,2,3,0,0,2,4e-06,114,0,254,0,0,0,0,114000000.0,0.0,2,0,0,0,0,0,57,0,0,0,0.0,0.0,1424230474,1424230474,0.004,0.0,0.0,0.0,0.0,0,2,,,2,47,47,34,34,34,24,47,1
17,1142,4,422,1,1,0.008085,8928,320,31,29,4,1,5,8203834.0,264192.9375,14,6,255,255,1970789316,4131100666,638,53,0,0,33.94422,2.366053,1424227278,1424227278,0.621923,1.4858,0.000651,0.000519,0.000132,0,0,,,2,3,3,9,7,1,1,9,0
6,1143,6,4,1,1,0.269673,946,268,254,252,2,1,3,25275.05664,6645.085449,10,6,255,255,3367395297,186714670,95,45,1,0,1446.670429,72.506062,1424253390,1424253390,29.963667,41.715398,0.077771,0.035427,0.042344,0,1,1.0,,2,1,1,1,1,1,1,1,1
6,5,6,0,0,2,6e-06,114,0,254,0,0,0,0,76000000.0,0.0,2,0,0,0,0,0,57,0,0,0,0.0,0.0,1424259034,1424259034,0.006,0.0,0.0,0.0,0.0,0,2,,,2,29,29,16,17,16,16,29,1
3,1144,24,423,0,3,13.337146,936,0,254,0,0,0,0,514.652832,0.0,12,0,0,0,0,0,78,0,0,0,1414.228875,0.0,1424247640,1424247654,1340.393875,0.0,0.0,0.0,0.0,0,6,,,2,10,5,5,5,5,5,5,1
3,8,11,6,23,2,8e-06,200,0,254,0,0,0,2,100000000.0,0.0,2,0,0,0,0,0,100,0,0,0,0.0,0.0,1424230259,1424230259,0.008,0.0,0.0,0.0,0.0,0,2,,,2,8,8,3,5,3,3,9,1
2,5,2,0,0,2,3e-06,114,0,254,0,0,0,0,152000000.0,0.0,2,0,0,0,0,0,57,0,0,0,0.0,0.0,1424251745,1424251745,0.003,0.0,0.0,0.0,0.0,0,2,,,2,29,29,18,18,18,18,29,1
13,1145,8,424,1,1,0.403113,8928,320,31,29,4,1,5,164539.4688,5298.762207,14,6,255,255,3180650650,1636501062,638,53,0,0,2507.594888,100.359477,1421928369,1421928370,31.008691,80.478,0.000741,0.000588,0.000153,0,0,0.0,0.0,0,3,5,3,4,1,1,2,0
6,2,6,0,0,2,9e-06,114,0,254,0,0,0,0,50666664.0,0.0,2,0,0,0,0,0,57,0,0,0,0.0,0.0,1424260048,1424260048,0.009,0.0,0.0,0.0,0.0,0,2,,,2,18,18,14,14,12,12,20,1
19,2,21,0,0,2,7e-06,264,0,60,0,0,0,0,150857136.0,0.0,2,0,0,0,0,0,132,0,0,0,0.0,0.0,1424259430,1424259430,0.007,0.0,0.0,0.0,0.0,0,0,,,2,35,35,18,18,18,18,35,0
6,1146,6,10,0,2,9e-06,168,0,254,0,0,0,2,74666664.0,0.0,2,0,0,0,0,0,84,0,0,0,0.0,0.0,1424250279,1424250279,0.009,0.0,0.0,0.0,0.0,0,2,,,2,1,1,1,1,1,1,1,1
12,1147,20,9,1,1,0.004402,1036,2262,31,29,4,4,2,1726488.0,3769195.75,12,12,255,255,920679604,921007211,86,189,0,0,18.593916,0.400441,1421965667,1421965667,0.366818,0.340545,0.000804,0.000645,0.000159,0,0,0.0,0.0,0,12,4,1,1,1,1,1,0
2,2,2,0,0,2,7e-06,114,0,254,0,0,0,0,65142856.0,0.0,2,0,0,0,0,0,57,0,0,0,0.0,0.0,1424252764,1424252764,0.007,0.0,0.0,0.0,0.0,0,2,,,2,30,30,16,17,16,16,30,1
6,5,6,0,0,2,9e-06,114,0,254,0,0,0,0,50666664.0,0.0,2,0,0,0,0,0,57,0,0,0,0.0,0.0,1424260506,1424260506,0.009,0.0,0.0,0.0,0.0,0,2,,,2,30,30,15,15,15,15,30,1
17,1148,4,0,0,0,0.001006,132,164,31,29,0,0,2,524850.9375,652087.5,2,2,0,0,0,0,66,82,0,0,0.0,0.0,1421945478,1421945478,0.002,0.007,0.0,0.0,0.0,0,0,0.0,0.0,0,19,2,3,22,3,3,3,0
17,1149,1,0,0,0,0.00109,146,178,31,29,0,0,0,535779.8125,653211.0,2,2,0,0,0,0,73,89,0,0,0.0,0.0,1424222495,1424222495,0.003,0.007,0.0,0.0,0.0,0,0,,,2,2,2,3,3,1,1,2,0
11,1150,8,425,1,1,0.004728,4600,2456,31,29,7,7,2,7351945.5,3925549.75,18,18,255,255,159270362,162178880,256,136,0,0,12.816466,0.321982,1424261965,1424261965,0.257412,0.250059,0.000586,0.000474,0.000112,0,0,,,2,5,9,3,4,1,1,4,0
10,1151,4,7,1,1,0.020615,1540,1644,31,29,4,4,2,560368.625,602667.9375,16,18,255,255,259883241,265961357,96,91,0,0,81.904855,2.263905,1421969320,1421969320,1.354933,1.173765,0.000795,0.000657,0.000138,0,0,0.0,0.0,0,10,17,9,11,6,1,6,0
2,5,2,0,0,2,9e-06,114,0,254,0,0,0,0,50666664.0,0.0,2,0,0,0,0,0,57,0,0,0,0.0,0.0,1424254819,1424254819,0.009,0.0,0.0,0.0,0.0,0,2,,,2,10,10,5,5,5,3,10,1
3,2,14,0,0,2,9e-06,114,0,254,0,0,0,0,50666664.0,0.0,2,0,0,0,0,0,57,0,0,0,0.0,0.0,1424246045,1424246045,0.009,0.0,0.0,0.0,0.0,0,2,,,2,29,29,22,23,22,22,29,1
0,1152,12,0,0,0,0.000916,146,178,31,29,0,0,0,637554.5625,777292.5625,2,2,0,0,0,0,73,89,0,0,0.0,0.0,1424224060,1424224060,0.003,0.007,0.0,0.0,0.0,0,0,,,2,2,1,3,2,2,1,1,0
2,1153,11,10,1,1,2.572658,564,354,254,252,2,1,2,1579.689087,963.983521,10,8,255,255,2260083723,474312995,56,44,0,0,19281.27345,535.901438,1424223215,1424223218,285.850889,354.614,0.168967,0.089312,0.079655,0,1,,,2,1,4,2,1,1,1,1,1
5,2,7,0,0,2,7e-06,264,0,60,0,0,0,0,150857136.0,0.0,2,0,0,0,0,0,132,0,0,0,0.0,0.0,1424232675,1424232675,0.007,0.0,0.0,0.0,0.0,0,0,,,2,23,23,23,23,23,23,23,0
10,1154,0,0,0,0,0.001016,146,178,31,29,0,0,0,574803.125,700787.375,2,2,0,0,0,0,73,89,0,0,0.0,0.0,1424248964,1424248964,0.005,0.007,0.0,0.0,0.0,0,0,,,2,3,3,5,7,1,1,2,0
2,5,3,0,0,2,8e-06,114,0,254,0,0,0,0,57000000.0,0.0,2,0,0,0,0,0,57,0,0,0,0.0,0.0,1424240612,1424240612,0.008,0.0,0.0,0.0,0.0,0,2,,,2,25,25,20,21,20,20,25,1
17,1155,13,7,1,1,6.426699,25160,1094788,31,29,38,390,2,31249.63477,1361212.625,448,858,255,255,4081627631,4092703335,56,1276,0,0,5591.094577,4037.292072,1421956488,1421956494,14.37666,7.498516,0.000615,0.000467,0.000148,0,0,0.0,0.0,0,9,7,4,3,2,1,3,0
13,1156,10,426,1,1,0.004706,320,1986,31,29,1,2,5,453888.6563,2954526.25,6,8,255,255,3532949642,1391552304,53,248,0,0,51.528381,1.13346,1421941454,1421941454,0.874,0.582857,0.000796,0.000621,0.000175,0,0,0.0,0.0,0,3,4,7,9,1,1,4,0
3,2,14,0,0,2,3e-06,114,0,254,0,0,0,0,152000000.0,0.0,2,0,0,0,0,0,57,0,0,0,0.0,0.0,1424245313,1424245313,0.003,0.0,0.0,0.0,0.0,0,2,,,2,22,22,22,22,22,22,22,1
0,1157,13,427,1,1,0.108071,3614,49036,31,29,7,24,2,263086.3125,3571430.0,60,62,255,255,1992271741,4170850527,60,791,0,0,99.087732,96.998622,1421942486,1421942486,1.826,1.762393,0.000706,0.000561,0.000145,0,0,0.0,0.0,0,8,5,3,5,1,1,1,0
9,1158,24,8,1,1,1.20592,94133,2220,62,252,42,8,4,617540.125,14269.60352,90,32,255,255,3736873152,3327603690,1046,69,0,0,1294.275428,49.56234,1424236027,1424236028,13.549663,38.218418,0.053606,0.006836,0.04677,0,1,,,2,1,1,1,1,1,1,1,1
6,5,9,0,0,2,5e-06,114,0,254,0,0,0,0,91200000.0,0.0,2,0,0,0,0,0,57,0,0,0,0.0,0.0,1424224854,1424224854,0.005,0.0,0.0,0.0,0.0,0,2,,,2,20,20,10,9,9,9,20,1
14,1159,4,428,1,1,0.045841,3302,35712,31,29,7,21,2,565607.1875,6121158.0,54,56,255,255,1640491205,1640799156,61,638,0,0,62.686671,62.321769,1424256763,1424256763,0.85917,0.854547,0.000659,0.000543,0.000116,0,0,,,2,9,7,3,5,1,1,3,0
1,1160,18,429,1,1,0.013456,2558,22878,31,29,7,14,2,1483353.125,13278240.0,40,42,255,255,3085504114,3111727653,64,545,0,0,19.010449,17.854204,1421959700,1421959700,0.336385,0.314707,0.000685,0.00055,0.000135,0,0,0.0,0.0,0,7,6,3,4,1,1,1,0
6,1161,14,37,1,1,0.713243,756,354,254,252,2,1,2,7638.350586,3477.075684,10,8,255,255,96460823,3966031454,76,44,0,0,4096.53552,146.763875,1424231140,1424231141,76.773556,86.593711,0.184928,0.107078,0.07785,0,1,,,2,6,3,1,2,1,1,3,1
17,1162,10,10,0,0,0.004683,568,304,31,29,0,0,2,727738.625,389493.9063,4,4,0,0,0,0,142,76,0,0,1.7211,1.48516,1424228407,1424228407,1.223,1.058667,0.0,0.0,0.0,0,0,,,2,3,7,4,5,1,1,3,0
0,1163,10,8,1,1,0.036925,37552,3380,31,29,18,8,4,7979418.0,714962.75,52,42,255,255,3421544664,3422501414,722,80,0,0,45.482635,1.884714,1421958287,1421958287,0.716039,0.887415,0.000712,0.000538,0.000174,0,0,0.0,0.0,0,1,1,2,8,1,1,1,0
17,1164,0,430,1,1,0.012756,2558,23148,31,29,7,14,2,1564753.75,14171840.0,40,42,255,255,1657204199,3820906126,64,551,0,0,18.22087,17.286947,1421951226,1421951226,0.318974,0.297854,0.00069,0.00054,0.00015,0,0,0.0,0.0,0,10,8,4,7,1,1,2,0
5,2,7,0,0,2,9e-06,264,0,60,0,0,0,0,117333328.0,0.0,2,0,0,0,0,0,132,0,0,0,0.0,0.0,1424231300,1424231300,0.009,0.0,0.0,0.0,0.0,0,0,,,2,47,47,20,20,20,20,47,0
6,5,6,0,0,2,9e-06,114,0,254,0,0,0,0,50666664.0,0.0,2,0,0,0,0,0,57,0,0,0,0.0,0.0,1424259876,1424259876,0.009,0.0,0.0,0.0,0.0,0,2,,,2,8,8,8,8,8,8,8,1
10,1165,4,9,1,1,0.01618,1920,4312,31,29,6,6,2,906304.125,2043510.625,22,24,255,255,978232372,978540208,87,180,0,0,82.557699,72.179164,1421928468,1421928468,0.754714,0.67613,0.00078,0.000618,0.000162,0,0,0.0,0.0,0,3,5,1,1,1,1,1,0
8,1166,19,0,0,0,0.001017,130,162,31,29,0,0,0,511307.7813,637168.1875,2,2,0,0,0,0,65,81,0,0,0.0,0.0,1421951738,1421951738,0.011,0.009,0.0,0.0,0.0,0,0,0.0,0.0,0,2,4,3,1,1,1,1,0
6,2,9,0,0,2,3e-06,114,0,254,0,0,0,0,152000000.0,0.0,2,0,0,0,0,0,57,0,0,0,0.0,0.0,1424223221,1424223221,0.003,0.0,0.0,0.0,0.0,0,2,,,2,17,17,8,10,8,8,17,1
10,1167,18,431,1,1,0.050089,2558,23148,31,29,7,14,2,398490.6875,3609095.75,40,42,255,255,1809955648,4071399423,64,551,0,0,80.324074,77.443277,1424242966,1424242966,1.276051,1.207756,0.000706,0.000568,0.000138,0,0,,,2,9,8,3,5,1,1,1,0
1,1168,20,8,1,1,0.02131,37232,3276,31,29,18,8,4,13708494.0,1199436.875,52,40,255,255,268589954,269661845,716,82,0,0,23.086117,1.065494,1421945508,1421945508,0.41932,0.53182,0.000676,0.000565,0.000111,0,0,0.0,0.0,0,1,1,7,7,4,4,4,0
6,2,6,0,0,2,9e-06,114,0,254,0,0,0,0,50666664.0,0.0,2,0,0,0,0,0,57,0,0,0,0.0,0.0,1424258974,1424258974,0.009,0.0,0.0,0.0,0.0,0,2,,,2,33,33,33,33,33,17,33,1
6,5,6,0,0,2,9e-06,114,0,254,0,0,0,0,50666664.0,0.0,2,0,0,0,0,0,57,0,0,0,0.0,0.0,1424260960,1424260960,0.009,0.0,0.0,0.0,0.0,0,2,,,2,33,33,17,16,16,16,34,1
3,1169,6,4,1,1,1.056596,826,1178,62,252,2,2,3,5633.184082,8033.344727,10,10,255,255,3097105172,1320428701,83,118,1,144,7526.184683,173.347578,1424261565,1424261566,117.399556,108.221664,0.13349,0.064746,0.068744,0,1,1.0,,2,1,1,1,1,1,1,2,0
6,1170,24,33,1,1,43.25124,1212,536,254,252,6,1,2,213.080597,91.003174,20,12,255,255,3551617696,231662950,61,45,0,0,301275.9205,11916.919,1421933724,1421933767,2276.375,3918.43425,0.291014,0.148458,0.142556,0,1,0.0,0.0,0,6,6,1,1,1,1,1,1
2,1171,11,18,1,1,1.314988,1356,69848,62,252,6,32,2,7933.152344,418686.7188,26,68,255,255,3209951597,3165582941,52,1027,0,0,2561.281387,1574.12765,1424236437,1424236438,52.599521,18.55594,0.088848,0.051068,0.03778,0,1,,,2,1,1,1,1,1,1,1,1
3,5,14,0,0,2,9e-06,114,0,254,0,0,0,0,50666664.0,0.0,2,0,0,0,0,0,57,0,0,0,0.0,0.0,1424246481,1424246481,0.009,0.0,0.0,0.0,0.0,0,2,,,2,30,30,17,18,17,17,30,1
6,5,6,0,0,2,7e-06,114,0,254,0,0,0,0,65142856.0,0.0,2,0,0,0,0,0,57,0,0,0,0.0,0.0,1424258982,1424258982,0.007,0.0,0.0,0.0,0.0,0,2,,,2,16,16,16,17,16,16,16,1
3,1172,15,10,0,2,8e-06,168,0,254,0,0,0,2,84000000.0,0.0,2,0,0,0,0,0,84,0,0,0,0.0,0.0,1424257692,1424257692,0.008,0.0,0.0,0.0,0.0,0,2,,,2,1,1,1,1,1,1,1,1
3,5,14,0,0,2,1e-05,114,0,254,0,0,0,0,45600000.0,0.0,2,0,0,0,0,0,57,0,0,0,0.0,0.0,1424248063,1424248063,0.01,0.0,0.0,0.0,0.0,0,2,,,2,34,34,34,34,34,15,34,1
2,8,9,6,58,2,7e-06,200,0,254,0,0,0,2,114285712.0,0.0,2,0,0,0,0,0,100,0,0,0,0.0,0.0,1421930722,1421930722,0.007,0.0,0.0,0.0,0.0,0,2,0.0,0.0,0,10,10,6,9,6,6,6,1
6,8,15,6,59,2,6e-06,156,0,254,0,0,0,2,104000000.0,0.0,2,0,0,0,0,0,78,0,0,0,0.0,0.0,1424261488,1424261488,0.006,0.0,0.0,0.0,0.0,0,2,,,2,2,2,2,2,2,2,2,1
3,1173,15,0,0,2,8e-06,134,0,62,0,0,0,0,67000000.0,0.0,2,0,0,0,0,0,67,0,0,0,0.0,0.0,1424238398,1424238398,0.008,0.0,0.0,0.0,0.0,0,2,,,2,2,2,1,1,1,1,2,1
2,5,2,0,0,2,7e-06,114,0,254,0,0,0,0,65142856.0,0.0,2,0,0,0,0,0,57,0,0,0,0.0,0.0,1424252918,1424252918,0.007,0.0,0.0,0.0,0.0,0,2,,,2,42,42,34,34,34,18,42,1
4,1174,18,432,1,1,0.052397,4342,66694,31,29,7,30,2,654083.25,10045308.0,74,74,255,255,1316366081,1328248652,59,901,0,0,0.0,1.137061,1424244368,1424244368,0.723431,0.711192,0.0006,0.000477,0.000123,0,0,,,2,11,8,4,4,1,1,2,0
3,5,3,0,0,2,3e-06,114,0,254,0,0,0,0,152000000.0,0.0,2,0,0,0,0,0,57,0,0,0,0.0,0.0,1424231296,1424231296,0.003,0.0,0.0,0.0,0.0,0,2,,,2,20,20,20,20,20,9,20,1
8,1175,20,433,1,1,0.04912,4862,79236,31,29,7,36,2,782573.25,12754886.0,84,86,255,255,4112648186,4120018650,58,921,0,0,0.0,32.220934,1421945944,1421945944,0.587916,0.572129,0.000626,0.000485,0.000141,0,0,0.0,0.0,0,6,6,6,2,1,1,1,0
2,5,2,0,0,2,3e-06,114,0,254,0,0,0,0,152000000.0,0.0,2,0,0,0,0,0,57,0,0,0,0.0,0.0,1424252689,1424252689,0.003,0.0,0.0,0.0,0.0,0,2,,,2,18,18,18,19,18,18,18,1
3,5,14,0,0,2,1e-05,114,0,254,0,0,0,0,45600000.0,0.0,2,0,0,0,0,0,57,0,0,0,0.0,0.0,1424244701,1424244701,0.01,0.0,0.0,0.0,0.0,0,2,,,2,39,39,17,21,17,17,39,1
4,1176,0,9,1,1,0.05831,1140,2470,31,29,4,4,2,145292.4063,317749.9688,14,16,255,255,2947983099,798694639,81,154,0,0,306.828612,7.963956,1424248096,1424248096,4.456308,3.847133,0.000734,0.000593,0.000141,0,0,,,2,5,3,1,2,1,1,3,0
10,1177,13,434,1,1,0.028929,2646,21006,31,29,7,14,2,714300.5,5670711.0,42,42,255,255,817796415,818130806,63,500,0,0,51.007392,1.438947,1421933844,1421933844,0.697341,0.689537,0.000808,0.000647,0.000161,0,0,0.0,0.0,0,4,15,7,3,1,1,1,0
10,1178,4,0,0,0,0.001041,146,178,31,29,0,0,0,560999.0625,683957.75,2,2,0,0,0,0,73,89,0,0,0.0,0.0,1421969570,1421969570,0.009,0.009,0.0,0.0,0.0,0,0,0.0,0.0,0,1,4,2,1,1,1,1,0
3,2,3,0,0,2,9e-06,114,0,254,0,0,0,0,50666664.0,0.0,2,0,0,0,0,0,57,0,0,0,0.0,0.0,1424232100,1424232100,0.009,0.0,0.0,0.0,0.0,0,2,,,2,34,34,14,14,14,9,34,1
1,1179,13,435,1,1,0.059061,2334,17532,31,29,7,12,2,307478.7188,2312321.25,36,38,255,255,4153270074,4153597503,65,461,0,0,116.464912,108.841842,1421950829,1421950829,1.678371,1.578892,0.000781,0.000631,0.00015,0,0,0.0,0.0,0,7,13,1,3,1,1,1,0
17,1180,20,0,0,0,0.001065,146,178,31,29,0,0,0,548356.8125,668544.625,2,2,0,0,0,0,73,89,0,0,0.0,0.0,1424248929,1424248929,0.008,0.01,0.0,0.0,0.0,0,0,,,2,2,4,1,1,1,1,4,0
2,8,15,6,3,2,5e-06,200,0,254,0,0,0,2,160000000.0,0.0,2,0,0,0,0,0,100,0,0,0,0.0,0.0,1424244413,1424244413,0.005,0.0,0.0,0.0,0.0,0,2,,,2,7,7,5,6,4,4,10,1
5,2,5,0,0,2,7e-06,264,0,60,0,0,0,0,150857136.0,0.0,2,0,0,0,0,0,132,0,0,0,0.0,0.0,1424239030,1424239030,0.007,0.0,0.0,0.0,0.0,0,0,,,2,27,27,27,27,27,14,27,0
3,2,3,0,0,2,5e-06,114,0,254,0,0,0,0,91200000.0,0.0,2,0,0,0,0,0,57,0,0,0,0.0,0.0,1424230393,1424230393,0.005,0.0,0.0,0.0,0.0,0,2,,,2,27,27,25,26,25,25,27,1
2,1181,17,4,1,1,1.027508,870,354,254,252,2,1,2,6096.302734,2413.606445,10,8,255,255,706070463,2982880615,87,44,0,0,7962.034303,185.161469,1421932786,1421932787,110.174444,135.452422,0.152294,0.079329,0.072965,0,1,0.0,0.0,0,6,1,1,4,1,1,1,1
3,2,14,0,0,2,9e-06,114,0,254,0,0,0,0,50666664.0,0.0,2,0,0,0,0,0,57,0,0,0,0.0,0.0,1424246479,1424246479,0.009,0.0,0.0,0.0,0.0,0,2,,,2,17,17,17,17,17,17,17,1
17,1182,13,436,0,0,0.001739,536,304,31,29,0,0,2,1849338.75,1048878.625,4,4,0,0,0,0,134,76,0,0,0.637574,0.278604,1424251772,1424251772,0.454333,0.201,0.0,0.0,0.0,0,0,,,2,4,6,4,2,1,1,2,0
1,1183,10,10,0,0,0.266329,568,312,31,29,0,0,2,12796.2041,7028.900391,4,4,0,0,0,0,142,78,0,0,103.228867,62.221859,1424227790,1424227790,73.003336,44.002,0.0,0.0,0.0,0,0,,,2,5,9,6,4,1,1,2,0
4,916,1,7,1,1,0.020414,1540,1644,31,29,4,4,2,565886.125,608601.9375,16,18,255,255,1665879432,3817031924,96,91,0,0,74.106406,2.096814,1421945463,1421945464,1.338,1.173706,0.000578,0.000455,0.000123,0,0,0.0,0.0,0,16,16,14,14,14,4,14,0
1,1184,12,437,0,0,0.001784,528,304,31,29,0,0,2,1775784.75,1022421.563,4,4,0,0,0,0,132,76,0,0,0.626025,0.327626,1424238139,1424238139,0.447667,0.236667,0.0,0.0,0.0,0,0,,,2,6,5,5,4,1,1,3,0
19,5,21,0,0,2,3e-06,264,0,60,0,0,0,0,352000000.0,0.0,2,0,0,0,0,0,132,0,0,0,0.0,0.0,1424259841,1424259841,0.003,0.0,0.0,0.0,0.0,0,0,,,2,30,30,19,19,19,19,30,0
2,1185,11,10,0,2,9e-06,168,0,254,0,0,0,2,74666664.0,0.0,2,0,0,0,0,0,84,0,0,0,0.0,0.0,1421927636,1421927636,0.009,0.0,0.0,0.0,0.0,0,2,0.0,0.0,0,1,1,1,1,1,1,1,1
8,1186,18,438,1,1,0.020651,2958,32648,31,29,7,18,2,1122270.125,12394945.0,48,50,255,255,3995437090,3998083238,62,653,0,0,25.188195,24.528321,1424257937,1424257937,0.432723,0.419667,0.000627,0.000503,0.000124,0,0,,,2,12,10,5,4,1,1,4,0
2,1187,24,33,1,1,0.639924,986,716,254,252,3,2,2,11301.3418,7838.431152,12,8,255,255,4214600068,4163893427,82,90,0,0,2756.500827,99.220719,1424240982,1424240983,55.479999,76.00143,0.168438,0.107911,0.060527,0,1,,,2,6,6,2,2,2,1,6,1
2,2,3,0,0,2,1e-06,114,0,254,0,0,0,0,456000000.0,0.0,2,0,0,0,0,0,57,0,0,0,0.0,0.0,1424237692,1424237692,0.001,0.0,0.0,0.0,0.0,0,2,,,2,15,15,9,10,9,9,15,1
3,2,3,0,0,2,9e-06,114,0,254,0,0,0,0,50666664.0,0.0,2,0,0,0,0,0,57,0,0,0,0.0,0.0,1424233725,1424233725,0.009,0.0,0.0,0.0,0.0,0,2,,,2,30,30,14,14,13,13,31,1
3,5,3,0,0,2,3e-06,114,0,254,0,0,0,0,152000000.0,0.0,2,0,0,0,0,0,57,0,0,0,0.0,0.0,1424233363,1424233363,0.003,0.0,0.0,0.0,0.0,0,2,,,2,18,18,18,18,18,18,18,1
12,1188,13,0,0,0,0.001011,146,178,31,29,0,0,0,577645.875,704253.1875,2,2,0,0,0,0,73,89,0,0,0.0,0.0,1424242322,1424242322,0.006,0.002,0.0,0.0,0.0,0,0,,,2,4,3,4,3,2,1,6,0
3,5,3,0,0,2,3e-06,114,0,254,0,0,0,0,152000000.0,0.0,2,0,0,0,0,0,57,0,0,0,0.0,0.0,1424232033,1424232033,0.003,0.0,0.0,0.0,0.0,0,2,,,2,29,29,4,4,4,4,29,1
3,5,14,0,0,2,4e-06,114,0,254,0,0,0,0,114000000.0,0.0,2,0,0,0,0,0,57,0,0,0,0.0,0.0,1424245634,1424245634,0.004,0.0,0.0,0.0,0.0,0,2,,,2,16,16,16,16,16,16,16,1
2,5,2,0,0,2,9e-06,114,0,254,0,0,0,0,50666664.0,0.0,2,0,0,0,0,0,57,0,0,0,0.0,0.0,1424253734,1424253734,0.009,0.0,0.0,0.0,0.0,0,2,,,2,20,20,13,13,13,13,20,1
3,1173,15,0,0,0,0.231939,134,166,62,252,0,0,0,2310.952393,2862.821533,2,2,0,0,0,0,67,83,0,0,0.0,0.0,1424238410,1424238410,0.008,0.003,0.0,0.0,0.0,0,3,,,2,3,3,1,1,1,1,3,1
9,8,15,6,52,2,2e-06,200,0,254,0,0,0,2,400000000.0,0.0,2,0,0,0,0,0,100,0,0,0,0.0,0.0,1424258816,1424258816,0.002,0.0,0.0,0.0,0.0,0,2,,,2,7,7,4,6,4,4,7,1
3,1189,16,439,1,1,1.139079,3536,354,254,252,3,1,2,22769.27344,2177.19751,12,8,255,255,1890857777,1206493148,295,44,0,0,6639.47367,318.2135,1421930850,1421930851,100.090637,151.363,0.133225,0.07953,0.053695,0,1,0.0,0.0,0,3,1,1,1,1,1,1,1
12,1190,0,0,0,0,0.00101,130,162,31,29,0,0,0,514851.4688,641584.125,2,2,0,0,0,0,65,81,0,0,0.0,0.0,1424248450,1424248450,0.009,0.007,0.0,0.0,0.0,0,0,,,2,2,3,3,2,1,1,1,0
12,1191,4,440,1,1,0.018772,2958,32796,31,29,7,18,2,1234604.75,13697421.0,48,50,255,255,1922997615,4078860936,62,656,0,0,23.974973,23.219596,1424253481,1424253481,0.4015,0.372,0.000674,0.000541,0.000133,0,0,,,2,6,4,4,2,1,1,1,0
13,1192,1,10,0,0,0.004618,568,312,31,29,0,0,2,737981.875,405370.3125,4,4,0,0,0,0,142,78,0,0,1.685743,1.454283,1424259864,1424259864,1.199,1.035333,0.0,0.0,0.0,0,0,,,2,12,5,6,8,1,1,4,0
7,5,7,0,0,2,7e-06,264,0,60,0,0,0,0,150857136.0,0.0,2,0,0,0,0,0,132,0,0,0,0.0,0.0,1424248203,1424248203,0.007,0.0,0.0,0.0,0.0,0,0,,,2,43,43,43,43,43,20,43,0
17,1193,12,4,1,1,1.121067,1684,10168,31,29,3,5,3,11160.7959,68534.70313,14,18,255,255,1957269804,4103616494,120,565,1,3924,9599.417268,8404.639659,1424258793,1424258794,86.209921,65.913824,0.000665,0.000527,0.000138,0,0,1.0,,2,1,2,5,2,1,1,2,0
0,1194,12,7,1,1,0.01853,1540,1644,31,29,4,4,2,623421.5,670480.3125,16,18,255,255,3438213528,1292757181,96,91,0,0,73.602814,2.300572,1421948255,1421948255,1.2148,1.062529,0.000593,0.000463,0.00013,0,0,0.0,0.0,0,12,13,9,10,6,1,8,0
10,1195,8,441,1,1,0.29283,424,8824,31,29,1,4,5,10135.57422,220988.2969,8,12,255,255,146713602,2341900143,53,735,0,0,3348.044757,2013.321086,1421960966,1421960966,41.787571,26.465273,0.004502,0.001708,0.002794,0,0,0.0,0.0,0,3,6,4,4,1,1,2,0
9,8,15,6,23,2,9e-06,200,0,254,0,0,0,2,88888888.0,0.0,2,0,0,0,0,0,100,0,0,0,0.0,0.0,1424258798,1424258798,0.009,0.0,0.0,0.0,0.0,0,2,,,2,2,2,1,2,1,1,2,1
5,2,5,0,0,2,1e-06,264,0,60,0,0,0,0,1056000000.0,0.0,2,0,0,0,0,0,132,0,0,0,0.0,0.0,1424237862,1424237862,0.001,0.0,0.0,0.0,0.0,0,0,,,2,27,27,27,27,27,14,27,0
2,2,3,0,0,2,3e-06,114,0,254,0,0,0,0,152000000.0,0.0,2,0,0,0,0,0,57,0,0,0,0.0,0.0,1424238899,1424238899,0.003,0.0,0.0,0.0,0.0,0,2,,,2,39,39,24,24,24,24,39,1
3,5,14,0,0,2,4e-06,114,0,254,0,0,0,0,114000000.0,0.0,2,0,0,0,0,0,57,0,0,0,0.0,0.0,1424245231,1424245231,0.004,0.0,0.0,0.0,0.0,0,2,,,2,29,29,17,17,17,17,29,1
3,2,14,0,0,2,3e-06,114,0,254,0,0,0,0,152000000.0,0.0,2,0,0,0,0,0,57,0,0,0,0.0,0.0,1424244908,1424244908,0.003,0.0,0.0,0.0,0.0,0,2,,,2,39,39,39,40,39,22,39,1
6,1196,24,1,1,1,3.197127,1244,1638,62,252,7,9,1,2985.179932,3913.513428,24,22,255,255,2234276955,2975268964,52,74,0,0,7952.141991,277.946656,1424223987,1424223990,139.005529,148.683281,0.104627,0.074098,0.030529,0,1,,1.0,3,1,1,2,4,1,1,2,1
1,1197,12,4,1,1,1.180142,1580,10168,31,29,3,5,3,9822.546875,65104.02734,12,18,255,255,3113592007,3118826057,132,565,1,3924,9924.686962,7991.608824,1421958011,1421958012,107.252092,69.387883,0.000692,0.000541,0.000151,0,0,1.0,0.0,0,3,1,2,3,1,1,1,0
15,5,5,0,0,2,9e-06,264,0,60,0,0,0,0,117333328.0,0.0,2,0,0,0,0,0,132,0,0,0,0.0,0.0,1424254810,1424254810,0.009,0.0,0.0,0.0,0.0,0,0,,,2,38,38,38,38,38,17,38,0
10,1198,0,0,0,0,0.001005,130,162,31,29,0,0,0,517412.9375,644776.125,2,2,0,0,0,0,65,81,0,0,0.0,0.0,1424261128,1424261128,0.009,0.006,0.0,0.0,0.0,0,0,,,2,2,1,3,5,1,1,2,0
3,2,3,0,0,2,8e-06,114,0,254,0,0,0,0,57000000.0,0.0,2,0,0,0,0,0,57,0,0,0,0.0,0.0,1424232952,1424232952,0.008,0.0,0.0,0.0,0.0,0,2,,,2,25,25,25,26,25,25,25,1
13,1199,1,442,1,1,0.019852,2646,24694,31,29,7,15,2,1040902.688,9725167.0,42,44,255,255,2727909810,582813291,63,561,0,0,27.956575,27.185527,1424239696,1424239696,0.48805,0.457171,0.001237,0.001098,0.000139,0,0,,,2,10,11,8,7,1,1,3,0
2,5,3,0,0,2,9e-06,114,0,254,0,0,0,0,50666664.0,0.0,2,0,0,0,0,0,57,0,0,0,0.0,0.0,1424239527,1424239527,0.009,0.0,0.0,0.0,0.0,0,2,,,2,33,33,20,20,20,20,33,1
3,2,3,0,0,2,5e-06,114,0,254,0,0,0,0,91200000.0,0.0,2,0,0,0,0,0,57,0,0,0,0.0,0.0,1424233365,1424233365,0.005,0.0,0.0,0.0,0.0,0,2,,,2,25,25,25,25,25,25,25,1
2,2,2,0,0,2,9e-06,114,0,254,0,0,0,0,50666664.0,0.0,2,0,0,0,0,0,57,0,0,0,0.0,0.0,1424254398,1424254398,0.009,0.0,0.0,0.0,0.0,0,2,,,2,16,16,16,16,16,16,16,1
7,5,7,0,0,2,3e-06,264,0,60,0,0,0,0,352000000.0,0.0,2,0,0,0,0,0,132,0,0,0,0.0,0.0,1424246492,1424246492,0.003,0.0,0.0,0.0,0.0,0,0,,,2,36,36,19,19,19,19,36,0
2,2,2,0,0,2,9e-06,114,0,254,0,0,0,0,50666664.0,0.0,2,0,0,0,0,0,57,0,0,0,0.0,0.0,1424251688,1424251688,0.009,0.0,0.0,0.0,0.0,0,2,,,2,21,21,3,3,3,3,21,1
4,1200,12,4,1,1,1.160802,1684,10168,31,29,3,5,2,10778.75488,66188.71875,14,18,255,255,82251691,2232879938,120,565,2,192,8838.237654,7738.512188,1421945214,1421945215,89.264536,68.232118,0.000991,0.000852,0.000139,0,0,6.0,0.0,0,9,11,8,6,2,2,6,0
11,1201,13,0,0,0,0.000952,146,178,31,29,0,0,0,613445.375,747899.1875,2,2,0,0,0,0,73,89,0,0,0.0,0.0,1421967745,1421967745,0.01,0.005,0.0,0.0,0.0,0,0,0.0,0.0,0,2,1,3,1,1,1,1,0
1,672,0,0,0,0,0.001052,146,178,31,29,0,0,0,555133.0625,676806.125,2,2,0,0,0,0,73,89,0,0,0.0,0.0,1421928469,1421928469,0.011,0.008,0.0,0.0,0.0,0,0,0.0,0.0,0,2,2,1,2,1,1,1,0
4,1202,12,0,0,0,0.001054,146,178,31,29,0,0,0,554079.6875,675521.8125,2,2,0,0,0,0,73,89,0,0,0.0,0.0,1424247538,1424247538,0.01,0.006,0.0,0.0,0.0,0,0,,,2,1,2,1,2,1,1,1,0
2,5,2,0,0,2,1e-05,114,0,254,0,0,0,0,45600000.0,0.0,2,0,0,0,0,0,57,0,0,0,0.0,0.0,1424252054,1424252054,0.01,0.0,0.0,0.0,0.0,0,2,,,2,29,29,18,19,18,18,29,1
1,1203,1,443,0,0,0.001647,520,304,31,29,0,0,2,1894353.375,1107468.125,4,4,0,0,0,0,130,76,0,0,0.600333,0.271772,1424228605,1424228605,0.428,0.197667,0.0,0.0,0.0,0,0,,,2,3,7,7,3,1,1,4,0
2,2,2,0,0,2,4e-06,114,0,254,0,0,0,0,114000000.0,0.0,2,0,0,0,0,0,57,0,0,0,0.0,0.0,1424251919,1424251919,0.004,0.0,0.0,0.0,0.0,0,2,,,2,28,28,8,10,8,8,28,1
3,5,14,0,0,2,4e-06,114,0,254,0,0,0,0,114000000.0,0.0,2,0,0,0,0,0,57,0,0,0,0.0,0.0,1424246300,1424246300,0.004,0.0,0.0,0.0,0.0,0,2,,,2,39,39,39,41,39,17,39,1
8,1204,8,8,1,1,0.251958,37272,3276,31,29,18,8,4,1160701.375,101445.4766,52,40,255,255,8553223,9451337,717,82,0,0,734.499653,25.699213,1421944952,1421944953,4.933471,6.44818,0.000609,0.000475,0.000134,0,0,0.0,0.0,0,1,1,4,6,2,2,2,0
3,1205,2,4,1,1,0.464718,1044,354,254,252,2,1,3,16181.85645,5336.569336,10,8,255,255,565316197,3470274594,104,44,1,0,3160.943074,110.969641,1424245707,1424245708,51.635333,59.25143,0.094856,0.04923,0.045626,0,1,1.0,,2,2,1,1,18,1,1,1,1
3,2,14,0,0,2,8e-06,114,0,254,0,0,0,0,57000000.0,0.0,2,0,0,0,0,0,57,0,0,0,0.0,0.0,1424244662,1424244662,0.008,0.0,0.0,0.0,0.0,0,2,,,2,51,51,39,39,39,29,51,1
2,5,2,0,0,2,1e-05,114,0,254,0,0,0,0,45600000.0,0.0,2,0,0,0,0,0,57,0,0,0,0.0,0.0,1424252349,1424252349,0.01,0.0,0.0,0.0,0.0,0,2,,,2,19,19,18,18,18,18,19,1
17,1206,20,30,1,1,0.006477,3728,5474,31,29,7,7,6,4461324.5,6479543.0,32,24,255,255,4163183586,4163486159,117,228,0,0,12.884417,0.366104,1421941137,1421941137,0.208935,0.250565,0.000704,0.000569,0.000135,0,0,0.0,0.0,0,2,1,4,2,2,1,1,0
23,8,29,6,5,0,48.114487,56,92,0,0,0,0,2,4.655562,7.648424,2,2,0,0,0,0,28,46,0,0,0.0,0.0,1421928549,1421928597,48114.372,48114.328,0.0,0.0,0.0,0,0,0.0,0.0,0,2,2,2,2,2,2,2,0
11,1207,0,0,0,0,0.001085,146,178,31,29,0,0,0,538248.875,656221.1875,2,2,0,0,0,0,73,89,0,0,0.0,0.0,1424225610,1424225610,0.008,0.002,0.0,0.0,0.0,0,0,,,2,4,2,1,3,3,1,1,0
14,1208,10,7,1,1,0.272287,1540,1644,31,29,4,4,2,42425.82031,45628.32422,16,18,255,255,1394068304,1410584827,96,91,0,0,1037.542265,29.904326,1424240581,1424240581,18.126799,15.986529,0.000639,0.000507,0.000132,0,0,,,2,10,7,6,11,5,1,6,0
12,1209,20,10,0,0,0.004774,568,320,31,29,0,0,2,713866.75,402178.4688,4,4,0,0,0,0,142,80,0,0,1.725105,1.551864,1421962245,1421962245,1.224333,1.105333,0.0,0.0,0.0,0,0,0.0,0.0,0,5,8,6,4,2,2,4,0
7,5,7,0,0,2,2e-06,264,0,60,0,0,0,0,528000000.0,0.0,2,0,0,0,0,0,132,0,0,0,0.0,0.0,1424246685,1424246685,0.002,0.0,0.0,0.0,0.0,0,0,,,2,40,40,22,22,22,22,40,0
2,2,3,0,0,2,3e-06,114,0,254,0,0,0,0,152000000.0,0.0,2,0,0,0,0,0,57,0,0,0,0.0,0.0,1424239001,1424239001,0.003,0.0,0.0,0.0,0.0,0,2,,,2,43,43,23,23,23,23,43,1
17,1210,13,7,1,1,0.017955,1540,1644,31,29,4,4,2,643386.25,691952.125,16,18,255,255,2296845694,152426625,96,91,0,0,71.71219,2.015774,1424228692,1424228692,1.176733,1.029294,0.00056,0.000452,0.000108,0,0,,,2,10,6,7,10,6,1,7,0
4,1211,20,444,1,1,0.013915,2438,19408,31,29,7,13,2,1364858.125,10879195.0,38,40,255,255,1458669605,3604356093,64,485,0,0,21.793166,21.47452,1421941698,1421941698,0.36727,0.342718,0.000654,0.000538,0.000116,0,0,0.0,0.0,0,10,4,1,6,1,1,1,0
5,5,7,0,0,2,3e-06,264,0,60,0,0,0,0,352000000.0,0.0,2,0,0,0,0,0,132,0,0,0,0.0,0.0,1424232903,1424232903,0.003,0.0,0.0,0.0,0.0,0,0,,,2,41,41,25,25,25,25,41,0
9,1212,9,64,0,2,7e-06,186,0,254,0,0,0,2,106285712.0,0.0,2,0,0,0,0,0,93,0,0,0,0.0,0.0,1421933767,1421933767,0.007,0.0,0.0,0.0,0.0,0,2,0.0,0.0,0,6,5,1,1,1,1,1,1
3,5,3,0,0,2,8e-06,114,0,254,0,0,0,0,57000000.0,0.0,2,0,0,0,0,0,57,0,0,0,0.0,0.0,1424233218,1424233218,0.008,0.0,0.0,0.0,0.0,0,2,,,2,19,19,18,18,18,18,20,1
3,1213,14,445,1,3,1e-06,90,0,254,0,1,0,2,360000000.0,0.0,2,0,255,0,0,0,45,0,0,0,0.0,0.0,1424246736,1424246736,0.001,0.0,0.0,0.0,0.0,0,6,,,2,10,7,3,4,1,1,8,0
3,1214,14,26,1,1,0.893065,534,354,254,252,2,1,2,4308.756836,2776.953613,10,8,255,255,1147096392,136155016,53,44,0,0,5109.553183,196.844672,1421928304,1421928305,99.135333,109.882711,0.292933,0.123879,0.169054,0,1,0.0,0.0,0,7,4,1,1,1,1,1,1
3,2,3,0,0,2,3e-06,114,0,254,0,0,0,0,152000000.0,0.0,2,0,0,0,0,0,57,0,0,0,0.0,0.0,1424233387,1424233387,0.003,0.0,0.0,0.0,0.0,0,2,,,2,29,29,11,11,11,11,29,1
4,1215,1,446,1,1,0.071983,5174,89926,31,29,7,39,2,568689.8125,9885556.0,90,92,255,255,2795223284,2799715753,57,977,0,0,49.60555,48.442821,1424247316,1424247316,0.814511,0.7928,0.000768,0.000621,0.000147,0,0,,,2,3,2,1,1,1,1,1,0
2,2,3,0,0,2,3e-06,114,0,254,0,0,0,0,152000000.0,0.0,2,0,0,0,0,0,57,0,0,0,0.0,0.0,1424238959,1424238959,0.003,0.0,0.0,0.0,0.0,0,2,,,2,37,37,11,11,11,11,37,1
12,1216,0,447,1,1,0.088842,4862,75600,31,29,7,36,2,432678.25,6728439.5,84,86,255,255,3855434705,3864093092,58,879,0,0,75.245198,74.293028,1424221644,1424221644,1.092531,1.051869,0.000595,0.000483,0.000112,0,0,,,2,5,1,2,2,1,1,1,0
10,1217,8,7,1,1,0.158766,1540,1644,31,29,4,4,2,72761.17188,78253.53125,16,18,255,255,1611641115,3805313492,96,91,0,0,798.351059,18.130689,1424236766,1424236766,10.5634,9.309823,0.00087,0.00049,0.00038,0,0,,,2,8,6,6,4,2,1,7,0
2,5,3,0,0,2,4e-06,114,0,254,0,0,0,0,114000000.0,0.0,2,0,0,0,0,0,57,0,0,0,0.0,0.0,1424240423,1424240423,0.004,0.0,0.0,0.0,0.0,0,2,,,2,33,33,20,20,20,20,33,1
10,1218,0,9,1,1,0.007233,1920,4312,31,29,6,6,2,2027374.625,4571270.5,22,24,255,255,1211648743,1211939618,87,180,0,0,23.09791,17.223359,1424251544,1424251544,0.328048,0.289783,0.000717,0.000559,0.000158,0,0,,,2,7,3,2,4,1,1,1,0
2,5,2,0,0,2,5e-06,114,0,254,0,0,0,0,91200000.0,0.0,2,0,0,0,0,0,57,0,0,0,0.0,0.0,1424255082,1424255082,0.005,0.0,0.0,0.0,0.0,0,2,,,2,24,24,18,18,18,18,24,1
14,348,19,448,1,1,0.019668,3182,36578,31,29,7,20,2,1269473.25,14602807.0,52,54,255,255,2420271020,275158078,61,677,0,0,22.023019,21.459722,1424251703,1424251703,0.378569,0.360302,0.000719,0.000567,0.000152,0,0,,,2,3,2,1,4,1,1,1,0
2,5,3,0,0,2,1e-06,114,0,254,0,0,0,0,456000000.0,0.0,2,0,0,0,0,0,57,0,0,0,0.0,0.0,1424239443,1424239443,0.001,0.0,0.0,0.0,0.0,0,2,,,2,45,45,20,20,20,20,45,1
12,1219,0,0,0,0,0.001098,146,178,31,29,0,0,0,531876.125,648451.75,2,2,0,0,0,0,73,89,0,0,0.0,0.0,1424224112,1424224112,0.009,0.007,0.0,0.0,0.0,0,0,,,2,1,4,6,2,1,1,1,0
2,2,2,0,0,2,4e-06,114,0,254,0,0,0,0,114000000.0,0.0,2,0,0,0,0,0,57,0,0,0,0.0,0.0,1424252908,1424252908,0.004,0.0,0.0,0.0,0.0,0,2,,,2,46,46,31,31,31,14,46,1
1,1220,12,449,1,1,0.003007,320,1858,31,29,1,2,5,710342.5,4325906.0,6,8,255,255,445578456,449720648,53,232,0,0,29.994863,0.585081,1421942659,1421942659,0.5376,0.355714,0.000657,0.000513,0.000144,0,0,0.0,0.0,0,6,3,4,5,1,1,4,0
2,2,3,0,0,2,9e-06,114,0,254,0,0,0,0,50666664.0,0.0,2,0,0,0,0,0,57,0,0,0,0.0,0.0,1424239289,1424239289,0.009,0.0,0.0,0.0,0.0,0,2,,,2,28,28,8,8,8,8,28,1
14,1221,13,0,0,0,0.00108,146,178,31,29,0,0,0,540740.75,659259.3125,2,2,0,0,0,0,73,89,0,0,0.0,0.0,1421936425,1421936425,0.011,0.009,0.0,0.0,0.0,0,0,0.0,0.0,0,2,1,1,3,1,1,1,0
2,2,3,0,0,2,8e-06,114,0,254,0,0,0,0,57000000.0,0.0,2,0,0,0,0,0,57,0,0,0,0.0,0.0,1424239362,1424239362,0.008,0.0,0.0,0.0,0.0,0,2,,,2,31,31,19,19,19,19,31,1
3,2,14,0,0,2,3e-06,114,0,254,0,0,0,0,152000000.0,0.0,2,0,0,0,0,0,57,0,0,0,0.0,0.0,1424247982,1424247982,0.003,0.0,0.0,0.0,0.0,0,2,,,2,33,33,33,33,33,20,33,1
11,978,20,450,1,1,0.014589,2750,28086,31,29,7,16,2,1473987.25,15066695.0,44,46,255,255,3856752133,1715867208,63,611,0,0,19.514994,18.047176,1421970371,1421970371,0.331465,0.319341,0.000689,0.000532,0.000157,0,0,0.0,0.0,0,4,6,1,9,1,1,1,0
8,1222,0,451,1,1,0.464689,424,8824,31,29,1,4,5,6387.067871,139258.7344,8,12,255,255,1214164925,1866983634,53,735,0,0,4537.914742,3613.970532,1421968618,1421968618,66.335426,42.199638,0.001368,0.000492,0.000876,0,0,0.0,0.0,0,2,2,1,4,1,1,1,0
0,1223,12,0,0,0,0.00108,146,178,31,29,0,0,0,540740.75,659259.3125,2,2,0,0,0,0,73,89,0,0,0.0,0.0,1421931099,1421931099,0.01,0.008,0.0,0.0,0.0,0,0,0.0,0.0,0,3,3,3,3,2,1,1,0
12,1224,8,9,1,1,0.02218,2054,2478,31,29,6,6,2,707303.875,856627.5625,22,24,255,255,434411385,434712087,93,103,0,0,122.448252,110.054009,1421929273,1421929273,1.038429,0.933348,0.000834,0.000702,0.000132,0,0,0.0,0.0,0,2,7,4,1,1,1,1,0
5,5,5,0,0,2,7e-06,264,0,60,0,0,0,0,150857136.0,0.0,2,0,0,0,0,0,132,0,0,0,0.0,0.0,1424239267,1424239267,0.007,0.0,0.0,0.0,0.0,0,0,,,2,22,22,11,11,11,11,22,0
2,1225,24,4,1,1,2.4348,2258,318250,62,252,2,121,3,7251.52002,1041422.75,44,246,255,255,82377946,2230877488,51,1294,1,153934,2723.925909,1163.743518,1424247757,1424247759,56.623256,9.734204,0.074502,0.0496,0.024902,0,1,1.0,,2,2,1,1,1,1,1,1,1
5,2,5,0,0,2,8e-06,264,0,60,0,0,0,0,132000000.0,0.0,2,0,0,0,0,0,132,0,0,0,0.0,0.0,1421931158,1421931158,0.008,0.0,0.0,0.0,0.0,0,0,0.0,0.0,0,11,11,5,5,5,3,5,0
2,2,2,0,0,2,3e-06,114,0,254,0,0,0,0,152000000.0,0.0,2,0,0,0,0,0,57,0,0,0,0.0,0.0,1424252727,1424252727,0.003,0.0,0.0,0.0,0.0,0,2,,,2,16,16,16,16,16,16,16,1
13,1226,1,7,1,1,0.016312,1540,1644,31,29,4,4,2,708190.3125,761647.875,16,18,255,255,191923328,197537918,96,91,0,0,63.876472,1.857628,1424243392,1424243392,1.066733,0.932176,0.000584,0.000462,0.000122,0,0,,,2,8,11,3,5,2,1,7,0
1,1227,10,4,1,1,1.2611,1684,10168,31,29,3,5,3,9921.49707,60924.58594,14,18,255,255,3850754778,3889536822,120,565,1,3924,8991.921231,7871.922029,1424258377,1424258378,96.978231,74.153,0.000608,0.000496,0.000112,0,0,1.0,,2,1,1,3,2,1,1,1,0
4,1228,18,452,1,1,0.074033,5486,95318,31,29,7,42,2,586657.3125,10195021.0,96,98,255,255,1555780747,3701464464,57,973,0,0,42.479534,42.222427,1424226730,1424226730,0.784245,0.764875,0.000741,0.0006,0.000141,0,0,,,2,6,2,1,4,1,1,4,0
8,270,13,7,1,1,0.018014,1540,1644,31,29,4,4,2,641279.0,689685.75,16,18,255,255,2704428739,558643440,96,91,0,0,71.716673,2.202273,1424219956,1424219956,1.180933,1.032471,0.000587,0.000458,0.000129,0,0,,,2,9,8,3,3,3,1,2,0
17,1229,1,4,1,1,2.02328,1684,10168,31,29,3,5,3,6184.018555,37973.98438,14,18,255,255,4162738830,4197309074,120,565,1,3924,10976.26784,9601.527391,1421966034,1421966036,155.609538,118.984941,0.000686,0.00053,0.000156,0,0,1.0,0.0,0,3,2,4,4,3,1,1,0
13,1230,1,4,1,1,1.208709,1684,10168,31,29,3,5,3,10351.54004,63565.33984,14,18,255,255,2383420296,241520273,120,565,1,3924,8901.590541,7793.955126,1424225579,1424225580,92.947998,71.068059,0.000683,0.000546,0.000137,0,0,1.0,,2,1,2,3,3,1,1,2,0
11,1231,19,453,1,1,0.068349,2974,32564,31,29,7,18,2,340956.0,3735300.0,48,50,255,255,1294701101,3440695851,62,651,0,0,80.326471,73.629026,1421956698,1421956698,1.447043,1.370837,0.001351,0.001168,0.000183,0,0,0.0,0.0,0,11,10,5,9,1,1,1,0
2,5,2,0,0,2,9e-06,114,0,254,0,0,0,0,50666664.0,0.0,2,0,0,0,0,0,57,0,0,0,0.0,0.0,1424253013,1424253013,0.009,0.0,0.0,0.0,0.0,0,2,,,2,17,17,18,17,17,17,17,1
2,2,3,0,0,2,1e-06,114,0,254,0,0,0,0,456000000.0,0.0,2,0,0,0,0,0,57,0,0,0,0.0,0.0,1424238631,1424238631,0.001,0.0,0.0,0.0,0.0,0,2,,,2,32,32,12,12,12,12,32,1
2,5,2,0,0,2,9e-06,114,0,254,0,0,0,0,50666664.0,0.0,2,0,0,0,0,0,57,0,0,0,0.0,0.0,1424253384,1424253384,0.009,0.0,0.0,0.0,0.0,0,2,,,2,32,32,14,14,14,7,32,1
6,1232,6,454,0,2,5e-06,194,0,254,0,0,0,2,155200000.0,0.0,2,0,0,0,0,0,97,0,0,0,0.0,0.0,1424247512,1424247512,0.005,0.0,0.0,0.0,0.0,0,2,,,2,1,1,1,1,1,1,1,1
8,1233,4,30,1,1,0.023163,9400,12298,31,29,26,31,6,3216163.75,4210508.0,106,114,255,255,3106194689,956934733,89,108,0,0,13.875068,12.510866,1421952191,1421952191,0.217629,0.201393,0.000751,0.000597,0.000154,0,0,0.0,0.0,0,1,1,5,2,1,1,1,0
8,1234,1,455,1,1,0.022877,3302,35742,31,29,7,21,2,1133365.375,12275735.0,54,56,255,255,1089263345,3244562907,61,638,0,0,26.770133,26.001323,1421960431,1421960431,0.425434,0.405727,0.000706,0.000558,0.000148,0,0,0.0,0.0,0,9,7,3,6,1,1,2,0
13,1235,8,456,0,0,0.001766,528,304,31,29,0,0,2,1793884.5,1032842.625,4,4,0,0,0,0,132,76,0,0,0.629091,0.320558,1424235683,1424235683,0.450333,0.231667,0.0,0.0,0.0,0,0,,,2,10,6,4,4,1,1,4,0
1,1236,4,457,1,1,0.17063,4862,82782,31,29,7,36,2,225282.7813,3836136.75,84,86,255,255,568217053,689135739,58,963,0,0,104.072038,102.689484,1424250244,1424250244,2.051096,2.0008,0.000693,0.000559,0.000134,0,0,,,2,13,9,3,6,1,1,7,0
12,1237,8,4,1,1,1.112917,1580,10168,31,29,3,5,2,10415.87207,69036.60156,12,18,255,255,3575850193,3576922750,132,565,2,192,10376.33039,8360.836186,1421945549,1421945550,101.139817,65.434999,0.000649,0.000518,0.000131,0,0,6.0,0.0,0,20,11,11,19,5,5,9,0
6,1238,16,12,0,2,7e-06,104,0,254,0,0,0,2,59428572.0,0.0,2,0,0,0,0,0,52,0,0,0,0.0,0.0,1424253346,1424253346,0.007,0.0,0.0,0.0,0.0,0,2,,,2,3,4,2,2,2,1,3,1
2,5,2,0,0,2,1e-05,114,0,254,0,0,0,0,45600000.0,0.0,2,0,0,0,0,0,57,0,0,0,0.0,0.0,1424252913,1424252913,0.01,0.0,0.0,0.0,0.0,0,2,,,2,40,40,31,31,31,15,40,1
2,5,3,0,0,2,9e-06,114,0,254,0,0,0,0,50666664.0,0.0,2,0,0,0,0,0,57,0,0,0,0.0,0.0,1424238630,1424238630,0.009,0.0,0.0,0.0,0.0,0,2,,,2,32,32,20,20,20,20,32,1
3,1239,16,4,1,1,0.276247,812,1562,62,252,2,2,3,21169.46094,39587.76172,10,8,255,255,2272403315,815083063,81,195,1,365,1548.793915,54.53975,1424232115,1424232115,30.694111,38.278715,0.038534,0.007803,0.030731,0,1,1.0,,2,1,2,1,14,1,1,1,1
3,2,14,0,0,2,3e-06,114,0,254,0,0,0,0,152000000.0,0.0,2,0,0,0,0,0,57,0,0,0,0.0,0.0,1424246225,1424246225,0.003,0.0,0.0,0.0,0.0,0,2,,,2,39,39,16,17,16,16,39,1
12,1240,18,0,0,0,0.001147,130,162,31,29,0,0,0,453356.5938,564952.0625,2,2,0,0,0,0,65,81,0,0,0.0,0.0,1424246873,1424246873,0.01,0.009,0.0,0.0,0.0,0,0,,,2,6,2,2,5,4,1,2,0
1,1241,10,458,1,1,0.010911,2438,20006,31,29,7,13,2,1740628.75,14301897.0,38,40,255,255,295268334,2445090163,64,500,0,0,16.19447,15.863372,1424249599,1424249599,0.286081,0.265923,0.000672,0.000534,0.000138,0,0,,,2,18,4,3,7,1,1,3,0
3,2,14,0,0,2,9e-06,114,0,254,0,0,0,0,50666664.0,0.0,2,0,0,0,0,0,57,0,0,0,0.0,0.0,1424245681,1424245681,0.009,0.0,0.0,0.0,0.0,0,2,,,2,34,34,22,24,22,22,34,1
6,5,6,0,0,2,8e-06,114,0,254,0,0,0,0,57000000.0,0.0,2,0,0,0,0,0,57,0,0,0,0.0,0.0,1424259508,1424259508,0.008,0.0,0.0,0.0,0.0,0,2,,,2,16,16,18,16,16,16,16,1
12,1242,20,459,1,1,0.021921,2750,28194,31,29,7,16,2,980977.1875,10065964.0,44,46,255,255,2689250429,544114716,63,613,0,0,29.695157,28.114282,1424259141,1424259141,0.502674,0.4748,0.000689,0.00055,0.000139,0,0,,,2,6,6,1,2,1,1,4,0
14,1243,19,0,0,0,0.000939,146,178,31,29,0,0,0,621938.25,758253.5,2,2,0,0,0,0,73,89,0,0,0.0,0.0,1424222527,1424222527,0.003,0.005,0.0,0.0,0.0,0,0,,,2,3,1,2,1,1,1,1,0
2,1244,6,10,0,2,1e-05,168,0,254,0,0,0,2,67200000.0,0.0,2,0,0,0,0,0,84,0,0,0,0.0,0.0,1424245367,1424245367,0.01,0.0,0.0,0.0,0.0,0,2,,,2,1,1,1,1,1,1,1,1
11,1245,12,0,0,0,0.001057,146,178,31,29,0,0,0,552507.0625,673604.5,2,2,0,0,0,0,73,89,0,0,0.0,0.0,1421970844,1421970844,0.011,0.009,0.0,0.0,0.0,0,0,0.0,0.0,0,3,2,1,9,2,1,1,0
2,5,3,0,0,2,1e-05,114,0,254,0,0,0,0,45600000.0,0.0,2,0,0,0,0,0,57,0,0,0,0.0,0.0,1424239647,1424239647,0.01,0.0,0.0,0.0,0.0,0,2,,,2,26,26,23,20,20,20,26,1
2,2,3,0,0,2,4e-06,114,0,254,0,0,0,0,114000000.0,0.0,2,0,0,0,0,0,57,0,0,0,0.0,0.0,1421933568,1421933568,0.004,0.0,0.0,0.0,0.0,0,2,0.0,0.0,0,13,13,2,2,2,2,2,1
2,5,2,0,0,2,7e-06,114,0,254,0,0,0,0,65142856.0,0.0,2,0,0,0,0,0,57,0,0,0,0.0,0.0,1424252416,1424252416,0.007,0.0,0.0,0.0,0.0,0,2,,,2,18,18,18,19,18,18,18,1
2,1246,16,460,1,3,8.591727,360,0,254,0,7,0,2,293.305389,0.0,8,0,255,0,0,0,45,0,0,0,2244.14275,0.0,1424232609,1424232617,1227.389625,0.0,0.0,0.0,0.0,0,6,,,2,33,33,8,8,2,2,33,0
13,1247,12,461,1,1,0.009307,2230,15228,31,29,7,11,2,1860964.875,12725905.0,34,36,255,255,548111815,2693788853,66,423,0,0,15.767992,14.481743,1424229974,1424229974,0.271333,0.257353,0.000691,0.000547,0.000144,0,0,,,2,2,4,1,2,1,1,2,0
2,8,6,6,60,2,9e-06,200,0,254,0,0,0,2,88888888.0,0.0,2,0,0,0,0,0,100,0,0,0,0.0,0.0,1424237338,1424237338,0.009,0.0,0.0,0.0,0.0,0,2,,,2,5,5,1,15,1,1,5,1
4,1248,18,9,1,1,0.004202,1036,2262,31,29,4,4,2,1808662.625,3948596.0,12,12,255,255,784773873,2934650553,86,189,0,0,17.708315,0.395871,1421958902,1421958902,0.350636,0.330727,0.000688,0.000553,0.000135,0,0,0.0,0.0,0,15,10,7,6,2,1,1,0
6,1249,17,4,1,1,0.716881,694,354,254,252,2,1,3,6974.658691,3459.430664,10,8,255,255,994004537,2214865001,69,44,1,0,4986.245385,143.424594,1424258782,1424258783,77.364667,92.055,0.125713,0.072491,0.053222,0,1,1.0,,2,3,3,3,1,1,1,3,1
8,1250,8,8,1,1,0.025327,37298,3380,31,29,18,8,4,11554783.0,1042365.813,52,42,255,255,2619834222,2620824655,717,80,0,0,28.983576,1.19538,1424243575,1424243575,0.4995,0.605098,0.000639,0.000515,0.000124,0,0,,,2,1,1,4,9,1,1,3,0
3,5,3,0,0,2,7e-06,114,0,254,0,0,0,0,65142856.0,0.0,2,0,0,0,0,0,57,0,0,0,0.0,0.0,1424230460,1424230460,0.007,0.0,0.0,0.0,0.0,0,2,,,2,35,35,33,34,33,12,35,1
10,1251,12,0,0,0,0.001168,146,178,31,29,0,0,0,499999.9688,609589.0,2,2,0,0,0,0,73,89,0,0,0.0,0.0,1421931609,1421931609,0.01,0.009,0.0,0.0,0.0,0,0,0.0,0.0,0,2,1,1,4,1,1,1,0
3,2,3,0,0,2,9e-06,114,0,254,0,0,0,0,50666664.0,0.0,2,0,0,0,0,0,57,0,0,0,0.0,0.0,1424232690,1424232690,0.009,0.0,0.0,0.0,0.0,0,2,,,2,42,42,24,24,24,24,42,1
3,5,14,0,0,2,1e-05,114,0,254,0,0,0,0,45600000.0,0.0,2,0,0,0,0,0,57,0,0,0,0.0,0.0,1424246350,1424246350,0.01,0.0,0.0,0.0,0.0,0,2,,,2,39,39,39,39,39,17,39,1
9,1252,24,4,1,1,1.955772,812,1396,62,252,2,2,3,2990.123535,5141.703613,10,10,255,255,664359209,1301993747,81,140,1,245,13661.64942,325.892719,1424254153,1424254155,217.308,206.980562,0.140057,0.092273,0.047784,0,1,1.0,,2,1,1,1,1,1,1,1,1
6,5,9,0,0,2,9e-06,114,0,254,0,0,0,0,50666664.0,0.0,2,0,0,0,0,0,57,0,0,0,0.0,0.0,1424223438,1424223438,0.009,0.0,0.0,0.0,0.0,0,2,,,2,35,35,20,20,20,11,35,1
0,1253,13,18,1,1,2.872976,7808,15008,31,29,30,32,2,21563.70117,41459.44922,122,126,255,255,939967109,967368554,64,119,0,0,1604.110232,1589.940027,1424246250,1424246253,23.740645,23.353569,0.000603,0.000484,0.000119,0,0,,,2,3,2,1,1,1,1,1,0
2,2,2,0,0,2,7e-06,114,0,254,0,0,0,0,65142856.0,0.0,2,0,0,0,0,0,57,0,0,0,0.0,0.0,1424252148,1424252148,0.007,0.0,0.0,0.0,0.0,0,2,,,2,31,31,13,13,13,13,31,1
10,1254,20,9,1,1,0.005299,1064,2260,31,29,4,4,2,1473485.5,3128137.25,12,12,255,255,90093798,90696677,89,188,0,0,24.316259,0.511877,1424255579,1424255579,0.451273,0.371909,0.001974,0.001203,0.000771,0,0,,,2,5,3,2,3,1,1,1,0
6,1255,11,4,1,1,2.502563,836,2066,62,252,2,2,3,2407.132324,5945.904297,10,10,255,255,2864798059,3157193846,84,207,0,0,16814.97745,458.724562,1424241843,1424241846,278.036222,267.482875,0.182624,0.095216,0.087408,0,1,,,2,1,1,2,2,1,1,1,1
2,2,3,0,0,2,3e-06,114,0,254,0,0,0,0,152000000.0,0.0,2,0,0,0,0,0,57,0,0,0,0.0,0.0,1424238924,1424238924,0.003,0.0,0.0,0.0,0.0,0,2,,,2,35,35,5,5,5,5,35,1
7,5,7,0,0,2,2e-06,264,0,60,0,0,0,0,528000000.0,0.0,2,0,0,0,0,0,132,0,0,0,0.0,0.0,1424244625,1424244625,0.002,0.0,0.0,0.0,0.0,0,0,,,2,19,19,5,5,5,3,19,0
3,8,11,6,50,2,9e-06,200,0,254,0,0,0,2,88888888.0,0.0,2,0,0,0,0,0,100,0,0,0,0.0,0.0,1424230238,1424230238,0.009,0.0,0.0,0.0,0.0,0,2,,,2,4,4,1,1,1,1,4,1
2,5,3,0,0,2,1e-05,114,0,254,0,0,0,0,45600000.0,0.0,2,0,0,0,0,0,57,0,0,0,0.0,0.0,1424237558,1424237558,0.01,0.0,0.0,0.0,0.0,0,2,,,2,41,41,41,42,41,20,41,1
2,1256,14,4,1,1,0.298845,784,1614,62,252,2,2,3,18899.42969,37825.62891,10,8,255,255,196516739,3945381365,78,202,1,392,1734.395725,66.505203,1424235974,1424235974,33.205,38.206285,0.073582,0.018457,0.055125,0,1,1.0,,2,4,1,1,1,1,1,1,1
1,1257,20,462,1,1,0.016001,2230,13586,31,29,7,11,2,1082432.375,6604087.5,34,36,255,255,2657534805,2663812649,66,377,0,0,34.98542,32.506133,1421949746,1421949746,0.473636,0.443914,0.000597,0.00046,0.000137,0,0,0.0,0.0,0,13,4,2,4,1,1,1,0
11,1258,1,1,1,1,1.281171,2934,3738,31,29,11,15,1,17971.06055,22910.29102,52,54,255,255,1233979105,1239733118,56,69,0,0,2019.263663,65.675438,1421945048,1421945049,25.113628,24.16385,0.000607,0.000483,0.000124,0,0,0.0,1.0,1,8,8,23,12,8,8,12,0
1,1259,0,463,1,1,0.042666,5174,91160,31,29,7,39,2,959452.5,16907140.0,90,92,255,255,2177855522,2185434649,57,991,0,0,0.0,24.486508,1424241871,1424241871,0.475528,0.468689,0.000605,0.000482,0.000123,0,0,,,2,12,6,4,4,1,1,2,0
25,1260,30,464,0,2,3e-06,178,0,29,0,0,0,2,237333328.0,0.0,2,0,0,0,0,0,89,0,0,0,0.0,0.0,1421939963,1421939963,0.003,0.0,0.0,0.0,0.0,0,0,0.0,0.0,0,1,1,1,1,1,1,1,0
2,5,3,0,0,2,1e-05,114,0,254,0,0,0,0,45600000.0,0.0,2,0,0,0,0,0,57,0,0,0,0.0,0.0,1424240526,1424240526,0.01,0.0,0.0,0.0,0.0,0,2,,,2,35,35,32,32,32,16,35,1
2,1261,2,8,1,1,2.883773,92955,2244,62,252,42,8,4,255007.5781,6030.987793,90,32,255,255,1984503631,111382842,1033,70,0,0,3139.041388,113.680391,1424252108,1424252111,32.401944,90.038938,0.149568,0.072743,0.076825,0,1,,,2,1,1,17,17,1,1,23,1
17,1262,12,465,1,1,0.028869,4014,57706,31,29,7,28,2,1095985.375,15762791.0,68,70,255,255,1616814043,3762506569,59,824,0,0,22.455249,22.28282,1424232976,1424232976,0.426194,0.409739,0.000713,0.000588,0.000125,0,0,,,2,3,2,2,2,1,1,1,0
14,1263,8,0,0,0,0.001026,130,162,31,29,0,0,0,506822.5938,631578.9375,2,2,0,0,0,0,65,81,0,0,0.0,0.0,1421961749,1421961749,0.01,0.004,0.0,0.0,0.0,0,0,0.0,0.0,0,2,2,6,4,1,1,1,0
6,1264,17,4,1,1,0.415701,1382,29462,62,252,2,11,3,24382.91016,545180.3125,12,26,255,255,2025982527,1742121213,115,1133,1,13824,2015.687001,1451.878004,1421928880,1421928881,37.791001,13.7572,0.081234,0.051344,0.02989,0,1,1.0,0.0,0,2,1,1,1,1,1,1,1
2,8,6,6,61,2,9e-06,200,0,254,0,0,0,2,88888888.0,0.0,2,0,0,0,0,0,100,0,0,0,0.0,0.0,1424237336,1424237336,0.009,0.0,0.0,0.0,0.0,0,2,,,2,7,7,2,2,2,2,7,1
0,1265,13,0,0,0,0.001065,146,178,31,29,0,0,0,548356.8125,668544.625,2,2,0,0,0,0,73,89,0,0,0.0,0.0,1424230385,1424230385,0.009,0.007,0.0,0.0,0.0,0,0,,,2,1,3,6,1,1,1,1,0
10,1266,1,9,1,1,0.006189,1920,4312,31,29,6,6,2,2369365.0,5342382.0,22,24,255,255,1501399791,3651289390,87,180,0,0,17.347769,13.83239,1421927521,1421927521,0.27781,0.24287,0.000728,0.000592,0.000136,0,0,0.0,0.0,0,6,6,1,1,1,1,1,0
10,1267,10,466,1,1,0.061041,3984,2560,31,29,7,7,2,493176.7188,318736.5938,18,20,255,255,2846508480,700070103,221,128,0,0,432.238327,12.35048,1424226431,1424226431,3.572353,3.184158,0.000699,0.000539,0.00016,0,0,,,2,13,9,9,6,1,1,7,0
11,1268,18,10,0,0,0.004717,568,312,31,29,0,0,2,722493.125,396862.4375,4,4,0,0,0,0,142,78,0,0,1.720865,1.515094,1424258570,1424258570,1.223333,1.078333,0.0,0.0,0.0,0,0,,,2,9,9,4,4,1,1,3,0
3,1269,11,33,1,1,0.784032,1208,770,254,252,3,2,2,11448.5127,6877.270508,14,8,255,255,2441372576,2351361494,86,96,0,0,3785.061246,175.645891,1424245903,1424245904,60.310153,103.955,0.087773,0.038827,0.048946,0,1,,,2,1,1,1,1,1,1,1,1
9,8,15,6,23,2,9e-06,200,0,254,0,0,0,2,88888888.0,0.0,2,0,0,0,0,0,100,0,0,0,0.0,0.0,1424258802,1424258802,0.009,0.0,0.0,0.0,0.0,0,2,,,2,3,3,2,4,2,2,3,1
14,1270,18,8,1,1,0.04507,19654,1462,31,29,4,4,2,3343421.25,247259.8125,24,21,255,255,3461195986,1316858949,819,70,0,0,116.782273,4.09506,1421945449,1421945449,1.944,2.22645,0.000672,0.000537,0.000135,0,0,0.0,0.0,0,21,4,5,30,5,5,5,0
7,2,7,0,0,2,6e-06,264,0,60,0,0,0,0,176000000.0,0.0,2,0,0,0,0,0,132,0,0,0,0.0,0.0,1424248108,1424248108,0.006,0.0,0.0,0.0,0.0,0,0,,,2,8,8,8,8,8,8,8,0
2,2,2,0,0,2,4e-06,114,0,254,0,0,0,0,114000000.0,0.0,2,0,0,0,0,0,57,0,0,0,0.0,0.0,1424251870,1424251870,0.004,0.0,0.0,0.0,0.0,0,2,,,2,30,30,30,30,30,12,30,1
11,1271,0,0,0,0,0.00106,132,164,31,29,0,0,0,498113.1875,618867.875,2,2,0,0,0,0,66,82,0,0,0.0,0.0,1424240680,1424240680,0.001,0.007,0.0,0.0,0.0,0,0,,,2,1,2,4,14,1,1,1,0
6,5,6,0,0,2,3e-06,114,0,254,0,0,0,0,152000000.0,0.0,2,0,0,0,0,0,57,0,0,0,0.0,0.0,1424260710,1424260710,0.003,0.0,0.0,0.0,0.0,0,2,,,2,45,45,33,33,33,16,45,1
2,5,3,0,0,2,1e-06,114,0,254,0,0,0,0,456000000.0,0.0,2,0,0,0,0,0,57,0,0,0,0.0,0.0,1424238909,1424238909,0.001,0.0,0.0,0.0,0.0,0,2,,,2,36,36,5,6,5,5,36,1
10,1272,4,467,1,1,0.023935,3614,49342,31,29,7,24,2,1187883.875,16226280.0,60,62,255,255,1128530714,3278409671,60,796,0,0,21.920526,21.415135,1424228426,1424228426,0.407241,0.389433,0.000682,0.00056,0.000122,0,0,,,2,6,9,7,3,1,1,2,0
3,1273,3,33,1,1,0.42514,546,268,254,252,2,1,2,9258.126953,4215.082031,10,6,255,255,2456011936,3248701826,55,45,0,0,2224.899527,98.632633,1424226218,1424226218,44.285889,70.518602,0.147111,0.072538,0.074573,0,1,,,2,9,8,2,3,2,1,8,1
3,1274,11,33,1,1,0.969504,1024,816,254,252,3,2,2,7748.291992,6064.957031,12,10,255,255,1061152370,2000920329,85,82,0,0,6295.49922,172.904578,1424247908,1424247909,86.712273,104.137336,0.052233,0.032258,0.019975,0,1,,,2,2,2,1,18,1,1,2,1
19,2,21,0,0,2,4e-06,264,0,60,0,0,0,0,264000000.0,0.0,2,0,0,0,0,0,132,0,0,0,0.0,0.0,1424260867,1424260867,0.004,0.0,0.0,0.0,0.0,0,0,,,2,29,29,18,18,18,18,29,0
3,2,3,0,0,2,1e-06,114,0,254,0,0,0,0,456000000.0,0.0,2,0,0,0,0,0,57,0,0,0,0.0,0.0,1424232982,1424232982,0.001,0.0,0.0,0.0,0.0,0,2,,,2,1,1,1,1,1,1,1,1
3,2,14,0,0,2,8e-06,114,0,254,0,0,0,0,57000000.0,0.0,2,0,0,0,0,0,57,0,0,0,0.0,0.0,1424244628,1424244628,0.008,0.0,0.0,0.0,0.0,0,2,,,2,25,25,2,2,2,2,25,1
3,2,3,0,0,2,5e-06,114,0,254,0,0,0,0,91200000.0,0.0,2,0,0,0,0,0,57,0,0,0,0.0,0.0,1424231259,1424231259,0.005,0.0,0.0,0.0,0.0,0,2,,,2,39,39,25,25,25,25,39,1
2,5,3,0,0,2,7e-06,114,0,254,0,0,0,0,65142856.0,0.0,2,0,0,0,0,0,57,0,0,0,0.0,0.0,1424238260,1424238260,0.007,0.0,0.0,0.0,0.0,0,2,,,2,36,36,20,21,20,20,36,1
2,8,15,6,3,2,1e-05,200,0,254,0,0,0,2,80000000.0,0.0,2,0,0,0,0,0,100,0,0,0,0.0,0.0,1424244441,1424244441,0.01,0.0,0.0,0.0,0.0,0,2,,,2,10,10,5,5,4,4,11,1
2,1275,16,4,1,1,0.406244,744,4204,62,252,2,3,3,13194.04102,74516.78906,10,10,255,255,4002284792,1636386876,74,420,1,1663,2192.885847,2247.888463,1424226518,1424226518,45.068333,35.744222,0.131691,0.084537,0.047154,0,1,1.0,,2,1,1,1,1,1,1,1,1
8,1276,0,468,1,1,0.017871,2958,32374,31,29,7,18,2,1296849.625,14202675.0,48,50,255,255,2313161381,2313477413,62,647,0,0,21.006938,20.326357,1424252512,1424252512,0.373766,0.352592,0.000727,0.000586,0.000141,0,0,,,2,12,4,3,2,1,1,1,0
4,1277,0,469,1,1,0.413996,4584,3080,31,29,7,7,2,85430.77344,57546.44922,28,30,255,255,2848468741,2855877927,164,103,0,0,858.773813,21.851762,1424229967,1424229968,15.321296,14.258862,0.000613,0.000485,0.000128,0,0,,,2,9,14,6,3,1,1,5,0
6,8,17,6,62,2,8e-06,200,0,254,0,0,0,2,100000000.0,0.0,2,0,0,0,0,0,100,0,0,0,0.0,0.0,1424223241,1424223241,0.008,0.0,0.0,0.0,0.0,0,2,,,2,4,4,1,3,1,1,4,1
4,1278,18,1,1,1,1.662779,2934,3742,31,29,11,15,1,13846.69922,17671.62109,52,54,255,255,3594293691,3591124808,56,69,0,0,2860.900185,108.435711,1424247836,1424247838,32.594862,31.362057,0.000734,0.000587,0.000147,0,0,,1.0,3,1,1,4,3,1,1,3,0
13,1279,12,470,1,1,0.09581,3806,50974,31,29,7,26,2,312869.2188,4191796.0,64,66,255,255,2970830706,2992776173,59,772,0,0,0.0,89.81979,1421953029,1421953029,1.51554,1.487906,0.000736,0.00058,0.000156,0,0,0.0,0.0,0,9,9,3,3,1,1,1,0
10,1280,4,471,1,1,0.055521,4118,57732,31,29,7,28,2,585003.875,8196250.0,70,68,255,255,103804444,2270718427,59,849,0,0,48.525732,48.693608,1424231219,1424231219,0.811647,0.820627,0.000669,0.000536,0.000133,0,0,,,2,5,3,2,3,1,1,2,0
10,1281,20,7,1,1,0.013575,1540,1644,31,29,4,4,2,850976.0625,915211.8125,16,18,255,255,320620606,2472406308,96,91,0,0,61.557093,1.429403,1421935554,1421935554,0.883933,0.771588,0.000579,0.000454,0.000125,0,0,0.0,0.0,0,9,9,7,10,6,1,6,0
3,2,3,0,0,2,9e-06,114,0,254,0,0,0,0,50666664.0,0.0,2,0,0,0,0,0,57,0,0,0,0.0,0.0,1424230513,1424230513,0.009,0.0,0.0,0.0,0.0,0,2,,,2,36,36,17,17,17,11,36,1
6,1282,24,10,1,1,1.012511,564,354,254,252,2,1,2,4013.783447,2449.355957,10,8,255,255,4065181527,3245456825,56,44,0,0,7769.411858,181.035125,1424241708,1424241709,112.391,133.579578,0.165732,0.077451,0.088281,0,1,,,2,3,1,1,1,1,1,1,1
3,5,14,0,0,2,9e-06,114,0,254,0,0,0,0,50666664.0,0.0,2,0,0,0,0,0,57,0,0,0,0.0,0.0,1424246522,1424246522,0.009,0.0,0.0,0.0,0.0,0,2,,,2,15,15,15,16,15,15,15,1
2,5,3,0,0,2,9e-06,114,0,254,0,0,0,0,50666664.0,0.0,2,0,0,0,0,0,57,0,0,0,0.0,0.0,1424239123,1424239123,0.009,0.0,0.0,0.0,0.0,0,2,,,2,44,44,20,20,20,20,44,1
14,1283,19,0,0,0,0.000999,130,162,31,29,0,0,0,520520.5,648648.625,2,2,0,0,0,0,65,81,0,0,0.0,0.0,1424253116,1424253116,0.007,0.004,0.0,0.0,0.0,0,0,,,2,6,2,2,6,3,2,2,0
10,1284,12,9,1,1,0.00465,1470,1728,31,29,5,4,2,2415483.75,2761290.25,22,14,255,255,657382046,657696807,67,123,0,0,13.713888,0.397693,1421966586,1421966586,0.221429,0.300231,0.000735,0.0006,0.000135,0,0,0.0,0.0,0,2,9,4,5,1,1,2,0
13,1285,13,472,1,1,0.950367,4576,3080,31,29,7,7,2,37147.75391,25068.21094,28,30,255,255,4087312389,4238483953,163,103,0,0,2121.444098,55.465895,1421954448,1421954449,35.186924,32.748793,0.000803,0.000649,0.000154,0,0,0.0,0.0,0,2,6,4,1,1,1,1,0
6,2,6,0,0,2,6e-06,114,0,254,0,0,0,0,76000000.0,0.0,2,0,0,0,0,0,57,0,0,0,0.0,0.0,1424259127,1424259127,0.006,0.0,0.0,0.0,0.0,0,2,,,2,27,27,11,11,11,11,27,1
13,1286,19,473,1,1,0.020781,2438,20722,31,29,7,13,2,913911.75,7767480.0,38,38,255,255,603408259,614522687,64,545,0,0,33.948313,34.549011,1424239341,1424239341,0.553297,0.547973,0.000618,0.000493,0.000125,0,0,,,2,6,2,2,3,1,1,2,0
0,1287,1,474,1,1,0.034165,2854,29196,31,29,7,17,2,653768.5,6694102.5,46,48,255,255,3661093089,3691448562,62,608,0,0,55.045825,52.092242,1421969680,1421969680,0.751311,0.71566,0.000656,0.000525,0.000131,0,0,0.0,0.0,0,11,12,3,4,1,1,2,0
3,5,14,0,0,2,1e-05,114,0,254,0,0,0,0,45600000.0,0.0,2,0,0,0,0,0,57,0,0,0,0.0,0.0,1424244755,1424244755,0.01,0.0,0.0,0.0,0.0,0,2,,,2,6,6,6,6,6,6,6,1
2,5,3,0,0,2,3e-06,114,0,254,0,0,0,0,152000000.0,0.0,2,0,0,0,0,0,57,0,0,0,0.0,0.0,1424239087,1424239087,0.003,0.0,0.0,0.0,0.0,0,2,,,2,40,40,40,40,40,18,40,1
10,1288,10,475,1,1,0.04302,3182,39694,31,29,7,20,2,580381.25,7244816.5,52,54,255,255,1234299762,1234583460,61,735,0,0,54.09043,49.615889,1424223669,1424223669,0.871612,0.801472,0.000669,0.000533,0.000136,0,0,,,2,4,5,6,2,1,1,1,0
17,1289,10,0,0,0,0.005358,146,178,31,29,0,0,0,108995.8984,132885.4063,2,2,0,0,0,0,73,89,0,0,0.0,0.0,1421964953,1421964953,0.009,0.001,0.0,0.0,0.0,0,0,0.0,0.0,0,3,1,2,2,1,1,1,0
0,1290,20,4,1,1,1.085039,1580,10168,31,29,3,5,3,10683.48633,70810.35938,12,18,255,255,631856086,632877830,132,565,1,3924,9805.767996,7896.447941,1424252681,1424252682,98.607183,63.791352,0.000735,0.000583,0.000152,0,0,1.0,,2,2,2,5,4,2,1,2,0
2,2,2,0,0,2,8e-06,114,0,254,0,0,0,0,57000000.0,0.0,2,0,0,0,0,0,57,0,0,0,0.0,0.0,1424255045,1424255045,0.008,0.0,0.0,0.0,0.0,0,2,,,2,23,23,21,23,21,10,23,1
3,5,3,0,0,2,5e-06,114,0,254,0,0,0,0,91200000.0,0.0,2,0,0,0,0,0,57,0,0,0,0.0,0.0,1424230826,1424230826,0.005,0.0,0.0,0.0,0.0,0,2,,,2,25,25,18,18,18,18,25,1
2,8,15,6,63,2,1e-05,200,0,254,0,0,0,2,80000000.0,0.0,2,0,0,0,0,0,100,0,0,0,0.0,0.0,1424244398,1424244398,0.01,0.0,0.0,0.0,0.0,0,2,,,2,9,9,6,8,4,4,13,1
3,2,3,0,0,2,3e-06,114,0,254,0,0,0,0,152000000.0,0.0,2,0,0,0,0,0,57,0,0,0,0.0,0.0,1424231336,1424231336,0.003,0.0,0.0,0.0,0.0,0,2,,,2,37,37,37,37,37,22,37,1
19,2,21,0,0,2,5e-06,264,0,60,0,0,0,0,211200000.0,0.0,2,0,0,0,0,0,132,0,0,0,0.0,0.0,1424260773,1424260773,0.005,0.0,0.0,0.0,0.0,0,0,,,2,26,26,18,18,18,18,26,0
3,2,3,0,0,2,8e-06,114,0,254,0,0,0,0,57000000.0,0.0,2,0,0,0,0,0,57,0,0,0,0.0,0.0,1424232093,1424232093,0.008,0.0,0.0,0.0,0.0,0,2,,,2,26,26,17,18,17,17,26,1
2,2,3,0,0,2,3e-06,114,0,254,0,0,0,0,152000000.0,0.0,2,0,0,0,0,0,57,0,0,0,0.0,0.0,1424239124,1424239124,0.003,0.0,0.0,0.0,0.0,0,2,,,2,44,44,24,24,24,24,44,1
3,2,3,0,0,2,9e-06,114,0,254,0,0,0,0,50666664.0,0.0,2,0,0,0,0,0,57,0,0,0,0.0,0.0,1424230509,1424230509,0.009,0.0,0.0,0.0,0.0,0,2,,,2,33,33,25,25,25,25,33,1
3,2,3,0,0,2,9e-06,114,0,254,0,0,0,0,50666664.0,0.0,2,0,0,0,0,0,57,0,0,0,0.0,0.0,1424232091,1424232091,0.009,0.0,0.0,0.0,0.0,0,2,,,2,52,52,43,43,43,25,52,1
6,5,9,0,0,2,9e-06,114,0,254,0,0,0,0,50666664.0,0.0,2,0,0,0,0,0,57,0,0,0,0.0,0.0,1424224807,1424224807,0.009,0.0,0.0,0.0,0.0,0,2,,,2,21,21,10,9,9,9,21,1
14,1291,1,10,0,0,0.004952,568,312,31,29,0,0,2,688206.8125,378029.0938,4,4,0,0,0,0,142,78,0,0,1.85097,1.650389,1424246912,1424246912,1.312333,1.171,0.0,0.0,0.0,0,0,,,2,4,11,5,3,1,1,5,0
11,1292,19,319,1,1,0.349494,8928,320,31,29,4,1,5,189782.9375,6111.692871,14,6,255,255,3062452184,1263819454,638,53,0,0,2310.572343,96.347602,1421949006,1421949007,26.884154,69.678398,0.000693,0.000554,0.000139,0,0,0.0,0.0,0,3,6,7,5,1,1,2,0
13,1293,10,4,1,1,1.126835,1580,10168,31,29,3,5,3,10287.2207,68183.89844,12,18,255,255,2610165155,465835290,132,565,1,3924,9602.972456,7731.971326,1421940297,1421940298,102.406635,66.252646,0.000673,0.000536,0.000137,0,0,1.0,0.0,0,2,4,4,2,1,1,1,0
3,5,3,0,0,2,1e-05,114,0,254,0,0,0,0,45600000.0,0.0,2,0,0,0,0,0,57,0,0,0,0.0,0.0,1424233536,1424233536,0.01,0.0,0.0,0.0,0.0,0,2,,,2,43,43,18,18,18,18,43,1
15,5,5,0,0,2,2e-06,264,0,60,0,0,0,0,528000000.0,0.0,2,0,0,0,0,0,132,0,0,0,0.0,0.0,1424253241,1424253241,0.002,0.0,0.0,0.0,0.0,0,0,,,2,50,50,42,42,42,19,50,0
3,2,3,0,0,2,9e-06,114,0,254,0,0,0,0,50666664.0,0.0,2,0,0,0,0,0,57,0,0,0,0.0,0.0,1424231979,1424231979,0.009,0.0,0.0,0.0,0.0,0,2,,,2,27,27,17,17,17,12,27,1
0,1294,12,7,1,1,10.4845,7774,283570,31,29,13,103,2,5886.785156,215448.7188,130,234,255,255,2205769103,140453906,60,1212,0,0,24963.8768,18546.6125,1424247608,1424247619,81.907156,45.189468,0.000649,0.000534,0.000115,0,0,,,2,3,3,2,1,1,1,2,0
6,2,6,0,0,2,9e-06,114,0,254,0,0,0,0,50666664.0,0.0,2,0,0,0,0,0,57,0,0,0,0.0,0.0,1424259819,1424259819,0.009,0.0,0.0,0.0,0.0,0,2,,,2,17,17,5,5,5,5,17,1
3,8,11,6,22,2,9e-06,86,0,254,0,0,0,2,38222220.0,0.0,2,0,0,0,0,0,43,0,0,0,0.0,0.0,1424231026,1424231026,0.009,0.0,0.0,0.0,0.0,0,2,,,2,1,1,1,3,1,1,1,1
3,5,14,0,0,2,6e-06,114,0,254,0,0,0,0,76000000.0,0.0,2,0,0,0,0,0,57,0,0,0,0.0,0.0,1424247560,1424247560,0.006,0.0,0.0,0.0,0.0,0,2,,,2,24,24,17,17,17,17,24,1
3,2,14,0,0,2,3e-06,114,0,254,0,0,0,0,152000000.0,0.0,2,0,0,0,0,0,57,0,0,0,0.0,0.0,1424244670,1424244670,0.003,0.0,0.0,0.0,0.0,0,2,,,2,15,15,2,2,2,2,15,1
9,1295,2,33,1,1,0.559314,1462,720,254,252,3,2,2,19180.63867,9011.038086,12,8,255,255,3850454795,3669079118,122,90,0,0,2520.380209,83.293789,1424226408,1424226409,49.012455,66.15057,0.148088,0.096256,0.051832,0,1,,,2,5,4,1,2,1,1,4,1
6,8,15,6,3,2,3e-06,200,0,254,0,0,0,2,266666656.0,0.0,2,0,0,0,0,0,100,0,0,0,0.0,0.0,1424251662,1424251662,0.003,0.0,0.0,0.0,0.0,0,2,,,2,6,6,3,3,3,3,6,1
2,1296,3,4,1,1,7.591389,2542,2786,254,252,6,2,3,2488.082275,2569.226807,14,8,255,255,3677127650,3315672998,182,348,0,0,43535.14718,2561.3535,1421931480,1421931488,583.953019,1074.625375,0.130235,0.068253,0.061982,0,1,0.0,0.0,0,1,1,1,1,1,1,1,1
3,8,11,6,64,2,3e-06,180,0,254,0,0,0,2,239999984.0,0.0,2,0,0,0,0,0,90,0,0,0,0.0,0.0,1424230151,1424230151,0.003,0.0,0.0,0.0,0.0,0,2,,,2,4,3,3,4,4,3,3,1
8,1297,1,0,0,0,0.001045,146,178,31,29,0,0,0,558851.625,681339.6875,2,2,0,0,0,0,73,89,0,0,0.0,0.0,1421935456,1421935456,0.007,0.005,0.0,0.0,0.0,0,0,0.0,0.0,0,5,4,3,3,2,2,2,0
17,1298,18,7,1,1,0.019484,1540,1644,31,29,4,4,2,592896.75,637651.375,16,18,255,255,647600615,652265201,96,91,0,0,78.189327,2.24359,1421971010,1421971010,1.2768,1.118412,0.00059,0.000465,0.000125,0,0,0.0,0.0,0,15,10,9,12,6,1,7,0
6,1299,17,12,0,2,5e-06,1064,0,254,0,0,0,2,851200000.0,0.0,2,0,0,0,0,0,532,0,0,0,0.0,0.0,1421930084,1421930084,0.005,0.0,0.0,0.0,0.0,0,2,0.0,0.0,0,30,30,12,12,12,1,12,1
6,2,6,0,0,2,9e-06,114,0,254,0,0,0,0,50666664.0,0.0,2,0,0,0,0,0,57,0,0,0,0.0,0.0,1424261477,1424261477,0.009,0.0,0.0,0.0,0.0,0,2,,,2,18,17,18,19,18,17,18,1
8,1300,18,476,1,1,0.030854,2230,12896,31,29,7,11,2,561353.5,3250923.75,34,36,255,255,1314259391,3495477800,66,358,0,0,59.490651,58.230204,1421930881,1421930881,0.925121,0.864143,0.000746,0.000605,0.000141,0,0,0.0,0.0,0,5,2,2,2,1,1,1,0
17,1301,10,477,1,1,0.014899,2750,27346,31,29,7,16,2,1443318.375,14364454.0,44,46,255,255,1903847992,4049530104,63,594,0,0,19.093235,18.137089,1421946115,1421946115,0.339163,0.317578,0.000779,0.000599,0.00018,0,0,0.0,0.0,0,17,7,5,7,1,1,5,0
2,2,3,0,0,2,7e-06,114,0,254,0,0,0,0,65142856.0,0.0,2,0,0,0,0,0,57,0,0,0,0.0,0.0,1421932917,1421932917,0.007,0.0,0.0,0.0,0.0,0,2,0.0,0.0,0,14,14,7,8,7,3,7,1
4,1302,18,4,1,1,11.876437,18890,1087890,31,29,2,370,3,12688.6543,731823.5,354,746,255,255,2899408365,2904088028,53,1458,1,524288,2099.469248,1413.636405,1421958190,1421958201,33.643357,15.940905,0.000592,0.00046,0.000132,0,0,1.0,0.0,0,1,3,3,3,1,1,1,0
2,5,3,0,0,2,6e-06,114,0,254,0,0,0,0,76000000.0,0.0,2,0,0,0,0,0,57,0,0,0,0.0,0.0,1424239310,1424239310,0.006,0.0,0.0,0.0,0.0,0,2,,,2,41,41,20,22,20,20,41,1
15,2,5,0,0,2,2e-06,264,0,60,0,0,0,0,528000000.0,0.0,2,0,0,0,0,0,132,0,0,0,0.0,0.0,1424251846,1424251846,0.002,0.0,0.0,0.0,0.0,0,0,,,2,32,32,17,17,17,17,32,0
17,1222,4,478,1,1,0.04661,4014,61134,31,29,7,28,2,678824.25,10343016.0,68,70,255,255,2982293094,847390708,59,873,0,0,39.646156,37.749504,1421950613,1421950613,0.690612,0.660696,0.001249,0.001015,0.000234,0,0,0.0,0.0,0,11,7,2,5,1,1,1,0
3,2,14,0,0,2,1e-06,114,0,254,0,0,0,0,456000000.0,0.0,2,0,0,0,0,0,57,0,0,0,0.0,0.0,1424247699,1424247699,0.001,0.0,0.0,0.0,0.0,0,2,,,2,39,39,22,22,22,22,39,1
6,2,6,0,0,2,9e-06,114,0,254,0,0,0,0,50666664.0,0.0,2,0,0,0,0,0,57,0,0,0,0.0,0.0,1424260582,1424260582,0.009,0.0,0.0,0.0,0.0,0,2,,,2,32,32,6,7,6,6,32,1
0,1303,19,479,1,1,0.089683,5174,90162,31,29,7,39,2,456452.1563,7953435.5,90,90,255,255,810865238,2996923907,57,1002,0,0,59.195281,58.969527,1421971726,1421971726,1.003921,1.000966,0.001676,0.000593,0.001083,0,0,0.0,0.0,0,5,3,3,2,1,1,1,0
6,1304,24,8,1,1,0.758661,4095,1694,62,252,8,8,4,41219.99219,16977.28125,22,20,255,255,172359568,3360056077,186,85,0,0,1841.333066,47.128687,1424236635,1424236636,36.126716,39.426316,0.050706,0.005946,0.04476,0,1,,,2,1,1,1,1,1,1,1,1
8,1305,4,9,1,1,0.014108,2158,2464,31,29,6,6,2,1173235.0,1339381.875,24,24,255,255,499924475,2649825322,90,103,0,0,65.132394,1.70075,1424224899,1424224899,0.6235,0.588,0.000694,0.000576,0.000118,0,0,,,2,4,7,3,2,2,1,2,0
2,2,2,0,0,2,5e-06,114,0,254,0,0,0,0,91200000.0,0.0,2,0,0,0,0,0,57,0,0,0,0.0,0.0,1424253341,1424253341,0.005,0.0,0.0,0.0,0.0,0,2,,,2,15,15,16,17,15,15,16,1
10,1306,19,480,1,1,0.011844,2230,14816,31,29,7,11,2,1462343.875,9729821.0,34,36,255,255,2449181716,299894467,66,412,0,0,20.237343,19.321238,1424225922,1424225922,0.360594,0.321629,0.000719,0.000579,0.00014,0,0,,,2,5,4,8,4,1,1,1,0
4,1307,18,10,0,0,0.229331,568,320,31,29,0,0,2,14860.61621,8372.177734,4,4,0,0,0,0,142,80,0,0,100.864773,100.885516,1424249142,1424249142,71.331664,71.342336,0.0,0.0,0.0,0,0,,,2,7,6,4,2,1,1,4,0
3,5,3,0,0,2,8e-06,114,0,254,0,0,0,0,57000000.0,0.0,2,0,0,0,0,0,57,0,0,0,0.0,0.0,1424231317,1424231317,0.008,0.0,0.0,0.0,0.0,0,2,,,2,16,15,12,12,12,5,15,1
0,1308,12,481,0,0,0.180112,536,304,31,29,0,0,2,17855.55664,10127.03223,4,4,0,0,0,0,134,76,0,0,25.462443,83.504,1424224861,1424224861,18.010666,83.507,0.0,0.0,0.0,0,0,,,2,7,4,3,4,1,1,4,0
9,164,17,14,0,2,1.1e-05,1390,0,254,0,0,0,2,505454528.0,0.0,2,0,0,0,0,0,695,0,0,0,0.0,0.0,1424238547,1424238547,0.011,0.0,0.0,0.0,0.0,0,2,,,2,1,1,1,1,1,1,1,1
3,2,3,0,0,2,2e-06,114,0,254,0,0,0,0,228000000.0,0.0,2,0,0,0,0,0,57,0,0,0,0.0,0.0,1424232356,1424232356,0.002,0.0,0.0,0.0,0.0,0,2,,,2,26,26,6,6,6,6,26,1
2,2,3,0,0,2,1e-05,114,0,254,0,0,0,0,45600000.0,0.0,2,0,0,0,0,0,57,0,0,0,0.0,0.0,1424240250,1424240250,0.01,0.0,0.0,0.0,0.0,0,2,,,2,43,43,24,24,24,24,44,1
1,1309,19,0,0,0,0.001089,130,162,31,29,0,0,2,477502.2813,595041.3125,2,2,0,0,0,0,65,81,0,0,0.0,0.0,1421932737,1421932737,0.009,0.009,0.0,0.0,0.0,0,0,0.0,0.0,0,3,11,3,2,1,1,1,0
6,5,6,0,0,2,3e-05,114,0,254,0,0,0,0,15200000.0,0.0,2,0,0,0,0,0,57,0,0,0,0.0,0.0,1424260294,1424260294,0.03,0.0,0.0,0.0,0.0,0,2,,,2,33,33,33,33,33,16,33,1
3,1310,24,12,0,2,9e-06,78,0,254,0,0,0,2,34666664.0,0.0,2,0,0,0,0,0,39,0,0,0,0.0,0.0,1424256799,1424256799,0.009,0.0,0.0,0.0,0.0,0,2,,,2,5,7,3,2,2,2,4,1
6,5,6,0,0,2,4e-06,114,0,254,0,0,0,0,114000000.0,0.0,2,0,0,0,0,0,57,0,0,0,0.0,0.0,1424261638,1424261638,0.004,0.0,0.0,0.0,0.0,0,2,,,2,33,33,17,17,16,16,33,1
6,5,6,0,0,2,4e-06,114,0,254,0,0,0,0,114000000.0,0.0,2,0,0,0,0,0,57,0,0,0,0.0,0.0,1424260602,1424260602,0.004,0.0,0.0,0.0,0.0,0,2,,,2,27,27,27,27,27,13,27,1
15,5,5,0,0,2,1e-06,264,0,60,0,0,0,0,1056000000.0,0.0,2,0,0,0,0,0,132,0,0,0,0.0,0.0,1424251887,1424251887,0.001,0.0,0.0,0.0,0.0,0,0,,,2,38,38,18,18,18,18,38,0
9,8,15,6,3,2,9e-06,200,0,254,0,0,0,2,88888888.0,0.0,2,0,0,0,0,0,100,0,0,0,0.0,0.0,1424258844,1424258844,0.009,0.0,0.0,0.0,0.0,0,2,,,2,5,5,3,5,2,2,5,1
13,1311,18,482,1,1,0.046487,3286,35198,31,29,7,20,2,555165.9375,5945232.0,54,54,255,255,2662448966,2691646330,61,652,0,0,0.0,1.64133,1421964503,1421964503,0.870415,0.866038,0.000708,0.000583,0.000125,0,0,0.0,0.0,0,15,9,1,5,1,1,1,0
3,5,3,0,0,2,9e-06,114,0,254,0,0,0,0,50666664.0,0.0,2,0,0,0,0,0,57,0,0,0,0.0,0.0,1424231336,1424231336,0.009,0.0,0.0,0.0,0.0,0,2,,,2,37,37,37,37,37,15,37,1
17,1312,13,0,0,0,0.001049,146,178,31,29,0,0,0,556720.6875,678741.6875,2,2,0,0,0,0,73,89,0,0,0.0,0.0,1424257435,1424257435,0.009,0.008,0.0,0.0,0.0,0,0,,,2,4,4,2,3,2,1,1,0
2,2,2,0,0,2,4e-06,114,0,254,0,0,0,0,114000000.0,0.0,2,0,0,0,0,0,57,0,0,0,0.0,0.0,1424252005,1424252005,0.004,0.0,0.0,0.0,0.0,0,2,,,2,28,28,9,9,9,4,28,1
9,1313,16,14,0,2,2e-06,1372,0,254,0,0,0,2,2744000000.0,0.0,2,0,0,0,0,0,686,0,0,0,0.0,0.0,1424239517,1424239517,0.002,0.0,0.0,0.0,0.0,0,2,,,2,1,1,1,1,1,1,1,1
3,2,3,0,0,2,5e-06,114,0,254,0,0,0,0,91200000.0,0.0,2,0,0,0,0,0,57,0,0,0,0.0,0.0,1424233474,1424233474,0.005,0.0,0.0,0.0,0.0,0,2,,,2,19,19,19,19,19,19,19,1
6,1314,11,4,1,1,0.248441,836,4028,62,252,2,3,3,24247.20508,116760.1172,10,10,255,255,580762025,2569857645,84,403,1,1545,1485.662659,2098.815068,1424244662,1424244662,27.604556,25.898111,0.080278,0.010423,0.069855,0,1,1.0,,2,1,1,1,1,1,1,1,1
19,5,21,0,0,2,8e-06,264,0,60,0,0,0,0,132000000.0,0.0,2,0,0,0,0,0,132,0,0,0,0.0,0.0,1424259008,1424259008,0.008,0.0,0.0,0.0,0.0,0,0,,,2,24,24,24,24,24,10,24,0
3,2,3,0,0,2,9e-06,114,0,254,0,0,0,0,50666664.0,0.0,2,0,0,0,0,0,57,0,0,0,0.0,0.0,1424231856,1424231856,0.009,0.0,0.0,0.0,0.0,0,2,,,2,35,35,35,35,35,21,35,1
2,2,3,0,0,2,4e-06,114,0,254,0,0,0,0,114000000.0,0.0,2,0,0,0,0,0,57,0,0,0,0.0,0.0,1424238252,1424238252,0.004,0.0,0.0,0.0,0.0,0,2,,,2,19,19,20,21,19,19,20,1
13,1315,13,7,1,1,0.018614,1540,1644,31,29,4,4,2,620608.125,667454.625,16,18,255,255,1935111895,1940799212,96,91,0,0,74.767397,2.033453,1421969373,1421969373,1.2186,1.068059,0.000576,0.000454,0.000122,0,0,0.0,0.0,0,11,14,7,10,6,1,6,0
8,1316,10,483,1,1,0.01598,2230,14952,31,29,7,11,2,1083854.875,7277597.0,34,36,255,255,187431491,2333136813,66,415,0,0,34.767224,33.762458,1421933217,1421933217,0.474576,0.438857,0.000747,0.000609,0.000138,0,0,0.0,0.0,0,12,6,2,8,1,1,1,0
2,5,3,0,0,2,9e-06,114,0,254,0,0,0,0,50666664.0,0.0,2,0,0,0,0,0,57,0,0,0,0.0,0.0,1424238863,1424238863,0.009,0.0,0.0,0.0,0.0,0,2,,,2,25,25,12,13,12,12,25,1
5,5,5,0,0,2,4e-06,264,0,60,0,0,0,0,264000000.0,0.0,2,0,0,0,0,0,132,0,0,0,0.0,0.0,1424238167,1424238167,0.004,0.0,0.0,0.0,0.0,0,0,,,2,23,23,13,13,13,13,23,0
3,2,3,0,0,2,7e-06,114,0,254,0,0,0,0,65142856.0,0.0,2,0,0,0,0,0,57,0,0,0,0.0,0.0,1424233603,1424233603,0.007,0.0,0.0,0.0,0.0,0,2,,,2,25,25,25,25,25,25,25,1
4,1317,4,484,0,0,0.002215,528,304,31,29,0,0,2,1430248.25,823476.25,4,4,0,0,0,0,132,76,0,0,0.676937,0.492618,1421963091,1421963091,0.483667,0.351333,0.0,0.0,0.0,0,0,0.0,0.0,0,7,17,4,4,1,1,3,0
11,1318,13,10,0,0,0.004463,568,304,31,29,0,0,2,763611.875,408693.6875,4,4,0,0,0,0,142,76,0,0,1.652275,1.409028,1424258962,1424258962,1.174333,1.003333,0.0,0.0,0.0,0,0,,,2,3,14,6,3,1,1,3,0
4,1319,20,485,1,1,0.225959,8928,320,31,29,4,1,5,293539.9688,9453.041992,14,6,255,255,2392455851,2610853935,638,53,0,0,1588.718426,68.29268,1424248350,1424248350,17.381461,45.068398,0.000626,0.000497,0.000129,0,0,,,2,3,3,4,3,1,1,7,0
1,1320,12,0,0,0,0.001033,146,178,31,29,0,0,0,565343.6875,689254.625,2,2,0,0,0,0,73,89,0,0,0.0,0.0,1424236002,1424236002,0.005,0.007,0.0,0.0,0.0,0,0,,,2,2,3,5,2,1,1,1,0
2,2,3,0,0,2,1.8e-05,114,0,254,0,0,0,0,25333332.0,0.0,2,0,0,0,0,0,57,0,0,0,0.0,0.0,1424237775,1424237775,0.018,0.0,0.0,0.0,0.0,0,2,,,2,32,32,12,12,12,12,32,1
17,1321,19,486,1,1,0.817337,320,1922,31,29,1,2,5,2613.365234,16463.22266,6,8,255,255,3492720575,3281431774,53,240,0,0,11542.649,285.508188,1424245305,1424245306,163.4064,116.678711,0.000745,0.000583,0.000162,0,0,,,2,2,2,2,6,1,1,2,0
2,5,3,0,0,2,9e-06,114,0,254,0,0,0,0,50666664.0,0.0,2,0,0,0,0,0,57,0,0,0,0.0,0.0,1424240292,1424240292,0.009,0.0,0.0,0.0,0.0,0,2,,,2,17,17,11,11,11,7,17,1
6,5,6,0,0,2,9e-06,114,0,254,0,0,0,0,50666664.0,0.0,2,0,0,0,0,0,57,0,0,0,0.0,0.0,1424260627,1424260627,0.009,0.0,0.0,0.0,0.0,0,2,,,2,31,31,15,15,15,15,31,1
4,1322,8,487,1,1,0.157471,4862,76262,31,29,7,36,2,244108.4375,3829327.25,84,86,255,255,3144092724,1022418749,58,887,0,0,100.866636,96.651815,1424237395,1424237395,1.893614,1.846706,0.00084,0.000495,0.000345,0,0,,,2,2,4,1,2,1,1,1,0
3,5,14,0,0,2,8e-06,114,0,254,0,0,0,0,57000000.0,0.0,2,0,0,0,0,0,57,0,0,0,0.0,0.0,1424245517,1424245517,0.008,0.0,0.0,0.0,0.0,0,2,,,2,36,36,14,15,14,14,36,1
3,1323,3,26,1,1,1.229908,1862,556,254,252,5,3,2,11356.94727,3258.780273,16,10,255,255,379026645,1522715005,116,56,0,0,4429.529787,192.107859,1424227963,1424227964,79.977403,131.842437,0.095223,0.043325,0.051898,0,1,,,2,3,2,1,2,1,1,2,1
9,1324,9,26,1,1,1.778815,1416,556,254,252,5,3,2,5972.515137,2253.185303,16,10,255,255,874744497,4190985203,89,56,0,0,6226.701906,267.881906,1424259398,1424259400,118.530069,185.501109,0.196613,0.109303,0.08731,0,1,,,2,2,1,1,2,1,1,1,1
11,1325,10,9,1,1,0.00453,1470,1728,31,29,5,4,2,2479470.25,2834437.0,22,14,255,255,2569182892,2570052045,67,123,0,0,0.0,0.369496,1421927673,1421927673,0.215714,0.291385,0.000716,0.000583,0.000133,0,0,0.0,0.0,0,5,4,1,4,1,1,1,0
0,1326,0,0,0,0,0.00099,130,162,31,29,0,0,0,525252.5625,654545.5,2,2,0,0,0,0,65,81,0,0,0.0,0.0,1421972024,1421972024,0.009,0.001,0.0,0.0,0.0,0,0,0.0,0.0,0,2,1,4,4,1,1,2,0
13,1327,1,4,1,1,1.004847,1580,10168,31,29,3,5,3,11536.08398,76461.39063,12,18,255,255,3169637988,3170612814,132,565,1,3924,9529.939003,7674.773655,1424224928,1424224930,91.315365,59.077351,0.000654,0.000529,0.000125,0,0,1.0,,2,1,1,7,4,1,1,2,0
2,2,2,0,0,2,9e-06,114,0,254,0,0,0,0,50666664.0,0.0,2,0,0,0,0,0,57,0,0,0,0.0,0.0,1424254605,1424254605,0.009,0.0,0.0,0.0,0.0,0,2,,,2,26,26,16,16,16,16,26,1
11,1328,0,0,0,0,0.001049,146,178,31,29,0,0,0,556720.6875,678741.6875,2,2,0,0,0,0,73,89,0,0,0.0,0.0,1424226417,1424226417,0.009,0.007,0.0,0.0,0.0,0,0,,,2,1,3,1,1,1,1,1,0
3,5,3,0,0,2,5e-06,114,0,254,0,0,0,0,91200000.0,0.0,2,0,0,0,0,0,57,0,0,0,0.0,0.0,1424230663,1424230663,0.005,0.0,0.0,0.0,0.0,0,2,,,2,29,29,18,18,18,18,29,1
7,5,7,0,0,2,7e-06,264,0,60,0,0,0,0,150857136.0,0.0,2,0,0,0,0,0,132,0,0,0,0.0,0.0,1424244886,1424244886,0.007,0.0,0.0,0.0,0.0,0,0,,,2,18,18,18,18,18,18,18,0
3,5,3,0,0,2,4e-06,114,0,254,0,0,0,0,114000000.0,0.0,2,0,0,0,0,0,57,0,0,0,0.0,0.0,1424232254,1424232254,0.004,0.0,0.0,0.0,0.0,0,2,,,2,43,43,18,19,18,18,43,1
3,5,14,0,0,2,9e-06,114,0,254,0,0,0,0,50666664.0,0.0,2,0,0,0,0,0,57,0,0,0,0.0,0.0,1424244683,1424244683,0.009,0.0,0.0,0.0,0.0,0,2,,,2,29,29,16,15,15,15,29,1
2,1329,14,10,0,2,1.1e-05,168,0,254,0,0,0,2,61090908.0,0.0,2,0,0,0,0,0,84,0,0,0,0.0,0.0,1421930464,1421930464,0.011,0.0,0.0,0.0,0.0,0,2,0.0,0.0,0,1,6,2,1,1,1,1,1
2,2,3,0,0,2,1e-05,114,0,254,0,0,0,0,45600000.0,0.0,2,0,0,0,0,0,57,0,0,0,0.0,0.0,1424238189,1424238189,0.01,0.0,0.0,0.0,0.0,0,2,,,2,35,35,24,24,24,24,35,1
1,1330,8,7,1,1,7.758324,15636,641784,31,29,24,230,2,16064.29395,660478.75,274,510,255,255,2812965200,2814873184,57,1258,0,0,10218.45229,7463.521071,1424222372,1424222380,28.627331,15.271382,0.000574,0.000456,0.000118,0,0,,,2,7,6,2,1,1,1,4,0
6,5,6,0,0,2,9e-06,114,0,254,0,0,0,0,50666664.0,0.0,2,0,0,0,0,0,57,0,0,0,0.0,0.0,1424259025,1424259025,0.009,0.0,0.0,0.0,0.0,0,2,,,2,34,34,26,26,26,13,34,1
6,8,17,6,65,2,5e-06,200,0,254,0,0,0,2,160000000.0,0.0,2,0,0,0,0,0,100,0,0,0,0.0,0.0,1424223201,1424223201,0.005,0.0,0.0,0.0,0.0,0,2,,,2,6,6,2,2,2,2,6,1
2,2,3,0,0,2,9e-06,114,0,254,0,0,0,0,50666664.0,0.0,2,0,0,0,0,0,57,0,0,0,0.0,0.0,1424240302,1424240302,0.009,0.0,0.0,0.0,0.0,0,2,,,2,24,24,24,24,24,24,24,1
19,2,21,0,0,2,5e-06,264,0,60,0,0,0,0,211200000.0,0.0,2,0,0,0,0,0,132,0,0,0,0.0,0.0,1424260400,1424260400,0.005,0.0,0.0,0.0,0.0,0,0,,,2,31,31,18,18,18,18,31,0
4,1331,20,488,1,1,0.011708,2542,21294,31,29,7,14,2,1693884.5,14203622.0,40,42,255,255,2065347190,2074100906,64,507,0,0,0.0,16.483526,1421953557,1421953557,0.299368,0.272463,0.0007,0.000533,0.000167,0,0,0.0,0.0,0,4,9,3,2,1,1,2,0
13,1332,19,0,0,0,0.00105,146,178,31,29,0,0,0,556190.5,678095.25,2,2,0,0,0,0,73,89,0,0,0.0,0.0,1424226843,1424226843,0.009,0.007,0.0,0.0,0.0,0,0,,,2,4,2,3,4,2,1,3,0
6,5,6,0,0,2,8e-06,114,0,254,0,0,0,0,57000000.0,0.0,2,0,0,0,0,0,57,0,0,0,0.0,0.0,1424262048,1424262048,0.008,0.0,0.0,0.0,0.0,0,2,,,2,17,17,16,16,16,16,17,1
8,1333,19,489,1,1,0.003061,320,1924,31,29,1,2,5,697811.1875,4401176.0,6,8,255,255,1042396079,1046117208,53,241,0,0,31.378011,0.618686,1424258272,1424258272,0.549,0.368143,0.000595,0.000481,0.000114,0,0,,,2,3,3,2,3,1,1,4,0
6,5,9,0,0,2,3e-06,114,0,254,0,0,0,0,152000000.0,0.0,2,0,0,0,0,0,57,0,0,0,0.0,0.0,1424225289,1424225289,0.003,0.0,0.0,0.0,0.0,0,2,,,2,17,17,9,10,9,9,17,1
6,1334,2,1,1,1,1.900027,1174,1608,62,252,7,9,1,4719.932617,6463.065918,22,22,255,255,1647570366,1654020775,53,73,0,0,4940.875016,5915.714319,1424236465,1424236467,90.477479,87.648335,0.094312,0.047553,0.046759,0,1,,1.0,3,1,1,2,2,1,1,2,1
11,1335,8,7,1,1,4.181755,19930,862644,31,29,31,308,2,38020.39844,1647874.625,352,680,255,255,1009471292,3159414462,57,1269,0,0,5027.14007,3610.777047,1424243404,1424243408,11.947009,6.167102,0.000578,0.000457,0.000121,0,0,,,2,15,11,4,6,3,1,7,0
2,1336,16,490,1,1,1.372033,6176,898,254,252,4,2,2,33439.42969,4717.087891,14,10,255,255,4201387648,3613758076,441,90,0,0,6662.991101,219.871625,1424224134,1424224135,100.009232,146.911891,0.111225,0.049818,0.061407,0,1,,,2,2,2,1,1,1,1,1,1
2,1337,14,33,1,1,0.220223,3354,268,254,252,2,1,2,109670.6563,8137.206543,10,6,255,255,897987582,2146841339,335,45,0,0,1223.816381,67.762945,1424224841,1424224841,24.469222,36.483398,0.060449,0.025569,0.03488,0,1,,,2,1,1,2,1,1,1,1,1
2,5,3,0,0,2,8e-06,114,0,254,0,0,0,0,57000000.0,0.0,2,0,0,0,0,0,57,0,0,0,0.0,0.0,1421932197,1421932197,0.008,0.0,0.0,0.0,0.0,0,2,0.0,0.0,0,7,7,4,4,4,4,4,1
3,1338,11,26,1,1,0.631851,1506,268,254,252,2,1,2,17168.60352,2836.111572,10,6,255,255,2867387210,1305970292,151,45,0,0,3206.767777,161.008594,1424241709,1424241709,60.900556,110.455398,0.183855,0.079565,0.10429,0,1,,,2,4,5,1,1,1,1,4,0
15,2,5,0,0,2,1e-06,264,0,60,0,0,0,0,1056000000.0,0.0,2,0,0,0,0,0,132,0,0,0,0.0,0.0,1424254620,1424254620,0.001,0.0,0.0,0.0,0.0,0,0,,,2,28,28,23,23,23,23,28,0
3,2,14,0,0,2,9e-06,114,0,254,0,0,0,0,50666664.0,0.0,2,0,0,0,0,0,57,0,0,0,0.0,0.0,1424248165,1424248165,0.009,0.0,0.0,0.0,0.0,0,2,,,2,25,25,17,16,16,11,25,1
3,5,14,0,0,2,9e-06,114,0,254,0,0,0,0,50666664.0,0.0,2,0,0,0,0,0,57,0,0,0,0.0,0.0,1424248213,1424248213,0.009,0.0,0.0,0.0,0.0,0,2,,,2,45,45,32,32,32,13,45,1
2,5,2,0,0,2,7e-06,114,0,254,0,0,0,0,65142856.0,0.0,2,0,0,0,0,0,57,0,0,0,0.0,0.0,1424252918,1424252918,0.007,0.0,0.0,0.0,0.0,0,2,,,2,42,42,34,34,34,18,42,1
6,5,6,0,0,2,9e-06,114,0,254,0,0,0,0,50666664.0,0.0,2,0,0,0,0,0,57,0,0,0,0.0,0.0,1424260707,1424260707,0.009,0.0,0.0,0.0,0.0,0,2,,,2,36,36,33,33,33,16,36,1
7,2,7,0,0,2,4e-06,264,0,60,0,0,0,0,264000000.0,0.0,2,0,0,0,0,0,132,0,0,0,0.0,0.0,1424245942,1424245942,0.004,0.0,0.0,0.0,0.0,0,0,,,2,37,37,37,37,37,18,37,0
12,1339,18,491,1,1,0.141947,4862,77300,31,29,7,36,2,270805.3125,4305945.0,84,86,255,255,2782629065,2799178280,58,899,0,0,0.0,93.135104,1421943572,1421943572,1.706313,1.663318,0.000694,0.000561,0.000133,0,0,0.0,0.0,0,4,3,3,6,1,1,1,0
2,2,2,0,0,2,8e-06,114,0,254,0,0,0,0,57000000.0,0.0,2,0,0,0,0,0,57,0,0,0,0.0,0.0,1424252179,1424252179,0.008,0.0,0.0,0.0,0.0,0,2,,,2,23,23,11,11,11,11,23,1
17,1340,19,492,1,1,0.039838,4550,72164,31,29,7,33,2,902053.3125,14310357.0,78,80,255,255,4261144055,2111877638,58,902,0,0,29.851322,29.294663,1424235657,1424235657,0.520053,0.502987,0.000727,0.000595,0.000132,0,0,,,2,8,4,3,5,1,1,2,0
3,2,3,0,0,2,8e-06,114,0,254,0,0,0,0,57000000.0,0.0,2,0,0,0,0,0,57,0,0,0,0.0,0.0,1424233587,1424233587,0.008,0.0,0.0,0.0,0.0,0,2,,,2,33,33,15,15,15,15,33,1
11,1341,8,4,1,1,1.019073,1684,8668,31,29,3,4,3,12277.8252,64050.36719,14,17,255,255,2564602664,2567005271,120,510,1,3924,8765.490827,7921.517709,1421937984,1421937985,78.362921,63.505314,0.003162,0.002985,0.000177,0,0,1.0,0.0,0,2,3,7,1,1,1,1,0
2,1342,15,4,1,1,2.804705,330638,1902,62,252,125,1,2,939412.9375,5302.518555,256,44,255,255,21405172,433131901,1292,43,1,0,1328.781442,83.297891,1424254882,1424254885,10.797585,63.665188,0.153269,0.067099,0.08617,0,1,1.0,,2,2,1,1,2,1,1,1,1
0,1343,10,493,1,1,0.113037,2646,24316,31,29,7,15,2,182807.4063,1681856.375,42,44,255,255,3083303736,938228238,63,553,0,0,175.26864,172.439752,1421931682,1421931682,2.748951,2.615605,0.000905,0.000556,0.000349,0,0,0.0,0.0,0,7,5,2,1,1,1,1,0
10,1344,13,494,1,1,0.017272,2974,33668,31,29,7,18,2,1349235.875,15282539.0,48,50,255,255,2660047765,2678323330,62,673,0,0,19.473847,18.830825,1424252201,1424252201,0.359745,0.348292,0.000687,0.000551,0.000136,0,0,,,2,3,7,2,2,1,1,2,0
13,1345,18,495,1,1,0.221885,8928,320,31,29,4,1,5,298929.625,9626.608398,14,6,255,255,1183607285,1573879920,638,53,0,0,1573.763451,67.4835,1421950438,1421950439,17.068077,44.133,0.001207,0.00108,0.000127,0,0,0.0,0.0,0,3,3,5,4,1,1,2,0
1,1346,1,7,1,1,2.39431,13662,548216,31,29,21,197,2,45457.77344,1827549.5,238,438,255,255,2287617587,171298022,57,1252,0,0,2424.354409,1777.939832,1421949040,1421949043,10.101185,5.47786,0.000676,0.000474,0.000202,0,0,0.0,0.0,0,11,8,2,3,1,1,1,0
3,2,14,0,0,2,9e-06,114,0,254,0,0,0,0,50666664.0,0.0,2,0,0,0,0,0,57,0,0,0,0.0,0.0,1424246182,1424246182,0.009,0.0,0.0,0.0,0.0,0,2,,,2,39,39,23,22,22,22,39,1
3,5,3,0,0,2,9e-06,114,0,254,0,0,0,0,50666664.0,0.0,2,0,0,0,0,0,57,0,0,0,0.0,0.0,1424232299,1424232299,0.009,0.0,0.0,0.0,0.0,0,2,,,2,20,20,18,18,18,18,20,1
7,2,7,0,0,2,3e-06,264,0,60,0,0,0,0,352000000.0,0.0,2,0,0,0,0,0,132,0,0,0,0.0,0.0,1424247528,1424247528,0.003,0.0,0.0,0.0,0.0,0,0,,,2,40,40,23,23,23,23,40,0
12,1347,0,1,1,1,0.348736,2934,3742,31,29,11,15,1,66021.28906,84258.58594,52,54,255,255,2547815118,403411039,56,69,0,0,1017.662071,41.36518,1421950179,1421950179,6.831628,6.569812,0.000671,0.000532,0.000139,0,0,0.0,1.0,3,1,1,5,6,1,1,4,0
3,5,3,0,0,2,8e-06,114,0,254,0,0,0,0,57000000.0,0.0,2,0,0,0,0,0,57,0,0,0,0.0,0.0,1424232543,1424232543,0.008,0.0,0.0,0.0,0.0,0,2,,,2,18,18,18,19,18,18,18,1
3,2,3,0,0,2,5e-06,114,0,254,0,0,0,0,91200000.0,0.0,2,0,0,0,0,0,57,0,0,0,0.0,0.0,1424230791,1424230791,0.005,0.0,0.0,0.0,0.0,0,2,,,2,20,20,20,20,20,20,20,1
1,1348,20,496,1,1,0.02096,2974,30516,31,29,7,18,2,1111832.125,11414504.0,48,50,255,255,3321489645,3321782753,62,610,0,0,27.555104,25.927989,1424241203,1424241203,0.448717,0.415531,0.000716,0.00059,0.000126,0,0,,,2,2,2,1,2,1,1,1,0
3,1349,14,4,1,1,0.238376,958,1268,62,252,2,2,3,28962.64648,37252.07031,10,8,255,255,1972584552,3439072877,96,159,1,209,1470.374628,54.845168,1424236072,1424236073,26.486222,32.393857,0.053231,0.007207,0.046024,0,1,1.0,,2,1,1,1,1,1,1,1,1
3,2,3,0,0,2,9e-06,114,0,254,0,0,0,0,50666664.0,0.0,2,0,0,0,0,0,57,0,0,0,0.0,0.0,1424230827,1424230827,0.009,0.0,0.0,0.0,0.0,0,2,,,2,25,25,7,7,7,7,25,1
12,1350,0,497,1,1,0.043839,2438,19502,31,29,7,13,2,433221.5625,3469969.75,38,40,255,255,3717104665,1598422408,64,488,0,0,71.262904,69.878203,1424240066,1424240066,1.176324,1.108667,0.000738,0.000598,0.00014,0,0,,,2,5,12,5,5,1,1,2,0
8,1351,20,0,0,0,0.000998,146,178,31,29,0,0,0,585170.3125,713426.8125,2,2,0,0,0,0,73,89,0,0,0.0,0.0,1421953205,1421953205,0.011,0.008,0.0,0.0,0.0,0,0,0.0,0.0,0,2,2,5,2,1,1,1,0
0,1352,1,498,1,1,0.012021,2230,13358,31,29,7,11,2,1440812.0,8642875.0,34,36,255,255,3183335613,1034017363,66,371,0,0,24.370298,23.336171,1421947735,1421947735,0.365562,0.327857,0.000655,0.000538,0.000117,0,0,0.0,0.0,0,3,7,2,1,1,1,1,0
6,2,6,0,0,2,3e-06,114,0,254,0,0,0,0,152000000.0,0.0,2,0,0,0,0,0,57,0,0,0,0.0,0.0,1424261859,1424261859,0.003,0.0,0.0,0.0,0.0,0,2,,,2,22,22,17,17,17,17,22,1
4,1353,18,499,1,1,0.041813,2854,29114,31,29,7,17,2,534187.9375,5449405.5,46,46,255,255,3524397876,3553638454,62,633,0,0,60.3717,60.082004,1421945055,1421945055,0.922067,0.914311,0.00082,0.000666,0.000154,0,0,0.0,0.0,0,12,20,27,8,4,4,4,0
13,1354,19,0,0,0,0.001077,130,162,31,29,0,0,0,482822.625,601671.25,2,2,0,0,0,0,65,81,0,0,0.0,0.0,1424228319,1424228319,0.009,0.007,0.0,0.0,0.0,0,0,,,2,3,3,2,3,1,1,2,0
2,1355,9,18,1,1,0.93684,1442,102092,62,252,6,44,2,11878.22852,862328.6875,28,92,255,255,1402761799,2378507057,52,1110,0,0,1699.473129,940.851477,1424228519,1424228519,34.697777,10.3266,0.051381,0.006821,0.04456,0,1,,,2,2,1,1,1,1,1,1,1
3,1356,16,500,1,3,6e-06,90,0,254,0,1,0,2,59999996.0,0.0,2,0,255,0,0,0,45,0,0,0,0.0,0.0,1421933138,1421933138,0.006,0.0,0.0,0.0,0.0,0,6,0.0,0.0,0,16,14,2,3,1,1,2,0
0,168,10,0,0,0,0.001061,146,178,31,29,0,0,0,550424.125,671065.0,2,2,0,0,0,0,73,89,0,0,0.0,0.0,1424240048,1424240048,0.009,0.007,0.0,0.0,0.0,0,0,,,2,1,1,1,1,1,1,1,0
6,2,9,0,0,2,9e-06,114,0,254,0,0,0,0,50666664.0,0.0,2,0,0,0,0,0,57,0,0,0,0.0,0.0,1424223306,1424223306,0.009,0.0,0.0,0.0,0.0,0,2,,,2,26,26,8,8,8,8,26,1
2,2,3,0,0,2,3e-06,114,0,254,0,0,0,0,152000000.0,0.0,2,0,0,0,0,0,57,0,0,0,0.0,0.0,1421932469,1421932469,0.003,0.0,0.0,0.0,0.0,0,2,0.0,0.0,0,14,14,3,3,3,3,3,1
3,2,3,0,0,2,8e-06,114,0,254,0,0,0,0,57000000.0,0.0,2,0,0,0,0,0,57,0,0,0,0.0,0.0,1424230514,1424230514,0.008,0.0,0.0,0.0,0.0,0,2,,,2,47,47,47,47,47,37,47,1
2,1357,2,4,1,1,1.166996,878,5146,62,252,2,3,3,5422.469238,32342.86914,10,12,255,255,826753495,4014398504,88,429,0,0,8429.914946,6693.884973,1424242380,1424242382,129.595111,102.193729,0.128458,0.042856,0.085602,0,1,,,2,1,1,1,1,1,1,1,1
6,5,6,0,0,2,1e-06,114,0,254,0,0,0,0,456000000.0,0.0,2,0,0,0,0,0,57,0,0,0,0.0,0.0,1424261668,1424261668,0.001,0.0,0.0,0.0,0.0,0,2,,,2,31,31,15,14,14,14,31,1
2,1358,9,10,1,1,1.214492,564,354,254,252,2,1,2,3346.255127,2042.006104,10,8,255,255,2371103201,4237126074,56,44,0,0,7951.409678,241.535094,1424251641,1424251642,132.979778,162.384281,0.174943,0.077793,0.09715,0,1,,,2,1,3,2,15,1,1,1,1
3,1359,9,4,1,1,0.226564,822,1624,62,252,2,2,3,26129.48242,50175.66797,10,8,255,255,4170989616,3971125779,82,203,1,402,1297.17402,55.589184,1424222325,1424222325,25.173778,29.002715,0.060325,0.013728,0.046597,0,1,1.0,,2,1,2,1,1,1,1,1,1
2,8,6,6,3,2,3.3e-05,200,0,254,0,0,0,2,24242424.0,0.0,2,0,0,0,0,0,100,0,0,0,0.0,0.0,1424237365,1424237365,0.033,0.0,0.0,0.0,0.0,0,2,,,2,5,5,2,5,2,2,5,1
3,2,14,0,0,2,1e-05,114,0,254,0,0,0,0,45600000.0,0.0,2,0,0,0,0,0,57,0,0,0,0.0,0.0,1424245864,1424245864,0.01,0.0,0.0,0.0,0.0,0,2,,,2,38,38,37,38,37,20,38,1
10,1360,4,8,1,1,0.475812,37292,3380,31,29,18,8,4,614948.75,55484.10156,52,42,255,255,1177222757,3323639164,717,80,0,0,776.29214,25.375197,1424256046,1424256047,9.323,11.592756,0.000638,0.000503,0.000135,0,0,,,2,1,1,9,1,1,1,1,0
2,5,2,0,0,2,9e-06,114,0,254,0,0,0,0,50666664.0,0.0,2,0,0,0,0,0,57,0,0,0,0.0,0.0,1424252005,1424252005,0.009,0.0,0.0,0.0,0.0,0,2,,,2,28,28,9,9,9,5,28,1
2,5,3,0,0,2,1e-06,114,0,254,0,0,0,0,456000000.0,0.0,2,0,0,0,0,0,57,0,0,0,0.0,0.0,1424238635,1424238635,0.001,0.0,0.0,0.0,0.0,0,2,,,2,31,31,7,7,7,7,31,1
0,1361,10,0,0,0,0.001072,146,178,31,29,0,0,0,544776.125,664179.125,2,2,0,0,0,0,73,89,0,0,0.0,0.0,1421941002,1421941002,0.011,0.006,0.0,0.0,0.0,0,0,0.0,0.0,0,1,4,3,3,1,1,1,0
0,1362,13,18,1,1,0.037383,7816,15660,31,29,30,32,2,1658935.875,3324719.75,122,126,255,255,3392853234,3390240638,64,124,0,0,21.150544,17.278875,1424247521,1424247521,0.319138,0.29771,0.000578,0.000462,0.000116,0,0,,,2,4,6,3,2,1,1,2,0
2,2,3,0,0,2,9e-06,114,0,254,0,0,0,0,50666664.0,0.0,2,0,0,0,0,0,57,0,0,0,0.0,0.0,1424238549,1424238549,0.009,0.0,0.0,0.0,0.0,0,2,,,2,28,28,20,20,20,20,28,1
5,2,7,0,0,2,7e-06,264,0,60,0,0,0,0,150857136.0,0.0,2,0,0,0,0,0,132,0,0,0,0.0,0.0,1424233088,1424233088,0.007,0.0,0.0,0.0,0.0,0,0,,,2,24,24,24,24,24,24,24,0
6,2,9,0,0,2,8e-06,114,0,254,0,0,0,0,57000000.0,0.0,2,0,0,0,0,0,57,0,0,0,0.0,0.0,1424225704,1424225704,0.008,0.0,0.0,0.0,0.0,0,2,,,2,11,11,8,8,8,8,11,1
3,1363,11,33,1,1,1.160803,2004,736,254,252,3,2,2,12660.20215,4438.307129,12,8,255,255,3921516069,2328562435,167,92,0,0,5927.431945,216.119687,1424255933,1424255935,100.744729,144.764141,0.189142,0.147453,0.041689,0,1,,,2,3,1,1,2,2,1,1,1
0,1364,10,10,0,0,0.004774,568,304,31,29,0,0,2,713866.75,382069.5313,4,4,0,0,0,0,142,76,0,0,1.834707,1.444148,1424236934,1424236934,1.299333,1.028667,0.0,0.0,0.0,0,0,,,2,14,9,5,6,1,1,5,0
12,1365,19,1,1,1,1.117749,2934,3740,31,29,11,15,2,20598.54297,26274.23633,52,54,255,255,1852503345,1853474042,56,69,0,0,1900.488402,72.598914,1421933781,1421933782,21.91047,21.080566,0.00072,0.000476,0.000244,0,0,0.0,0.0,0,10,10,7,5,1,1,3,0
2,5,3,0,0,2,9e-06,114,0,254,0,0,0,0,50666664.0,0.0,2,0,0,0,0,0,57,0,0,0,0.0,0.0,1424240069,1424240069,0.009,0.0,0.0,0.0,0.0,0,2,,,2,20,20,20,20,20,20,20,1
2,5,3,0,0,2,1e-05,114,0,254,0,0,0,0,45600000.0,0.0,2,0,0,0,0,0,57,0,0,0,0.0,0.0,1424238880,1424238880,0.01,0.0,0.0,0.0,0.0,0,2,,,2,35,35,20,21,20,20,35,1
11,1366,20,0,0,0,0.001146,146,178,31,29,0,0,0,509598.5938,621291.4375,2,2,0,0,0,0,73,89,0,0,0.0,0.0,1421953869,1421953869,0.011,0.002,0.0,0.0,0.0,0,0,0.0,0.0,0,3,2,5,5,2,1,2,0
8,1367,10,501,0,0,0.001826,520,304,31,29,0,0,2,1708652.75,998904.6875,4,4,0,0,0,0,130,76,0,0,0.679529,0.327163,1421941558,1421941558,0.484,0.236333,0.0,0.0,0.0,0,0,0.0,0.0,0,10,9,4,4,1,1,3,0
12,1368,10,502,1,1,0.073575,3598,49642,31,29,7,24,2,384804.625,5310717.0,60,62,255,255,4159923640,4162033210,60,801,0,0,78.658785,76.093792,1421942611,1421942612,1.241339,1.198082,0.00062,0.000485,0.000135,0,0,0.0,0.0,0,10,3,5,3,1,1,2,0
3,1369,3,26,1,1,0.417587,900,556,254,252,5,3,2,16169.08496,9598.0,16,10,255,255,285265151,3031055131,56,56,0,0,1385.482183,49.163453,1424244031,1424244031,27.780999,39.563,0.083853,0.061511,0.022342,0,1,,,2,4,4,2,2,2,1,4,1
17,1370,20,0,0,0,0.001059,132,164,31,29,0,0,0,498583.5625,619452.3125,2,2,0,0,0,0,66,82,0,0,0.0,0.0,1424241766,1424241766,0.001,0.009,0.0,0.0,0.0,0,0,,,2,4,4,3,5,3,2,2,0
11,1371,0,0,0,0,0.000983,132,164,31,29,0,0,0,537131.1875,667344.8125,2,2,0,0,0,0,66,82,0,0,0.0,0.0,1421964011,1421964011,0.007,0.01,0.0,0.0,0.0,0,0,0.0,0.0,0,1,2,5,3,1,1,1,0
1,1372,0,0,0,0,0.001072,130,162,31,29,0,0,0,485074.625,604477.625,2,2,0,0,0,0,65,81,0,0,0.0,0.0,1421967963,1421967963,0.011,0.008,0.0,0.0,0.0,0,0,0.0,0.0,0,4,1,2,1,1,1,1,0
2,2,2,0,0,2,1e-05,114,0,254,0,0,0,0,45600000.0,0.0,2,0,0,0,0,0,57,0,0,0,0.0,0.0,1424254376,1424254376,0.01,0.0,0.0,0.0,0.0,0,2,,,2,16,16,16,18,16,16,16,1
3,2,14,0,0,2,3e-06,114,0,254,0,0,0,0,152000000.0,0.0,2,0,0,0,0,0,57,0,0,0,0.0,0.0,1424246373,1424246373,0.003,0.0,0.0,0.0,0.0,0,2,,,2,38,38,29,28,28,18,38,1
9,1373,6,33,1,1,0.581844,590,268,254,252,2,1,2,7300.92627,3079.863525,10,6,255,255,2003564015,1202040186,59,45,0,0,3248.095683,174.048812,1424240421,1424240421,62.105111,103.082797,0.155257,0.06642,0.088837,0,1,,,2,4,4,2,2,1,1,4,1
8,1374,8,1,1,1,0.025206,2934,3742,31,29,11,15,1,913433.3125,1165754.25,52,54,255,255,1955735601,1956807282,56,69,0,0,36.695955,0.915316,1421942150,1421942150,0.48798,0.466075,0.000632,0.000497,0.000135,0,0,0.0,1.0,3,1,1,4,6,1,1,4,0
17,1375,13,7,1,1,3.828782,24536,1094788,31,29,38,390,2,51149.42578,2284826.75,436,858,255,255,1316803612,1320955315,56,1276,0,0,4159.625667,2963.30912,1421938551,1421938555,8.800993,4.467105,0.000601,0.00047,0.000131,0,0,0.0,0.0,0,12,14,7,4,3,1,3,0
17,1376,8,503,1,1,0.004124,424,8824,31,29,1,4,5,719689.5625,15691561.0,8,12,255,255,592763116,2750273094,53,735,0,0,32.388612,19.462819,1421971046,1421971046,0.544,0.328273,0.00063,0.00051,0.00012,0,0,0.0,0.0,0,1,1,5,13,1,1,4,0
4,1377,0,18,1,1,1.610868,7666,15772,31,29,29,32,2,37758.52734,77697.24219,120,124,255,255,3936631288,1853050089,64,127,0,0,857.683209,846.101705,1421935324,1421935326,13.533756,13.087748,0.001828,0.001068,0.00076,0,0,0.0,0.0,0,6,7,2,6,1,1,2,0
14,1378,18,504,1,1,0.031896,3806,51422,31,29,7,26,2,939804.375,12702032.0,64,66,255,255,3010622555,861350738,59,779,0,0,32.113994,31.722763,1424236636,1424236636,0.501381,0.481646,0.000725,0.000579,0.000146,0,0,,,2,10,2,1,2,1,1,2,0
0,1379,4,0,0,0,0.001174,146,178,31,29,0,0,0,497444.6563,606473.625,2,2,0,0,0,0,73,89,0,0,0.0,0.0,1424246394,1424246394,0.011,0.01,0.0,0.0,0.0,0,0,,,2,3,1,3,5,1,1,2,0
1,1380,19,505,1,1,0.005258,4176,2456,31,29,7,7,2,6000761.0,3529859.25,18,18,255,255,1070542193,1073664637,232,136,0,0,14.734127,0.358549,1424241998,1424241998,0.289588,0.281353,0.000597,0.000471,0.000126,0,0,,,2,6,5,5,6,1,1,4,0
2,2,2,0,0,2,3e-06,114,0,254,0,0,0,0,152000000.0,0.0,2,0,0,0,0,0,57,0,0,0,0.0,0.0,1424255032,1424255032,0.003,0.0,0.0,0.0,0.0,0,2,,,2,34,34,34,34,34,16,34,1
3,2,3,0,0,2,2e-06,114,0,254,0,0,0,0,228000000.0,0.0,2,0,0,0,0,0,57,0,0,0,0.0,0.0,1424230335,1424230335,0.002,0.0,0.0,0.0,0.0,0,2,,,2,25,25,25,27,25,25,25,1
4,1381,20,0,0,0,0.001001,130,162,31,29,0,0,0,519480.5,647352.625,2,2,0,0,0,0,65,81,0,0,0.0,0.0,1424225573,1424225573,0.001,0.003,0.0,0.0,0.0,0,0,,,2,2,1,7,4,1,1,6,0
9,8,15,6,66,2,5e-06,180,0,254,0,0,0,2,144000000.0,0.0,2,0,0,0,0,0,90,0,0,0,0.0,0.0,1424258698,1424258698,0.005,0.0,0.0,0.0,0.0,0,2,,,2,4,3,3,4,4,3,3,1
2,8,15,6,13,2,1.144049,1890,0,254,0,0,0,2,12901.54492,0.0,42,0,0,0,0,0,45,0,0,0,29.83157,0.0,1424251187,1424251189,27.903635,0.0,0.0,0.0,0.0,0,2,,,2,1,1,1,1,1,1,1,1
11,151,19,30,1,1,0.014554,5928,8010,31,29,14,17,6,3206266.25,4327057.5,62,58,255,255,954277293,954969481,96,138,0,0,19.269219,0.0,1424246099,1424246099,0.242567,0.234554,0.001429,0.001278,0.000151,0,0,,,2,1,1,1,1,1,1,1,0
4,1382,20,506,1,1,0.011855,2542,21294,31,29,7,14,2,1672880.625,14027499.0,40,42,255,255,1496696092,1502606336,64,507,0,0,17.118884,16.626644,1424245535,1424245535,0.294897,0.277561,0.000596,0.000472,0.000124,0,0,,,2,3,4,3,2,1,1,1,0
3,1383,2,18,1,1,3.755846,4952,837630,62,252,6,319,2,10451.97266,1781385.0,110,642,255,255,2044320547,1291820204,45,1305,0,0,1780.893288,724.319529,1424251241,1424251245,34.457303,5.844318,0.055208,0.008414,0.046794,0,1,,,2,1,3,3,1,1,1,1,1
14,1384,13,507,1,1,0.034855,2230,15258,31,29,7,11,2,496915.7813,3404963.25,34,36,255,255,1138165013,1153482586,66,424,0,0,65.698068,64.187254,1424233816,1424233816,1.046909,0.981543,0.000615,0.000498,0.000117,0,0,,,2,2,2,2,2,1,1,1,0
0,1385,18,0,0,0,0.000942,146,178,31,29,0,0,0,619957.5,755838.625,2,2,0,0,0,0,73,89,0,0,0.0,0.0,1421931441,1421931441,0.004,0.003,0.0,0.0,0.0,0,0,0.0,0.0,0,3,3,5,6,1,1,2,0
2,5,2,0,0,2,9e-06,114,0,254,0,0,0,0,50666664.0,0.0,2,0,0,0,0,0,57,0,0,0,0.0,0.0,1424253130,1424253130,0.009,0.0,0.0,0.0,0.0,0,2,,,2,32,32,19,18,18,18,32,1
17,1386,8,8,1,1,0.02374,37296,3276,31,29,18,8,4,12326538.0,1076663.875,52,40,255,255,603495763,2754043133,717,82,0,0,28.347057,1.255093,1424255229,1424255229,0.4681,0.596795,0.000579,0.000463,0.000116,0,0,,,2,1,1,2,2,1,1,1,0
2,2,2,0,0,2,8e-06,114,0,254,0,0,0,0,57000000.0,0.0,2,0,0,0,0,0,57,0,0,0,0.0,0.0,1424254860,1424254860,0.008,0.0,0.0,0.0,0.0,0,2,,,2,13,13,13,13,13,7,13,1
4,1387,8,508,1,1,0.036925,2974,33374,31,29,7,18,2,631117.125,7086147.5,48,50,255,255,3097866780,3098473951,62,667,0,0,51.281894,48.068062,1421934499,1421934499,0.778809,0.729612,0.001347,0.001163,0.000184,0,0,0.0,0.0,0,9,11,3,2,1,1,1,0
6,2,9,0,0,2,5e-06,114,0,254,0,0,0,0,91200000.0,0.0,2,0,0,0,0,0,57,0,0,0,0.0,0.0,1424224487,1424224487,0.005,0.0,0.0,0.0,0.0,0,2,,,2,17,17,17,17,17,8,17,1
0,1388,20,7,1,1,0.294654,1540,1644,31,29,4,4,2,39205.30469,42164.70703,16,18,255,255,1526588994,1592811973,96,91,0,0,1252.727742,29.850297,1424250982,1424250983,19.623799,17.304824,0.000588,0.000471,0.000117,0,0,,,2,10,8,6,6,6,1,7,0
3,8,11,6,67,2,5e-06,200,0,254,0,0,0,2,160000000.0,0.0,2,0,0,0,0,0,100,0,0,0,0.0,0.0,1424230252,1424230252,0.005,0.0,0.0,0.0,0.0,0,2,,,2,6,6,1,1,1,1,6,1
3,1389,9,4,1,1,0.275693,810,998,62,252,2,2,3,21153.96484,25361.54297,10,8,255,255,3057449752,1632956467,81,125,1,91,1503.008716,54.819301,1424240911,1424240911,30.632556,38.02243,0.055135,0.008801,0.046334,0,1,1.0,,2,1,1,1,2,1,1,1,1
0,1390,18,18,1,1,0.806848,7808,15564,31,29,30,32,2,76782.74219,153099.4688,122,126,255,255,3956216058,1811835728,64,124,0,0,443.636057,439.989464,1424259025,1424259026,6.665173,6.450552,0.000637,0.000525,0.000112,0,0,,,2,1,1,2,1,1,1,1,0
2,1391,24,26,1,1,1.945811,9136,764,254,252,6,4,2,35477.23828,2919.091309,18,14,255,255,3996200484,3804604031,508,55,0,0,9158.53529,228.927812,1424237921,1424237923,114.459465,141.878531,0.158694,0.08661,0.072084,0,1,,,2,4,1,1,1,1,1,1,0
4,1392,10,18,1,1,4.056832,7810,15068,31,29,30,32,2,15274.97363,29479.16211,122,126,255,255,737402993,770791175,64,120,0,0,2030.309969,1994.996,1421960570,1421960574,33.524736,32.450535,0.000651,0.000509,0.000142,0,0,0.0,0.0,0,1,11,1,1,1,1,1,0
17,1393,8,509,1,1,0.371277,4640,2872,31,29,7,7,2,96143.85156,59513.51563,26,26,255,255,1433614849,3582157778,178,110,0,0,968.283347,24.163053,1424222971,1424222972,14.00692,14.83156,0.000633,0.000486,0.000147,0,0,,,2,10,11,6,1,1,1,3,0
3,5,3,0,0,2,1e-06,114,0,254,0,0,0,0,456000000.0,0.0,2,0,0,0,0,0,57,0,0,0,0.0,0.0,1424233557,1424233557,0.001,0.0,0.0,0.0,0.0,0,2,,,2,42,42,17,17,17,17,43,1
11,1394,20,4,1,1,2.634661,17538,1087890,31,29,2,370,3,53092.21875,3298889.75,328,746,255,255,1616577499,1630823812,53,1458,1,524288,442.477106,272.037213,1421959845,1421959847,8.056077,3.535754,0.000659,0.000521,0.000138,0,0,4.0,0.0,0,2,2,4,2,2,2,2,0
3,5,14,0,0,2,1e-06,114,0,254,0,0,0,0,456000000.0,0.0,2,0,0,0,0,0,57,0,0,0,0.0,0.0,1424244959,1424244959,0.001,0.0,0.0,0.0,0.0,0,2,,,2,28,28,6,6,6,6,28,1
13,1395,10,510,1,1,0.048838,8928,424,31,29,4,1,5,1358122.75,60772.34766,14,8,255,255,2190337342,3129963114,638,53,0,0,401.833156,16.379905,1421951279,1421951279,3.756769,6.881571,0.000671,0.000502,0.000169,0,0,0.0,0.0,0,9,6,4,6,1,1,4,0
2,1396,11,4,1,1,0.328681,836,1992,62,252,2,2,3,18327.80078,42424.11328,10,8,255,255,1733442728,361797696,84,249,1,590,1815.659886,60.165129,1424243236,1424243237,36.520111,45.170715,0.061791,0.011787,0.050004,0,1,1.0,,2,2,2,1,1,1,1,1,1
2,2,2,0,0,2,9e-06,114,0,254,0,0,0,0,50666664.0,0.0,2,0,0,0,0,0,57,0,0,0,0.0,0.0,1424255155,1424255155,0.009,0.0,0.0,0.0,0.0,0,2,,,2,21,21,3,3,3,3,21,1
6,5,6,0,0,2,9e-06,114,0,254,0,0,0,0,50666664.0,0.0,2,0,0,0,0,0,57,0,0,0,0.0,0.0,1424259047,1424259047,0.009,0.0,0.0,0.0,0.0,0,2,,,2,33,33,20,20,20,10,33,1
8,1397,18,0,0,0,0.001048,146,178,31,29,0,0,0,557251.9375,679389.375,2,2,0,0,0,0,73,89,0,0,0.0,0.0,1424240757,1424240757,0.007,0.007,0.0,0.0,0.0,0,0,,,2,2,4,5,3,1,1,5,0
1,1398,20,511,1,1,0.650358,424,8824,31,29,1,4,5,4563.640137,99502.11719,8,12,255,255,1112825699,344132090,53,735,0,0,5957.465627,4749.432274,1421951363,1421951364,92.862141,59.08,0.001449,0.000475,0.000974,0,0,0.0,0.0,0,5,3,1,3,1,1,1,0
17,1399,18,512,1,1,0.023923,2974,33374,31,29,7,18,2,974125.3125,10937424.0,48,50,255,255,216554619,2362260111,62,667,0,0,33.567307,32.923125,1421934666,1421934666,0.502085,0.475755,0.000731,0.0006,0.000131,0,0,0.0,0.0,0,12,9,5,3,1,1,1,0
3,2,14,0,0,2,9e-06,114,0,254,0,0,0,0,50666664.0,0.0,2,0,0,0,0,0,57,0,0,0,0.0,0.0,1424245455,1424245455,0.009,0.0,0.0,0.0,0.0,0,2,,,2,12,12,12,12,12,12,12,1
8,1400,20,7,1,1,2.891558,10164,399216,31,29,16,144,2,27960.01367,1101072.875,174,322,255,255,1025052224,3207371698,58,1240,0,0,5628.346426,4132.359588,1421961150,1421961153,16.712364,9.006084,0.000753,0.000595,0.000158,0,0,0.0,0.0,0,7,4,2,7,2,1,2,0
14,1401,13,513,1,1,0.004923,4504,2456,31,29,7,7,2,6912858.0,3770059.0,18,18,255,255,1603030216,3751693276,250,136,0,0,13.387942,0.332118,1421953595,1421953595,0.270412,0.256882,0.00067,0.000552,0.000118,0,0,0.0,0.0,0,13,27,11,7,1,1,3,0
12,1402,12,514,1,1,0.006994,8928,320,31,29,4,1,5,9483557.0,305404.625,14,6,255,255,1952559679,1976128097,638,53,0,0,33.820384,2.231863,1424236967,1424236967,0.538,1.2704,0.000656,0.000523,0.000133,0,0,,,2,4,6,4,5,1,1,4,0
2,5,3,0,0,2,2.1e-05,114,0,254,0,0,0,0,21714286.0,0.0,2,0,0,0,0,0,57,0,0,0,0.0,0.0,1424240149,1424240149,0.021,0.0,0.0,0.0,0.0,0,2,,,2,37,37,20,22,20,20,38,1
9,1403,6,26,1,1,1.144433,534,354,254,252,2,1,2,3362.36377,2167.011963,10,8,255,255,3459995564,3853147340,53,44,0,0,7627.798216,333.72425,1421930711,1421930713,122.096444,155.574859,0.106036,0.055399,0.050637,0,1,0.0,0.0,0,3,3,1,1,1,1,1,1
6,5,9,0,0,2,3e-06,114,0,254,0,0,0,0,152000000.0,0.0,2,0,0,0,0,0,57,0,0,0,0.0,0.0,1424225144,1424225144,0.003,0.0,0.0,0.0,0.0,0,2,,,2,28,28,17,17,17,9,28,1
2,1404,14,26,1,1,1.653708,8834,354,254,252,4,1,2,39682.94141,1499.660156,14,8,255,255,3879723029,1274217203,631,44,0,0,8162.727707,402.899375,1424249521,1424249522,122.717618,221.136859,0.295578,0.105742,0.189836,0,1,,,2,1,1,1,2,1,1,2,0
2,2,3,0,0,2,3e-06,114,0,254,0,0,0,0,152000000.0,0.0,2,0,0,0,0,0,57,0,0,0,0.0,0.0,1424240082,1424240082,0.003,0.0,0.0,0.0,0.0,0,2,,,2,28,28,24,24,24,24,28,1
3,2,14,0,0,2,8e-06,114,0,254,0,0,0,0,57000000.0,0.0,2,0,0,0,0,0,57,0,0,0,0.0,0.0,1424244921,1424244921,0.008,0.0,0.0,0.0,0.0,0,2,,,2,16,16,16,16,16,16,16,1
11,1405,8,0,0,0,0.00102,146,178,31,29,0,0,2,572549.0625,698039.25,2,2,0,0,0,0,73,89,0,0,0.0,0.0,1421945595,1421945595,0.01,0.006,0.0,0.0,0.0,0,0,0.0,0.0,0,5,22,6,5,2,2,2,0
6,5,6,0,0,2,1e-05,114,0,254,0,0,0,0,45600000.0,0.0,2,0,0,0,0,0,57,0,0,0,0.0,0.0,1424259037,1424259037,0.01,0.0,0.0,0.0,0.0,0,2,,,2,34,34,13,14,13,8,34,1
11,1406,0,9,1,1,0.006288,2158,2464,31,29,6,6,2,2632315.5,3005089.0,24,24,255,255,3372855646,3373173380,90,103,0,0,15.924416,0.342585,1421944171,1421944171,0.25813,0.244435,0.000815,0.000656,0.000159,0,0,0.0,0.0,0,6,6,1,1,1,1,1,0
2,5,2,0,0,2,8e-06,114,0,254,0,0,0,0,57000000.0,0.0,2,0,0,0,0,0,57,0,0,0,0.0,0.0,1424253943,1424253943,0.008,0.0,0.0,0.0,0.0,0,2,,,2,18,18,18,20,18,18,18,1
1,1407,10,4,1,1,1.075957,1684,10168,31,29,3,5,3,11628.71777,71408.0625,14,18,255,255,2680410498,2681324973,120,565,1,3924,8785.704412,7693.309789,1424243525,1424243526,82.739615,63.263882,0.000581,0.000458,0.000123,0,0,1.0,,2,4,2,3,5,1,1,4,0
3,5,14,0,0,2,9e-06,114,0,254,0,0,0,0,50666664.0,0.0,2,0,0,0,0,0,57,0,0,0,0.0,0.0,1424246813,1424246813,0.009,0.0,0.0,0.0,0.0,0,2,,,2,12,12,13,15,12,12,18,1
9,1408,6,4,1,1,0.276928,866,2028,62,252,2,2,3,22532.93164,51276.86328,10,8,255,255,187737459,897820916,87,254,1,594,1521.767057,55.865672,1424222052,1424222053,30.769778,38.12657,0.055912,0.009413,0.046499,0,1,1.0,,2,1,1,1,1,1,1,1,1
17,1409,4,4,1,1,1.008051,1580,10168,31,29,3,5,2,11499.41797,76218.35938,12,18,255,255,1719926764,3870574901,132,565,1,3924,9529.705536,7684.131896,1421945256,1421945257,91.603636,59.26488,0.000679,0.000543,0.000136,0,0,6.0,0.0,0,6,19,11,6,1,1,4,0
6,5,6,0,0,2,1e-05,114,0,254,0,0,0,0,45600000.0,0.0,2,0,0,0,0,0,57,0,0,0,0.0,0.0,1424259904,1424259904,0.01,0.0,0.0,0.0,0.0,0,2,,,2,17,17,16,17,16,16,17,1
5,5,7,0,0,2,7e-06,264,0,60,0,0,0,0,150857136.0,0.0,2,0,0,0,0,0,132,0,0,0,0.0,0.0,1424231422,1424231422,0.007,0.0,0.0,0.0,0.0,0,0,,,2,22,22,22,22,22,22,22,0
3,2,14,0,0,2,9e-06,114,0,254,0,0,0,0,50666664.0,0.0,2,0,0,0,0,0,57,0,0,0,0.0,0.0,1424246869,1424246869,0.009,0.0,0.0,0.0,0.0,0,2,,,2,32,32,25,26,22,22,39,1
6,2,9,0,0,2,5e-06,114,0,254,0,0,0,0,91200000.0,0.0,2,0,0,0,0,0,57,0,0,0,0.0,0.0,1424225672,1424225672,0.005,0.0,0.0,0.0,0.0,0,2,,,2,17,17,8,8,8,8,17,1
3,2,3,0,0,2,9e-06,114,0,254,0,0,0,0,50666664.0,0.0,2,0,0,0,0,0,57,0,0,0,0.0,0.0,1424233717,1424233717,0.009,0.0,0.0,0.0,0.0,0,2,,,2,41,41,41,41,41,25,41,1
19,5,21,0,0,2,7e-06,264,0,60,0,0,0,0,150857136.0,0.0,2,0,0,0,0,0,132,0,0,0,0.0,0.0,1424259288,1424259288,0.007,0.0,0.0,0.0,0.0,0,0,,,2,17,17,17,17,17,10,17,0
13,1410,1,8,1,1,0.030842,37998,3380,31,29,19,8,4,9673821.0,855975.625,54,42,255,255,2337741510,2342968031,704,80,0,0,33.658282,1.580899,1421947974,1421947974,0.563359,0.740195,0.000617,0.000489,0.000128,0,0,0.0,0.0,0,1,1,6,4,1,1,3,0
13,1411,18,515,1,1,0.015986,2854,31444,31,29,7,17,2,1397222.625,15407983.0,46,48,255,255,2065117220,4215021857,62,655,0,0,19.207898,18.454196,1421954054,1421954054,0.346978,0.334043,0.000746,0.000609,0.000137,0,0,0.0,0.0,0,3,10,4,4,1,1,1,0
5,5,5,0,0,2,7e-06,264,0,60,0,0,0,0,150857136.0,0.0,2,0,0,0,0,0,132,0,0,0,0.0,0.0,1424239418,1424239418,0.007,0.0,0.0,0.0,0.0,0,0,,,2,16,16,2,2,2,2,16,0
0,1412,20,516,1,1,0.012755,2542,23516,31,29,7,14,2,1554841.25,14398746.0,40,42,255,255,3442370375,1302158663,64,560,0,0,18.393609,17.946046,1421959014,1421959014,0.318513,0.313077,0.000671,0.000544,0.000127,0,0,0.0,0.0,0,8,6,2,2,1,1,1,0
2,5,3,0,0,2,1e-05,114,0,254,0,0,0,0,45600000.0,0.0,2,0,0,0,0,0,57,0,0,0,0.0,0.0,1421930730,1421930730,0.01,0.0,0.0,0.0,0.0,0,2,0.0,0.0,0,13,13,7,11,7,4,7,1
1,1413,20,8,1,1,0.031241,37202,3380,31,29,18,8,4,9343363.0,845043.375,52,42,255,255,3809855267,1665473417,715,80,0,0,38.650811,1.701238,1424233555,1424233555,0.61796,0.750122,0.000609,0.000483,0.000126,0,0,,,2,1,1,5,2,1,1,1,0
3,5,3,0,0,2,9e-06,114,0,254,0,0,0,0,50666664.0,0.0,2,0,0,0,0,0,57,0,0,0,0.0,0.0,1424230528,1424230528,0.009,0.0,0.0,0.0,0.0,0,2,,,2,55,55,38,38,38,17,55,1
6,603,3,4,1,1,0.610353,816,2142,62,252,2,2,3,9633.769531,24575.94336,10,8,255,255,3169967560,3714028939,82,268,0,0,3936.446417,143.43775,1421930019,1421930020,67.817,81.726859,0.072157,0.037521,0.034636,0,1,0.0,0.0,0,1,1,1,2,1,1,1,1
10,1414,8,517,1,1,0.162357,5486,92746,31,29,7,42,2,267509.25,4523365.0,96,98,255,255,3001350944,870443264,57,946,0,0,0.0,94.35255,1424228586,1424228586,1.72383,1.668258,0.000649,0.000532,0.000117,0,0,,,2,12,8,1,4,1,1,2,0
11,1415,12,518,1,1,0.005231,4304,2456,31,29,7,7,2,6216784.5,3548078.75,18,18,255,255,3426130828,3429413743,239,136,0,0,14.170829,0.350884,1421951082,1421951082,0.289118,0.273765,0.000725,0.000573,0.000152,0,0,0.0,0.0,0,11,11,5,5,1,1,4,0
10,1416,18,519,1,1,0.014726,2558,23320,31,29,7,14,2,1355425.75,12367242.0,40,42,255,255,2985557634,2991926963,64,555,0,0,20.802831,20.818785,1424254678,1424254678,0.369385,0.354675,0.000676,0.000536,0.00014,0,0,,,2,4,4,4,5,1,1,3,0
12,1417,4,520,1,1,0.006302,424,8824,31,29,1,4,5,470961.5938,10268486.0,8,12,255,255,2258451067,2266232904,53,735,0,0,58.193894,30.023724,1421944845,1421944845,0.853571,0.531455,0.000587,0.000452,0.000135,0,0,0.0,0.0,0,3,3,25,19,3,3,17,0
8,1418,0,9,1,1,1.147494,3314,27552,31,29,9,14,2,22581.38281,187915.5938,44,46,255,255,2371464424,2371754703,75,599,0,0,2412.418083,2332.111689,1424247039,1424247041,27.313071,25.486956,0.000712,0.000572,0.00014,0,0,,,2,12,1,1,6,1,1,1,0
0,1419,13,521,0,0,0.001643,528,304,31,29,0,0,2,1928180.125,1110164.25,4,4,0,0,0,0,132,76,0,0,0.568042,0.304765,1424261125,1424261125,0.404667,0.219,0.0,0.0,0.0,0,0,,,2,6,7,3,5,1,1,3,0
0,1420,13,9,1,1,0.651994,1958,2308,31,29,6,6,2,22932.72656,27141.35352,22,24,255,255,3203410937,3203714775,89,96,0,0,2006.494734,1923.965723,1421940638,1421940638,31.030572,28.322261,0.00072,0.000572,0.000148,0,0,0.0,0.0,0,4,3,1,1,1,1,1,0
0,1421,0,4,1,1,1.08403,1684,10168,31,29,3,5,3,11542.11523,70876.26563,14,18,255,255,277450995,2428065028,120,565,1,3924,8791.949573,7697.531351,1421957298,1421957299,83.359767,63.733941,0.000703,0.000547,0.000156,0,0,1.0,0.0,0,1,3,2,2,1,1,2,0
14,1422,4,7,1,1,0.943249,1540,1644,31,29,4,4,2,12247.03125,13171.49609,16,18,255,255,2828347587,822460579,96,91,0,0,3875.887223,99.122867,1421971089,1421971090,62.859069,55.455941,0.000651,0.000496,0.000155,0,0,0.0,0.0,0,13,9,8,6,5,1,5,0
3,2,14,0,0,2,5e-06,114,0,254,0,0,0,0,91200000.0,0.0,2,0,0,0,0,0,57,0,0,0,0.0,0.0,1424246563,1424246563,0.005,0.0,0.0,0.0,0.0,0,2,,,2,39,39,39,39,39,22,39,1
12,1423,0,522,1,1,0.002893,320,1954,31,29,1,2,5,738333.9375,4728655.5,6,8,255,255,2219191231,2223069935,53,244,0,0,28.262625,0.545057,1421950479,1421950479,0.514,0.337143,0.00067,0.00053,0.00014,0,0,0.0,0.0,0,2,2,6,8,1,1,3,0
5,2,5,0,0,2,7e-06,264,0,60,0,0,0,0,150857136.0,0.0,2,0,0,0,0,0,132,0,0,0,0.0,0.0,1424237966,1424237966,0.007,0.0,0.0,0.0,0.0,0,0,,,2,24,24,13,13,13,13,24,0
17,1424,12,0,0,0,0.001085,146,178,31,29,0,0,2,538248.875,656221.1875,2,2,0,0,0,0,73,89,0,0,0.0,0.0,1421955903,1421955903,0.01,0.009,0.0,0.0,0.0,0,0,0.0,0.0,0,16,11,5,2,1,1,1,0
6,1425,2,523,1,1,1.596205,364,790,62,252,1,2,5,1598.792114,3468.226318,8,8,255,255,1803471296,4113893190,46,99,0,0,16091.01737,418.692844,1424235031,1424235032,228.012866,218.092719,0.144006,0.069555,0.074451,0,1,,,2,1,1,2,1,1,1,2,1
7,5,7,0,0,2,8e-06,264,0,60,0,0,0,0,132000000.0,0.0,2,0,0,0,0,0,132,0,0,0,0.0,0.0,1424247887,1424247887,0.008,0.0,0.0,0.0,0.0,0,0,,,2,30,30,28,28,28,16,30,0
2,5,2,0,0,2,1e-06,114,0,254,0,0,0,0,456000000.0,0.0,2,0,0,0,0,0,57,0,0,0,0.0,0.0,1424254178,1424254178,0.001,0.0,0.0,0.0,0.0,0,2,,,2,20,20,18,19,18,18,20,1
2,5,3,0,0,2,1e-05,114,0,254,0,0,0,0,45600000.0,0.0,2,0,0,0,0,0,57,0,0,0,0.0,0.0,1424240232,1424240232,0.01,0.0,0.0,0.0,0.0,0,2,,,2,27,27,3,3,3,3,28,1
6,2,6,0,0,2,2e-06,114,0,254,0,0,0,0,228000000.0,0.0,2,0,0,0,0,0,57,0,0,0,0.0,0.0,1424260947,1424260947,0.002,0.0,0.0,0.0,0.0,0,2,,,2,33,33,33,33,33,17,33,1
11,1426,13,524,1,1,0.080005,3614,49342,31,29,7,24,2,355377.8125,4854396.5,60,62,255,255,3647653505,3647946433,60,796,0,0,80.362267,78.600045,1424228326,1424228326,1.373776,1.323517,0.000726,0.000586,0.00014,0,0,,,2,6,6,3,4,1,1,5,0
17,1427,0,0,0,0,0.001038,132,164,31,29,0,0,0,508670.5313,631984.5625,2,2,0,0,0,0,66,82,0,0,0.0,0.0,1424257114,1424257114,0.009,0.006,0.0,0.0,0.0,0,0,,,2,2,2,3,7,2,1,3,0
11,1428,0,525,1,1,1.582281,5080,3080,31,29,7,7,2,24769.30469,15056.74414,28,30,255,255,2514561975,613378054,181,103,0,0,3688.026053,98.326867,1424229287,1424229289,58.591261,54.540551,0.000777,0.000601,0.000176,0,0,,,2,8,8,4,6,1,1,3,0
6,5,6,0,0,2,9e-06,114,0,254,0,0,0,0,50666664.0,0.0,2,0,0,0,0,0,57,0,0,0,0.0,0.0,1424261421,1424261421,0.009,0.0,0.0,0.0,0.0,0,2,,,2,16,16,18,16,16,16,16,1
8,1429,20,301,1,1,0.22536,8928,320,31,29,4,1,5,294320.1875,9478.167969,14,6,255,255,1702271216,2174750794,638,53,0,0,1597.462771,68.303844,1424250038,1424250039,17.335384,44.938801,0.000693,0.000547,0.000146,0,0,,,2,6,4,1,4,1,1,4,0
6,5,6,0,0,2,3e-06,114,0,254,0,0,0,0,152000000.0,0.0,2,0,0,0,0,0,57,0,0,0,0.0,0.0,1424258934,1424258934,0.003,0.0,0.0,0.0,0.0,0,2,,,2,28,28,16,17,16,16,28,1
2,5,3,0,0,2,8e-06,114,0,254,0,0,0,0,57000000.0,0.0,2,0,0,0,0,0,57,0,0,0,0.0,0.0,1424237552,1424237552,0.008,0.0,0.0,0.0,0.0,0,2,,,2,56,56,44,45,44,11,56,1
3,1430,16,10,1,1,1.70105,564,354,254,252,2,1,2,2389.112549,1457.922974,10,8,255,255,3967768510,3005559632,56,44,0,0,13827.25587,356.877281,1424238247,1424238248,189.005556,220.029281,0.253951,0.160045,0.093906,0,1,,,2,1,2,1,1,1,1,1,1
8,1431,19,18,1,1,0.784584,7816,15314,31,29,30,32,2,79043.16406,154915.2188,122,126,255,255,3021954736,877736404,64,122,0,0,440.56624,436.901834,1421945065,1421945066,6.481223,6.272048,0.000757,0.000574,0.000183,0,0,0.0,0.0,0,14,7,4,25,4,4,4,0
3,5,3,0,0,2,8e-06,114,0,254,0,0,0,0,57000000.0,0.0,2,0,0,0,0,0,57,0,0,0,0.0,0.0,1424232190,1424232190,0.008,0.0,0.0,0.0,0.0,0,2,,,2,26,26,17,17,16,7,27,1
4,1432,4,526,1,1,0.341989,4440,3080,31,29,7,7,2,100166.9609,69663.05469,28,30,255,255,3884582833,1742387176,159,103,0,0,710.044274,18.04051,1424240063,1424240063,12.654852,11.774379,0.000669,0.000529,0.00014,0,0,,,2,3,5,6,6,1,1,5,0
19,5,21,0,0,2,2e-06,264,0,60,0,0,0,0,528000000.0,0.0,2,0,0,0,0,0,132,0,0,0,0.0,0.0,1424260603,1424260603,0.002,0.0,0.0,0.0,0.0,0,0,,,2,31,31,31,31,31,16,31,0
2,8,15,6,68,2,3e-06,200,0,254,0,0,0,2,266666656.0,0.0,2,0,0,0,0,0,100,0,0,0,0.0,0.0,1424244388,1424244388,0.003,0.0,0.0,0.0,0.0,0,2,,,2,12,12,5,5,4,4,16,1
2,2,3,0,0,2,1e-06,114,0,254,0,0,0,0,456000000.0,0.0,2,0,0,0,0,0,57,0,0,0,0.0,0.0,1424238888,1424238888,0.001,0.0,0.0,0.0,0.0,0,2,,,2,49,49,44,44,44,24,49,1
20,8,23,6,5,0,30.98842,184,112,0,0,0,0,2,35.626209,21.68552,4,4,0,0,0,0,46,28,0,0,15491.936,15491.947,1421934513,1421934544,15491.967,15491.968,0.0,0.0,0.0,0,0,0.0,0.0,0,2,2,2,2,2,2,2,0
8,1433,12,4,1,1,1.086103,1580,10168,31,29,3,5,3,10673.02148,70740.99219,12,18,255,255,2312214155,2317474892,132,565,1,3924,9562.951193,7701.016826,1421946216,1421946217,98.685724,63.855238,0.000741,0.000559,0.000182,0,0,1.0,0.0,0,3,2,2,5,1,1,1,0
3,1434,6,527,1,1,1.245188,934,354,254,252,2,1,2,5403.200195,1991.667114,10,8,255,255,2045506761,232340235,93,44,0,0,8577.797141,295.926594,1424257244,1424257245,138.354222,173.593,0.04685,0.029169,0.017681,0,1,,,2,1,1,1,2,1,1,1,1
2,2,2,0,0,2,4e-06,114,0,254,0,0,0,0,114000000.0,0.0,2,0,0,0,0,0,57,0,0,0,0.0,0.0,1424251744,1424251744,0.004,0.0,0.0,0.0,0.0,0,2,,,2,31,31,13,13,13,13,31,1
2,2,2,0,0,2,4e-06,114,0,254,0,0,0,0,114000000.0,0.0,2,0,0,0,0,0,57,0,0,0,0.0,0.0,1424253842,1424253842,0.004,0.0,0.0,0.0,0.0,0,2,,,2,16,16,17,16,16,16,16,1
26,1435,30,528,1,1,1.003992,3952,794,29,31,1,1,2,28342.85547,5274.942871,10,6,255,255,2224969056,78448578,395,132,0,0,315.082,400.219187,1421952591,1421952592,111.554664,200.561797,0.0,0.0,0.0,0,0,0.0,0.0,0,3,2,1,1,1,1,1,0
0,1436,0,4,1,1,1.06104,1580,10168,31,29,3,5,3,10925.12988,72411.96875,12,18,255,255,4065864600,1921532429,132,565,1,3924,9545.57417,0.0,1421943735,1421943736,96.421821,62.38253,0.000653,0.000529,0.000124,0,0,1.0,0.0,0,2,4,4,1,1,1,1,0
6,1437,17,10,0,2,9e-06,168,0,254,0,0,0,2,74666664.0,0.0,2,0,0,0,0,0,84,0,0,0,0.0,0.0,1424230251,1424230251,0.009,0.0,0.0,0.0,0.0,0,2,,,2,1,1,1,1,1,1,1,1
11,1438,20,8,1,1,0.343768,37220,3380,31,29,18,8,2,849526.4375,76795.97656,52,42,255,255,2965938277,821635420,716,80,0,0,649.407339,21.557744,1421944843,1421944843,6.733686,8.37078,0.000686,0.000561,0.000125,0,0,0.0,0.0,0,19,8,7,25,7,3,3,0
3,2,14,0,0,2,9e-06,114,0,254,0,0,0,0,50666664.0,0.0,2,0,0,0,0,0,57,0,0,0,0.0,0.0,1424246434,1424246434,0.009,0.0,0.0,0.0,0.0,0,2,,,2,37,37,22,23,22,22,37,1
4,1439,4,529,1,1,0.168953,4238,62840,31,29,7,30,2,197924.8594,2935301.5,72,74,255,255,1433699735,1433993748,59,849,0,0,157.728583,151.606482,1424249257,1424249257,2.4088,2.307055,0.000646,0.00053,0.000116,0,0,,,2,5,4,3,3,1,1,2,0
3,1440,15,4,1,1,0.827985,772,1164,62,252,2,2,3,6715.097656,9845.588867,10,8,255,255,203900569,4020090950,77,146,1,177,4715.387383,158.163344,1424244598,1424244599,91.884556,98.06,0.297047,0.141557,0.15549,0,1,1.0,,2,2,1,2,2,1,1,1,1
6,2,6,0,0,2,9e-06,114,0,254,0,0,0,0,50666664.0,0.0,2,0,0,0,0,0,57,0,0,0,0.0,0.0,1424259080,1424259080,0.009,0.0,0.0,0.0,0.0,0,2,,,2,35,35,33,33,33,17,35,1
6,2,9,0,0,2,5e-06,114,0,254,0,0,0,0,91200000.0,0.0,2,0,0,0,0,0,57,0,0,0,0.0,0.0,1424223739,1424223739,0.005,0.0,0.0,0.0,0.0,0,2,,,2,20,20,8,8,8,8,20,1
10,1441,20,530,1,1,0.046305,320,1884,31,29,1,2,5,46128.92578,284893.625,6,8,255,255,3705426905,1571426927,53,236,0,0,641.269922,15.738391,1424228756,1424228756,9.1964,6.545,0.00062,0.000484,0.000136,0,0,,,2,3,3,5,5,1,1,4,0
3,5,3,0,0,2,9e-06,114,0,254,0,0,0,0,50666664.0,0.0,2,0,0,0,0,0,57,0,0,0,0.0,0.0,1424230264,1424230264,0.009,0.0,0.0,0.0,0.0,0,2,,,2,18,18,18,19,18,18,18,1
8,1442,1,531,1,1,0.225151,424,8824,31,29,1,4,5,13182.26465,287416.0,8,12,255,255,3316460160,1259225990,53,735,0,0,2166.778341,1721.850217,1421951154,1421951154,32.112856,20.424819,0.000612,0.000474,0.000138,0,0,0.0,0.0,0,4,3,5,6,1,1,5,0
4,1443,1,7,1,1,0.259882,1540,1644,31,29,4,4,2,44450.94141,47806.3125,16,18,255,255,3987368857,1890851989,96,91,0,0,1137.038018,35.760238,1421958467,1421958467,17.303867,15.255647,0.000664,0.000528,0.000136,0,0,0.0,0.0,0,11,9,8,9,5,1,6,0
2,8,9,6,13,2,12.602629,18480,0,254,0,0,0,2,11451.5791,0.0,42,0,0,0,0,0,440,0,0,0,334.2475,0.0,1424230902,1424230915,307.381188,0.0,0.0,0.0,0.0,0,2,,,2,1,1,2,1,1,1,1,1
2,5,3,0,0,2,4e-06,114,0,254,0,0,0,0,114000000.0,0.0,2,0,0,0,0,0,57,0,0,0,0.0,0.0,1424240597,1424240597,0.004,0.0,0.0,0.0,0.0,0,2,,,2,16,16,16,16,16,16,16,1
10,1444,18,0,0,0,0.00097,130,162,31,29,0,0,0,536082.5,668041.25,2,2,0,0,0,0,65,81,0,0,0.0,0.0,1424251609,1424251609,0.003,0.01,0.0,0.0,0.0,0,0,,,2,5,5,4,10,1,1,2,0
6,5,6,0,0,2,3e-06,114,0,254,0,0,0,0,152000000.0,0.0,2,0,0,0,0,0,57,0,0,0,0.0,0.0,1424259191,1424259191,0.003,0.0,0.0,0.0,0.0,0,2,,,2,28,28,12,12,12,12,28,1
9,1445,17,4,1,1,1.371443,810,354,254,252,2,1,3,4252.455078,1808.314209,10,8,255,255,3859217895,3218775388,81,44,1,0,8741.642296,294.723281,1424240083,1424240084,152.382556,180.614859,0.199285,0.106423,0.092862,0,1,1.0,,2,2,1,1,1,1,1,1,1
12,1446,0,8,1,1,0.495865,37430,3380,31,29,18,8,4,592274.125,53240.29688,52,42,255,255,10715946,2157077792,720,80,0,0,782.371635,25.465125,1424226165,1424226166,9.91042,12.081731,0.000823,0.000511,0.000312,0,0,,,2,2,1,1,1,1,1,3,0
2,5,3,0,0,2,5e-06,114,0,254,0,0,0,0,91200000.0,0.0,2,0,0,0,0,0,57,0,0,0,0.0,0.0,1424239023,1424239023,0.005,0.0,0.0,0.0,0.0,0,2,,,2,25,25,10,10,10,10,25,1
12,1447,12,0,0,0,0.000997,146,178,31,29,0,0,2,585757.25,714142.4375,2,2,0,0,0,0,73,89,0,0,0.0,0.0,1421933195,1421933195,0.01,0.005,0.0,0.0,0.0,0,0,0.0,0.0,0,10,13,1,5,3,1,1,0
9,1448,6,354,0,2,2e-06,586,0,254,0,0,0,2,1172000000.0,0.0,2,0,0,0,0,0,293,0,0,0,0.0,0.0,1424233072,1424233072,0.002,0.0,0.0,0.0,0.0,0,2,,,2,4,2,1,2,1,1,1,1
14,1449,19,4,1,1,0.007033,1040,824,31,29,2,2,3,1035120.188,844021.0625,8,10,255,255,410850189,2558972962,130,82,1,83,52.140593,1.599377,1424236592,1424236592,0.955571,0.729889,0.000576,0.000461,0.000115,0,0,1.0,,2,2,4,4,6,2,1,1,0
27,1260,31,532,0,2,4e-06,162,0,29,0,0,0,2,162000000.0,0.0,2,0,0,0,0,0,81,0,0,0,0.0,0.0,1421948879,1421948879,0.004,0.0,0.0,0.0,0.0,0,0,0.0,0.0,0,1,2,1,1,1,1,1,0
17,1450,19,7,1,1,7.269513,35636,1601214,31,29,54,563,2,39156.40625,1760702.25,639,1248,255,255,4110872842,1970486493,56,1283,0,0,5056.113354,3615.704639,1421945378,1421945385,11.393699,5.829194,0.000638,0.000505,0.000133,0,0,0.0,0.0,0,16,19,12,8,8,3,8,0
14,1451,12,533,1,1,0.006054,8928,320,31,29,4,1,5,10956062.0,352824.5938,14,6,255,255,1159707094,1171213421,638,53,0,0,25.201759,1.871305,1424235795,1424235795,0.465692,1.0944,0.000581,0.000461,0.00012,0,0,,,2,3,3,8,9,1,1,7,0
8,1452,1,534,1,1,0.017632,2542,23188,31,29,7,14,2,1124773.125,10270417.0,40,42,255,255,3786359100,3786658308,64,552,0,0,31.185245,27.02181,1421971380,1421971380,0.444103,0.416146,0.000699,0.00056,0.000139,0,0,0.0,0.0,0,9,4,1,4,1,1,1,0
6,5,6,0,0,2,4e-06,114,0,254,0,0,0,0,114000000.0,0.0,2,0,0,0,0,0,57,0,0,0,0.0,0.0,1424258990,1424258990,0.004,0.0,0.0,0.0,0.0,0,2,,,2,24,24,7,7,7,7,24,1
3,5,3,0,0,2,3e-06,114,0,254,0,0,0,0,152000000.0,0.0,2,0,0,0,0,0,57,0,0,0,0.0,0.0,1424232014,1424232014,0.003,0.0,0.0,0.0,0.0,0,2,,,2,47,47,43,43,43,18,47,1
4,1453,1,4,1,1,1.164184,1684,10168,31,29,3,5,3,10747.44238,65996.44531,14,18,255,255,1212641170,1213604820,120,565,1,3924,9054.39485,7927.661481,1421935999,1421936001,89.524923,68.451941,0.000621,0.000491,0.00013,0,0,4.0,0.0,0,1,1,1,1,1,1,1,0
11,1454,0,0,0,0,0.00101,130,162,31,29,0,0,0,514851.4688,641584.125,2,2,0,0,0,0,65,81,0,0,0.0,0.0,1421952565,1421952565,0.002,0.007,0.0,0.0,0.0,0,0,0.0,0.0,0,3,5,3,6,1,1,1,0
22,239,26,98,0,2,0.000107,503,0,64,0,0,0,2,18841122.0,0.0,2,0,0,0,0,0,252,0,0,0,0.0,0.0,1424245603,1424245603,0.107,0.0,0.0,0.0,0.0,0,0,,,2,14,14,14,14,14,14,14,0
2,1455,2,33,1,1,1.545661,1236,798,254,252,3,2,2,5864.157715,3721.385254,12,10,255,255,2238070366,1031500131,103,80,0,0,7720.893943,293.865,1421927859,1421927861,138.563997,165.144219,0.304104,0.059352,0.244752,0,1,0.0,0.0,0,3,2,1,1,1,1,1,1
2,2,3,0,0,2,3e-06,114,0,254,0,0,0,0,152000000.0,0.0,2,0,0,0,0,0,57,0,0,0,0.0,0.0,1424238987,1424238987,0.003,0.0,0.0,0.0,0.0,0,2,,,2,55,55,44,44,44,24,55,1
10,1456,20,4,1,1,1.006962,1580,10168,31,29,3,5,3,11511.85547,76300.79688,12,18,255,255,2038593871,4189182844,132,565,1,3924,9532.352342,7692.091572,1421928001,1421928002,91.507636,59.201117,0.000688,0.000539,0.000149,0,0,1.0,0.0,0,3,3,2,2,1,1,1,0
2,5,3,0,0,2,4e-06,114,0,254,0,0,0,0,114000000.0,0.0,2,0,0,0,0,0,57,0,0,0,0.0,0.0,1424238256,1424238256,0.004,0.0,0.0,0.0,0.0,0,2,,,2,25,25,20,20,20,20,25,1
2,1457,9,4,1,1,0.181463,774,268,254,252,2,1,3,30728.02734,9875.291016,10,6,255,255,3747750427,2630156214,77,45,1,0,988.16161,59.145906,1424222780,1424222780,18.421333,34.882398,0.051329,0.007042,0.044287,0,1,4.0,,2,1,1,1,1,1,1,1,1
2,1458,17,12,0,2,6e-06,78,0,254,0,0,0,2,52000000.0,0.0,2,0,0,0,0,0,39,0,0,0,0.0,0.0,1421928727,1421928727,0.006,0.0,0.0,0.0,0.0,0,2,0.0,0.0,0,10,6,2,3,2,1,2,1
11,1459,4,0,0,0,0.00128,132,164,31,29,0,0,0,412500.0,512500.0,2,2,0,0,0,0,66,82,0,0,0.0,0.0,1421949010,1421949010,0.011,0.006,0.0,0.0,0.0,0,0,0.0,0.0,0,2,3,5,8,1,1,3,0
8,1460,4,7,1,1,2.82498,13246,548216,31,29,21,197,2,37349.64453,1548938.375,230,438,255,255,3267355121,3269365088,58,1252,0,0,4669.439621,3372.927306,1424225523,1424225526,12.388908,6.463414,0.000581,0.000463,0.000118,0,0,,,2,8,6,3,5,2,1,5,0
7,5,7,0,0,2,5e-06,264,0,60,0,0,0,0,211200000.0,0.0,2,0,0,0,0,0,132,0,0,0,0.0,0.0,1424246881,1424246881,0.005,0.0,0.0,0.0,0.0,0,0,,,2,22,22,22,22,22,22,22,0
6,2,6,0,0,2,3e-06,114,0,254,0,0,0,0,152000000.0,0.0,2,0,0,0,0,0,57,0,0,0,0.0,0.0,1424259664,1424259664,0.003,0.0,0.0,0.0,0.0,0,2,,,2,33,33,17,17,17,17,33,1
2,1461,2,33,1,1,1.509651,1042,846,254,252,3,2,2,5066.071777,4038.019531,12,10,255,255,3149321819,110507363,87,85,0,0,9061.223565,202.028828,1421927936,1421927937,137.241003,147.749437,0.179746,0.120355,0.059391,0,1,0.0,0.0,0,6,3,2,1,1,1,1,1
14,1462,18,535,1,1,0.029821,4238,63618,31,29,7,30,2,1121357.5,16836190.0,72,74,255,255,4187223452,2051197298,59,860,0,0,21.627748,21.273441,1421930353,1421930353,0.421329,0.401466,0.000632,0.00051,0.000122,0,0,0.0,0.0,0,7,4,4,2,1,1,1,0
6,1463,24,4,1,1,0.401401,760,4220,62,252,2,3,3,13632.25293,75694.875,10,10,255,255,3526861433,3300683500,76,422,1,1663,2400.048889,2687.951477,1424239119,1424239119,44.459,42.434667,0.033708,0.019467,0.014241,0,1,1.0,,2,1,1,1,1,1,1,1,1
3,2,3,0,0,2,9e-06,114,0,254,0,0,0,0,50666664.0,0.0,2,0,0,0,0,0,57,0,0,0,0.0,0.0,1424233606,1424233606,0.009,0.0,0.0,0.0,0.0,0,2,,,2,30,30,12,12,12,12,30,1
14,1464,8,7,1,1,19.855089,13766,548216,31,29,21,197,2,5523.621582,220382.7969,240,438,255,255,3427022,46346877,57,1252,0,0,33306.45753,24622.71693,1424225117,1424225136,83.07452,45.433658,0.00068,0.000557,0.000123,0,0,,,2,3,2,3,1,1,1,1,0
4,1465,13,536,1,1,0.244338,8928,320,31,29,4,1,5,271460.0313,8741.988281,14,6,255,255,1315379694,1621996537,638,53,0,0,1765.532035,76.033937,1424251265,1424251265,18.795231,48.742398,0.000613,0.0005,0.000113,0,0,,,2,3,3,11,8,1,1,7,0
6,5,9,0,0,2,8e-06,114,0,254,0,0,0,0,57000000.0,0.0,2,0,0,0,0,0,57,0,0,0,0.0,0.0,1424225103,1424225103,0.008,0.0,0.0,0.0,0.0,0,2,,,2,17,17,9,9,9,9,17,1
12,1466,20,9,1,1,0.004112,1036,2262,31,29,4,4,2,1848249.0,4035019.25,12,12,255,255,1797889872,3943562742,86,189,0,0,17.337239,0.384756,1421933320,1421933320,0.341455,0.324182,0.000673,0.000535,0.000138,0,0,0.0,0.0,0,6,10,4,1,1,1,1,0
14,1467,19,537,1,1,0.021859,2750,27730,31,29,7,16,2,983759.5625,9928359.0,44,46,255,255,1966282459,4111966165,63,603,0,0,34.382753,33.531925,1424239973,1424239973,0.500954,0.484023,0.00068,0.000553,0.000127,0,0,,,2,5,7,3,2,1,1,1,0
6,2,6,0,0,2,1e-06,114,0,254,0,0,0,0,456000000.0,0.0,2,0,0,0,0,0,57,0,0,0,0.0,0.0,1424259877,1424259877,0.001,0.0,0.0,0.0,0.0,0,2,,,2,25,25,17,17,17,17,25,1
0,1468,13,538,1,1,0.004968,4232,2456,31,29,7,7,2,6436393.0,3735909.75,18,18,255,255,2889976576,2897413160,235,136,0,0,13.455265,0.339392,1421970352,1421970352,0.272941,0.260294,0.000692,0.00054,0.000152,0,0,0.0,0.0,0,9,6,4,5,1,1,3,0
14,1469,8,0,0,0,0.001094,146,178,31,29,0,0,0,533820.875,650822.6875,2,2,0,0,0,0,73,89,0,0,0.0,0.0,1424221889,1424221889,0.009,0.006,0.0,0.0,0.0,0,0,,,2,4,3,3,4,3,1,2,0
0,1470,18,539,1,1,0.029956,4014,60592,31,29,7,28,2,1056215.75,15950594.0,68,70,255,255,597808675,2743529427,59,866,0,0,22.955362,22.749339,1421938225,1421938225,0.442299,0.424725,0.000787,0.000639,0.000148,0,0,0.0,0.0,0,5,5,1,4,1,1,1,0
2,8,6,6,33,2,1e-05,200,0,254,0,0,0,2,80000000.0,0.0,2,0,0,0,0,0,100,0,0,0,0.0,0.0,1424237326,1424237326,0.01,0.0,0.0,0.0,0.0,0,2,,,2,7,7,3,3,3,3,7,1
3,1471,17,4,1,1,0.557652,856,5626,62,252,2,3,3,11060.66113,73995.96875,10,12,255,255,3053398842,4087982790,86,469,1,2313,4005.989016,3594.814217,1424229924,1424229924,61.961333,42.704636,0.116002,0.061522,0.05448,0,1,1.0,,2,1,1,1,2,1,1,1,1
13,1472,20,0,0,0,0.001018,146,178,31,29,0,0,0,573673.875,699410.625,2,2,0,0,0,0,73,89,0,0,0.0,0.0,1424231051,1424231051,0.009,0.007,0.0,0.0,0.0,0,0,,,2,4,2,2,3,3,1,3,0
5,2,5,0,0,2,6e-06,264,0,60,0,0,0,0,176000000.0,0.0,2,0,0,0,0,0,132,0,0,0,0.0,0.0,1424237324,1424237324,0.006,0.0,0.0,0.0,0.0,0,0,,,2,17,17,14,14,14,14,17,0
8,1473,20,540,1,1,0.116915,2438,19440,31,29,7,13,2,162442.7969,1296942.25,38,40,255,255,3572459351,1423147295,64,486,0,0,176.466127,170.8376,1424257833,1424257833,3.151216,2.982692,0.000752,0.000586,0.000166,0,0,,,2,11,6,3,5,1,1,2,0
6,2,6,0,0,2,6e-06,114,0,254,0,0,0,0,76000000.0,0.0,2,0,0,0,0,0,57,0,0,0,0.0,0.0,1424260856,1424260856,0.006,0.0,0.0,0.0,0.0,0,2,,,2,30,30,17,17,17,17,30,1
3,2,14,0,0,2,1e-05,114,0,254,0,0,0,0,45600000.0,0.0,2,0,0,0,0,0,57,0,0,0,0.0,0.0,1424244820,1424244820,0.01,0.0,0.0,0.0,0.0,0,2,,,2,32,32,22,24,22,22,32,1
6,2,9,0,0,2,6e-06,114,0,254,0,0,0,0,76000000.0,0.0,2,0,0,0,0,0,57,0,0,0,0.0,0.0,1424223486,1424223486,0.006,0.0,0.0,0.0,0.0,0,2,,,2,32,32,17,17,17,8,32,1
6,5,6,0,0,2,5e-06,114,0,254,0,0,0,0,91200000.0,0.0,2,0,0,0,0,0,57,0,0,0,0.0,0.0,1424258932,1424258932,0.005,0.0,0.0,0.0,0.0,0,2,,,2,24,24,16,16,16,16,24,1
3,2,3,0,0,2,9e-06,114,0,254,0,0,0,0,50666664.0,0.0,2,0,0,0,0,0,57,0,0,0,0.0,0.0,1424230729,1424230729,0.009,0.0,0.0,0.0,0.0,0,2,,,2,14,14,11,11,11,11,14,1
2,1474,16,4,1,1,0.576064,1178,354,254,252,2,1,3,14734.47461,4305.077148,10,8,255,255,205352349,2487634134,118,44,1,0,3974.755581,136.774812,1424252982,1424252983,60.298333,75.584141,0.113646,0.046971,0.066675,0,1,1.0,,2,1,1,1,1,1,1,1,1
3,1475,15,141,1,0,0.662979,172,86,254,60,1,1,2,1556.610352,518.870117,4,2,255,255,2124075827,4032837565,43,43,0,0,12102.04844,0.0,1421928632,1421928632,220.993,0.01,0.662957,0.437823,0.225134,0,3,0.0,0.0,0,7,7,3,2,2,1,2,0
4,1476,1,7,1,1,0.018656,1540,1644,31,29,4,4,2,619210.9375,665951.9375,16,18,255,255,2788290651,2792787340,96,91,0,0,74.493366,2.158603,1424240501,1424240501,1.2232,1.069941,0.000578,0.000464,0.000114,0,0,,,2,12,14,13,18,12,1,12,0
2,5,2,0,0,2,1e-05,114,0,254,0,0,0,0,45600000.0,0.0,2,0,0,0,0,0,57,0,0,0,0.0,0.0,1424252109,1424252109,0.01,0.0,0.0,0.0,0.0,0,2,,,2,12,12,12,14,12,12,13,1
9,1477,15,541,1,1,31.981358,1176,622,254,252,4,1,2,279.662933,144.584229,20,14,255,255,859877637,2163707292,59,44,0,0,223011.5566,8185.7595,1421931377,1421931409,1681.518368,2455.4615,0.134984,0.06035,0.074634,0,1,0.0,0.0,0,4,4,2,2,2,2,2,1
11,1478,0,542,1,1,0.112994,2438,19266,31,29,7,13,2,168079.7188,1329982.125,38,40,255,255,1068021563,3302492792,64,482,0,0,0.0,184.94294,1424220104,1424220104,3.129695,2.883308,0.000671,0.000542,0.000129,0,0,,,2,6,12,5,2,1,1,1,0
10,1479,19,543,1,1,0.028934,2974,33118,31,29,7,18,2,805419.25,8973802.0,48,50,255,255,755196143,2925454768,62,662,0,0,43.680376,41.649749,1424246299,1424246299,0.635911,0.591437,0.000681,0.000542,0.000139,0,0,,,2,6,1,1,2,1,1,1,0
1,1480,13,1,1,1,33.428963,2934,3740,31,29,11,15,1,688.74408,878.519653,52,54,255,255,1270952807,3421737288,56,69,0,0,104165.8395,3139.7705,1421927420,1421927454,655.463471,630.719938,0.000941,0.000795,0.000146,0,0,0.0,0.0,0,1,1,3,3,1,1,1,0
8,1481,8,544,1,1,0.041364,3078,30412,31,29,7,18,2,583502.5625,5759404.5,50,48,255,255,2445140808,295810022,62,634,0,0,0.0,59.902977,1421949771,1421949771,0.83649,0.868872,0.000654,0.000523,0.000131,0,0,0.0,0.0,0,3,8,5,3,1,1,1,0
10,1482,18,545,1,1,0.071037,3926,58386,31,29,7,27,2,435491.3438,6478652.0,66,68,255,255,113702407,2276817132,59,859,0,0,68.231206,67.292204,1421940608,1421940608,1.0872,1.052716,0.000632,0.000502,0.00013,0,0,0.0,0.0,0,7,6,1,1,1,1,1,0
9,1483,9,33,1,1,1.287986,1264,838,254,252,3,2,2,7198.835938,4689.491699,12,10,255,255,451078220,226585333,105,84,0,0,7730.610772,171.045578,1424220298,1424220299,117.089636,130.300891,0.199283,0.114654,0.084629,0,1,,,2,4,3,1,1,1,1,3,1
3,5,14,0,0,2,8e-06,114,0,254,0,0,0,0,57000000.0,0.0,2,0,0,0,0,0,57,0,0,0,0.0,0.0,1424245489,1424245489,0.008,0.0,0.0,0.0,0.0,0,2,,,2,10,10,10,10,10,10,10,1
10,1484,18,0,0,0,0.001006,146,178,31,29,0,0,0,580516.9375,707753.5,2,2,0,0,0,0,73,89,0,0,0.0,0.0,1424232243,1424232243,0.008,0.008,0.0,0.0,0.0,0,0,,,2,4,1,4,9,3,1,1,0
2,8,9,6,3,2,3e-06,200,0,254,0,0,0,2,72727272.0,0.0,2,0,0,0,0,0,100,0,0,0,0.0,0.0,1421930737,1421930737,0.011,0.0,0.0,0.0,0.0,0,2,0.0,0.0,0,11,11,5,5,4,4,5,1
3,1485,15,12,0,2,5e-06,104,0,254,0,0,0,2,83200000.0,0.0,2,0,0,0,0,0,52,0,0,0,0.0,0.0,1424259489,1424259489,0.005,0.0,0.0,0.0,0.0,0,2,,,2,7,5,2,2,2,1,5,1
6,5,6,0,0,2,8e-06,114,0,254,0,0,0,0,57000000.0,0.0,2,0,0,0,0,0,57,0,0,0,0.0,0.0,1424260396,1424260396,0.008,0.0,0.0,0.0,0.0,0,2,,,2,21,21,16,16,16,16,21,1
3,5,14,0,0,2,9e-06,114,0,254,0,0,0,0,50666664.0,0.0,2,0,0,0,0,0,57,0,0,0,0.0,0.0,1424244829,1424244829,0.009,0.0,0.0,0.0,0.0,0,2,,,2,28,28,17,18,17,17,28,1
6,2,9,0,0,2,8e-06,114,0,254,0,0,0,0,57000000.0,0.0,2,0,0,0,0,0,57,0,0,0,0.0,0.0,1424225704,1424225704,0.008,0.0,0.0,0.0,0.0,0,2,,,2,11,11,8,8,8,8,11,1
17,1486,1,0,0,0,0.000964,132,164,31,29,0,0,0,547717.8125,680497.9375,2,2,0,0,0,0,66,82,0,0,0.0,0.0,1421970985,1421970985,0.002,0.005,0.0,0.0,0.0,0,0,0.0,0.0,0,2,2,1,12,1,1,1,0
6,2,6,0,0,2,6e-06,114,0,254,0,0,0,0,76000000.0,0.0,2,0,0,0,0,0,57,0,0,0,0.0,0.0,1424260730,1424260730,0.006,0.0,0.0,0.0,0.0,0,2,,,2,16,16,14,14,14,9,16,1
2,1487,15,4,1,1,0.488601,1222,94502,62,252,2,36,3,19009.375,1526955.5,20,76,255,255,3840284567,1367268721,61,1243,1,45468,1244.244625,772.459857,1421930300,1421930300,25.715842,6.425573,0.050534,0.005915,0.044619,0,1,1.0,0.0,0,1,1,1,1,1,1,1,1
4,1488,13,546,1,1,0.046346,320,1934,31,29,1,2,5,46088.11719,292236.6563,6,8,255,255,2522616307,1313214635,53,242,0,0,641.794034,15.726979,1421949590,1421949590,9.2046,6.549143,0.000625,0.000498,0.000127,0,0,0.0,0.0,0,3,3,3,7,1,1,3,0
6,8,15,6,52,2,6e-06,200,0,254,0,0,0,2,133333328.0,0.0,2,0,0,0,0,0,100,0,0,0,0.0,0.0,1424251628,1424251628,0.006,0.0,0.0,0.0,0.0,0,2,,,2,3,3,3,3,3,3,3,1
14,1489,1,30,1,1,2.290177,9400,12298,31,29,26,31,6,32528.48828,42585.35156,106,114,255,255,3714308500,1565014704,89,108,0,0,1330.888189,1278.275358,1424244010,1424244012,21.808153,20.261787,0.000725,0.000585,0.00014,0,0,,,2,1,1,4,6,1,1,5,0
15,2,5,0,0,2,4e-06,264,0,60,0,0,0,0,264000000.0,0.0,2,0,0,0,0,0,132,0,0,0,0.0,0.0,1424254841,1424254841,0.004,0.0,0.0,0.0,0.0,0,0,,,2,32,32,23,23,23,23,32,0
0,1490,10,547,1,1,0.047669,4550,71158,31,29,7,33,2,753865.1875,11792821.0,78,80,255,255,934640794,959243793,58,889,0,0,41.942874,41.930281,1424256028,1424256028,0.622632,0.595667,0.001355,0.001204,0.000151,0,0,,,2,7,7,2,6,1,1,1,0
8,1491,8,9,1,1,0.19475,1704,4200,31,29,4,5,2,66136.07031,164724.0156,18,22,255,255,1401999864,1402289008,95,191,0,0,612.048019,548.291295,1421959937,1421959938,11.432294,9.226619,0.0,0.0,0.0,0,0,0.0,0.0,0,2,2,1,3,1,1,1,0
2,5,3,0,0,2,1e-05,114,0,254,0,0,0,0,45600000.0,0.0,2,0,0,0,0,0,57,0,0,0,0.0,0.0,1424240031,1424240031,0.01,0.0,0.0,0.0,0.0,0,2,,,2,44,44,20,20,20,20,44,1
12,1492,1,548,1,1,0.038188,2854,29226,31,29,7,17,2,584895.8125,5995182.0,46,48,255,255,2859031112,709743255,62,609,0,0,67.030425,64.251304,1421969775,1421969775,0.838,0.799681,0.000751,0.000592,0.000159,0,0,0.0,0.0,0,6,8,5,2,1,1,1,0
3,1493,17,26,1,1,0.618817,564,354,254,252,2,1,2,6567.370117,4007.646973,10,8,255,255,1401926456,2081234813,56,44,0,0,4270.590923,130.229742,1424249946,1424249947,65.752556,78.994289,0.134233,0.065848,0.068385,0,1,,,2,6,5,2,2,2,1,5,0
14,1494,19,84,1,1,0.223361,8928,320,31,29,4,1,5,296954.25,9562.994141,14,6,255,255,3514133972,3818335329,638,53,0,0,1574.412113,67.176398,1424239046,1424239046,17.181616,44.551801,0.000644,0.000482,0.000162,0,0,,,2,1,4,3,2,1,1,2,0
6,1495,2,4,1,1,1.79913,850,354,254,252,2,1,3,3401.644287,1378.444092,10,8,255,255,3948362255,4101823377,85,44,1,0,13628.38408,377.354031,1424225992,1424225993,196.327667,249.411719,0.114993,0.053239,0.061754,0,1,1.0,,2,1,1,2,9,1,1,1,1
2,5,2,0,0,2,9e-06,114,0,254,0,0,0,0,50666664.0,0.0,2,0,0,0,0,0,57,0,0,0,0.0,0.0,1424255025,1424255025,0.009,0.0,0.0,0.0,0.0,0,2,,,2,40,40,34,34,34,18,40,1
2,1496,3,10,0,2,9e-06,168,0,254,0,0,0,2,74666664.0,0.0,2,0,0,0,0,0,84,0,0,0,0.0,0.0,1424227440,1424227440,0.009,0.0,0.0,0.0,0.0,0,2,,,2,6,1,2,3,1,1,1,1
8,1497,1,0,0,0,0.001094,146,178,31,29,0,0,0,533820.875,650822.6875,2,2,0,0,0,0,73,89,0,0,0.0,0.0,1421943190,1421943190,0.01,0.003,0.0,0.0,0.0,0,0,0.0,0.0,0,1,3,1,1,1,1,1,0
8,1498,8,4,1,1,1.006014,1580,10168,31,29,3,5,3,11522.70215,76372.69531,12,18,255,255,1014426900,3165061793,132,565,1,3924,9530.073695,7674.479401,1424250509,1424250510,91.389548,59.145706,0.00066,0.000534,0.000126,0,0,1.0,,2,1,1,1,1,1,1,1,0
3,2,3,0,0,2,9e-06,114,0,254,0,0,0,0,50666664.0,0.0,2,0,0,0,0,0,57,0,0,0,0.0,0.0,1424232402,1424232402,0.009,0.0,0.0,0.0,0.0,0,2,,,2,38,38,25,26,25,25,38,1
11,1499,4,0,0,0,0.00104,146,178,31,29,0,0,0,561538.4375,684615.375,2,2,0,0,0,0,73,89,0,0,0.0,0.0,1421938798,1421938798,0.001,0.009,0.0,0.0,0.0,0,0,0.0,0.0,0,2,3,2,2,1,1,1,0
8,1500,12,9,1,1,0.005753,1920,4312,31,29,6,6,2,2548931.0,5747262.5,22,24,255,255,2731965590,586842685,87,180,0,0,16.69137,13.037966,1424259188,1424259188,0.284526,0.225348,0.000699,0.000565,0.000134,0,0,,,2,6,8,7,5,1,1,1,0
2,1501,17,8,1,1,1.39918,19851,1824,62,252,14,8,4,110167.3828,9960.119141,34,22,255,255,2775753966,2084435708,584,83,0,0,2494.877115,70.159445,1424232478,1424232479,42.399393,62.267332,0.147951,0.090815,0.057136,0,1,,,2,1,1,1,1,1,1,1,1
5,5,5,0,0,2,4e-06,264,0,60,0,0,0,0,264000000.0,0.0,2,0,0,0,0,0,132,0,0,0,0.0,0.0,1424239075,1424239075,0.004,0.0,0.0,0.0,0.0,0,0,,,2,18,18,9,9,9,9,18,0
3,5,3,0,0,2,9e-06,114,0,254,0,0,0,0,50666664.0,0.0,2,0,0,0,0,0,57,0,0,0,0.0,0.0,1424230556,1424230556,0.009,0.0,0.0,0.0,0.0,0,2,,,2,31,31,18,19,18,18,31,1
4,1502,18,7,1,1,0.01835,1540,1644,31,29,4,4,2,629536.8125,677057.25,16,18,255,255,2069567837,2073655601,96,91,0,0,72.433256,2.207569,1421963235,1421963235,1.201867,1.049706,0.000615,0.000481,0.000134,0,0,0.0,0.0,0,8,16,9,8,6,1,6,0
6,5,9,0,0,2,8e-06,114,0,254,0,0,0,0,57000000.0,0.0,2,0,0,0,0,0,57,0,0,0,0.0,0.0,1424225477,1424225477,0.008,0.0,0.0,0.0,0.0,0,2,,,2,7,7,3,3,3,3,7,1
2,1503,9,549,1,1,1.322304,42564,440,254,252,16,1,2,250738.1094,2395.818115,38,10,255,255,2760862201,1261574267,1120,44,0,0,4458.858182,289.266469,1424259850,1424259851,35.737947,134.933328,0.125611,0.074952,0.050659,0,1,,,2,3,1,1,2,1,1,1,1
10,1504,1,9,1,1,0.005739,1958,2308,31,29,6,6,2,2605331.75,3083464.0,22,24,255,255,3623474684,3623782473,89,96,0,0,15.586465,13.375004,1421949955,1421949955,0.256143,0.22213,0.0008,0.000619,0.000181,0,0,0.0,0.0,0,8,5,3,6,1,1,1,0
6,2,6,0,0,2,4e-06,114,0,254,0,0,0,0,114000000.0,0.0,2,0,0,0,0,0,57,0,0,0,0.0,0.0,1424259823,1424259823,0.004,0.0,0.0,0.0,0.0,0,2,,,2,21,21,18,17,17,17,21,1
12,1505,13,550,1,1,0.032891,4550,69850,31,29,7,33,2,1092578.5,16777111.0,78,80,255,255,4289070691,4289382212,58,873,0,0,22.610346,21.897583,1424251073,1424251073,0.422987,0.408013,0.000793,0.000649,0.000144,0,0,,,2,7,10,12,2,1,1,1,0
2,2,2,0,0,2,8e-06,114,0,254,0,0,0,0,57000000.0,0.0,2,0,0,0,0,0,57,0,0,0,0.0,0.0,1424253924,1424253924,0.008,0.0,0.0,0.0,0.0,0,2,,,2,20,20,16,17,16,16,20,1
11,1506,13,551,1,1,0.013949,2646,23838,31,29,7,15,2,1481396.5,13361244.0,42,44,255,255,264619474,2414493861,63,542,0,0,18.502393,17.984534,1424250551,1424250551,0.33161,0.310744,0.000711,0.00058,0.000131,0,0,,,2,4,8,4,4,1,1,2,0
11,1507,4,0,0,0,0.001074,146,178,31,29,0,0,0,543761.625,662942.25,2,2,0,0,0,0,73,89,0,0,0.0,0.0,1424255248,1424255248,0.008,0.007,0.0,0.0,0.0,0,0,,,2,3,4,2,2,1,1,2,0
11,1508,13,4,1,1,1.065077,1580,10168,31,29,3,5,3,10883.7207,72137.50781,12,18,255,255,3548935785,3549979422,132,565,1,3924,9647.353985,7768.832568,1424251959,1424251960,96.794185,62.619472,0.000684,0.000542,0.000142,0,0,1.0,,2,2,3,1,1,1,1,3,0
6,1509,3,4,1,1,0.320972,784,1256,62,252,2,2,3,17596.55078,27391.79688,10,8,255,255,864280870,2780373752,78,157,1,229,1807.452658,71.649258,1424231598,1424231599,35.663556,38.518145,0.086154,0.033517,0.052637,0,1,1.0,,2,2,2,27,1,1,1,1,1
1,1510,10,7,1,1,10.902979,37074,1641360,31,29,55,583,2,27162.48438,1203396.625,666,1278,255,255,779343476,822837939,56,1284,0,0,6347.399251,4569.651202,1424244471,1424244481,16.419681,8.544244,0.000651,0.000514,0.000137,0,0,,,2,4,4,1,2,1,1,3,0
2,2,2,0,0,2,7e-06,114,0,254,0,0,0,0,65142856.0,0.0,2,0,0,0,0,0,57,0,0,0,0.0,0.0,1424253386,1424253386,0.007,0.0,0.0,0.0,0.0,0,2,,,2,31,31,16,16,16,16,31,1
8,1511,0,0,0,0,0.001111,146,178,31,29,0,0,0,525652.5625,640864.125,2,2,0,0,0,0,73,89,0,0,0.0,0.0,1424246964,1424246964,0.034,0.007,0.0,0.0,0.0,0,0,,,2,2,2,2,3,2,1,2,0
6,8,17,6,3,2,6e-06,200,0,254,0,0,0,2,133333328.0,0.0,2,0,0,0,0,0,100,0,0,0,0.0,0.0,1424223256,1424223256,0.006,0.0,0.0,0.0,0.0,0,2,,,2,5,5,1,15,1,1,5,1
3,2,14,0,0,2,3e-06,114,0,254,0,0,0,0,152000000.0,0.0,2,0,0,0,0,0,57,0,0,0,0.0,0.0,1424245816,1424245816,0.003,0.0,0.0,0.0,0.0,0,2,,,2,28,28,15,14,14,14,29,1
3,2,3,0,0,2,7e-06,114,0,254,0,0,0,0,65142856.0,0.0,2,0,0,0,0,0,57,0,0,0,0.0,0.0,1424230950,1424230950,0.007,0.0,0.0,0.0,0.0,0,2,,,2,18,18,18,19,18,18,18,1
14,1512,18,552,1,1,0.345174,4920,2976,31,29,7,7,2,109973.5156,66517.17188,28,28,255,255,284035786,2436719220,176,106,0,0,790.000932,21.275309,1424241120,1424241120,12.772481,12.764777,0.000659,0.00052,0.000139,0,0,,,2,10,8,6,6,1,1,5,0
1,1513,20,0,0,0,0.001048,132,164,31,29,0,0,0,503816.8125,625954.25,2,2,0,0,0,0,66,82,0,0,0.0,0.0,1424255002,1424255002,0.008,0.006,0.0,0.0,0.0,0,0,,,2,3,2,5,9,2,2,2,0
4,1514,19,553,1,1,0.046308,320,1900,31,29,1,2,5,46125.94141,287293.7813,6,8,255,255,2797260823,2808663301,53,238,0,0,641.396981,15.714203,1421945308,1421945308,9.1978,6.543429,0.00062,0.0005,0.00012,0,0,0.0,0.0,0,3,3,3,6,2,2,3,0
3,2,14,0,0,2,3e-06,114,0,254,0,0,0,0,152000000.0,0.0,2,0,0,0,0,0,57,0,0,0,0.0,0.0,1424248189,1424248189,0.003,0.0,0.0,0.0,0.0,0,2,,,2,45,45,28,28,28,17,45,1
6,2,9,0,0,2,4e-06,114,0,254,0,0,0,0,114000000.0,0.0,2,0,0,0,0,0,57,0,0,0,0.0,0.0,1424224744,1424224744,0.004,0.0,0.0,0.0,0.0,0,2,,,2,19,19,8,8,8,8,19,1
2,2,2,0,0,2,8e-06,114,0,254,0,0,0,0,57000000.0,0.0,2,0,0,0,0,0,57,0,0,0,0.0,0.0,1424253627,1424253627,0.008,0.0,0.0,0.0,0.0,0,2,,,2,28,28,16,16,16,16,28,1
6,2,6,0,0,2,3e-06,114,0,254,0,0,0,0,152000000.0,0.0,2,0,0,0,0,0,57,0,0,0,0.0,0.0,1424261845,1424261845,0.003,0.0,0.0,0.0,0.0,0,2,,,2,31,31,15,15,15,15,31,1
17,1515,4,4,1,1,1.005771,1580,10168,31,29,3,4,3,11525.48633,76391.14063,12,18,255,255,249049530,250143731,132,565,1,0,9538.079772,7682.213449,1421946703,1421946704,91.399276,59.130236,0.000734,0.000552,0.000182,0,0,1.0,0.0,0,2,1,6,1,1,1,1,0
2,5,3,0,0,2,1.1e-05,114,0,254,0,0,0,0,65142856.0,0.0,2,0,0,0,0,0,57,0,0,0,0.0,0.0,1421930802,1421930802,0.007,0.0,0.0,0.0,0.0,0,2,0.0,0.0,0,23,23,14,14,14,8,14,1
11,1516,13,554,1,1,0.14288,2974,32564,31,29,7,18,2,163101.9063,1786842.25,48,50,255,255,3894848029,1745561895,62,651,0,0,164.026683,161.114413,1424248506,1424248506,3.033404,2.905143,0.000631,0.000519,0.000112,0,0,,,2,2,2,2,2,1,1,1,0
3,5,3,0,0,2,1e-05,114,0,254,0,0,0,0,45600000.0,0.0,2,0,0,0,0,0,57,0,0,0,0.0,0.0,1424233536,1424233536,0.01,0.0,0.0,0.0,0.0,0,2,,,2,43,43,18,18,18,18,43,1
12,1517,12,9,1,1,0.005654,2048,2410,31,29,6,7,2,2777502.5,3279801.75,24,26,255,255,2679932922,530684531,85,93,0,0,13.98252,12.483467,1421936592,1421936592,0.230478,0.203,0.000705,0.000569,0.000136,0,0,0.0,0.0,0,6,10,3,5,1,1,1,0
15,5,5,0,0,2,8e-06,264,0,60,0,0,0,0,132000000.0,0.0,2,0,0,0,0,0,132,0,0,0,0.0,0.0,1424251716,1424251716,0.008,0.0,0.0,0.0,0.0,0,0,,,2,31,31,19,19,19,19,31,0
6,2,9,0,0,2,9e-06,114,0,254,0,0,0,0,50666664.0,0.0,2,0,0,0,0,0,57,0,0,0,0.0,0.0,1424223715,1424223715,0.009,0.0,0.0,0.0,0.0,0,2,,,2,21,21,8,8,8,8,21,1
3,8,11,6,69,2,8e-06,200,0,254,0,0,0,2,100000000.0,0.0,2,0,0,0,0,0,100,0,0,0,0.0,0.0,1424230289,1424230289,0.008,0.0,0.0,0.0,0.0,0,2,,,2,1,1,1,22,1,1,1,1
8,1518,4,4,1,1,1.091186,1684,10168,31,29,3,5,3,11466.42188,70411.46094,14,18,255,255,2237712441,89071313,120,565,1,3924,8797.167809,7703.414957,1421936105,1421936106,83.897921,64.156765,0.000653,0.000518,0.000135,0,0,1.0,0.0,0,3,2,2,2,1,1,1,0
3,1144,9,423,0,2,55.173908,11136,0,254,0,0,0,0,1600.756592,0.0,116,0,0,0,0,0,96,0,0,0,586.604438,0.0,1424233508,1424233563,479.773219,0.0,0.0,0.0,0.0,0,2,,,2,34,3,3,19,3,3,3,1
2,2,3,0,0,2,9e-06,114,0,254,0,0,0,0,50666664.0,0.0,2,0,0,0,0,0,57,0,0,0,0.0,0.0,1424238921,1424238921,0.009,0.0,0.0,0.0,0.0,0,2,,,2,56,56,22,22,22,11,56,1
3,5,14,0,0,2,3e-06,114,0,254,0,0,0,0,152000000.0,0.0,2,0,0,0,0,0,57,0,0,0,0.0,0.0,1424246454,1424246454,0.003,0.0,0.0,0.0,0.0,0,2,,,2,30,30,17,18,17,17,30,1
11,1519,4,555,1,1,0.04481,2438,19502,31,29,7,13,2,423833.9688,3394778.0,38,40,255,255,1039933725,3205506868,64,488,0,0,73.241882,71.617892,1421947445,1421947445,1.202243,1.136385,0.000619,0.000487,0.000132,0,0,0.0,0.0,0,6,7,3,2,1,1,2,0
3,2,14,0,0,2,3e-06,114,0,254,0,0,0,0,152000000.0,0.0,2,0,0,0,0,0,57,0,0,0,0.0,0.0,1424246242,1424246242,0.003,0.0,0.0,0.0,0.0,0,2,,,2,25,25,21,21,21,21,25,1
6,5,6,0,0,2,5e-06,114,0,254,0,0,0,0,91200000.0,0.0,2,0,0,0,0,0,57,0,0,0,0.0,0.0,1424258994,1424258994,0.005,0.0,0.0,0.0,0.0,0,2,,,2,16,16,17,17,16,16,17,1
4,1520,0,4,1,1,1.005603,1580,10168,31,29,3,5,3,11527.41211,76403.91406,12,18,255,255,4174451639,2030134633,132,565,1,3924,9530.007284,7674.147937,1421969692,1421969693,91.383997,59.12441,0.000614,0.000487,0.000127,0,0,4.0,0.0,0,2,3,4,6,2,2,2,0
9,8,15,6,70,2,4e-06,200,0,254,0,0,0,2,200000000.0,0.0,2,0,0,0,0,0,100,0,0,0,0.0,0.0,1424258818,1424258818,0.004,0.0,0.0,0.0,0.0,0,2,,,2,6,6,3,4,3,3,6,1
2,5,2,0,0,2,3e-06,114,0,254,0,0,0,0,152000000.0,0.0,2,0,0,0,0,0,57,0,0,0,0.0,0.0,1424253069,1424253069,0.003,0.0,0.0,0.0,0.0,0,2,,,2,29,29,28,28,28,13,29,1
2,5,3,0,0,2,9e-06,114,0,254,0,0,0,0,50666664.0,0.0,2,0,0,0,0,0,57,0,0,0,0.0,0.0,1424237867,1424237867,0.009,0.0,0.0,0.0,0.0,0,2,,,2,19,19,20,20,19,19,20,1
7,2,7,0,0,2,8e-06,264,0,60,0,0,0,0,132000000.0,0.0,2,0,0,0,0,0,132,0,0,0,0.0,0.0,1424246124,1424246124,0.008,0.0,0.0,0.0,0.0,0,0,,,2,26,26,20,20,20,20,26,0
7,2,7,0,0,2,3e-06,264,0,60,0,0,0,0,352000000.0,0.0,2,0,0,0,0,0,132,0,0,0,0.0,0.0,1424246390,1424246390,0.003,0.0,0.0,0.0,0.0,0,0,,,2,21,21,21,21,21,21,21,0
6,8,15,6,71,2,5e-06,200,0,254,0,0,0,2,160000000.0,0.0,2,0,0,0,0,0,100,0,0,0,0.0,0.0,1424251592,1424251592,0.005,0.0,0.0,0.0,0.0,0,2,,,2,6,6,1,1,1,1,6,1
2,1521,3,64,0,2,1e-05,888,0,254,0,0,0,2,355200000.0,0.0,2,0,0,0,0,0,444,0,0,0,0.0,0.0,1424261582,1424261582,0.01,0.0,0.0,0.0,0.0,0,2,,,2,5,2,1,3,1,1,2,1
0,1522,19,9,1,1,0.278005,2048,2410,31,29,6,7,2,56488.19141,66703.83594,24,26,255,255,1348952694,3494667258,85,93,0,0,686.76,661.555625,1421928626,1421928627,12.071695,11.09332,0.000819,0.000661,0.000158,0,0,0.0,0.0,0,6,6,4,3,2,1,1,0
6,1523,2,33,1,1,0.523187,1058,718,254,252,3,2,2,14832.17285,9617.976562,12,8,255,255,1628218846,3880148296,88,90,0,0,2343.655189,82.351453,1424238859,1424238859,46.31909,58.89343,0.142477,0.110925,0.031552,0,1,,,2,3,3,1,1,1,1,3,1
2,8,17,6,13,2,0.466139,1040,0,254,0,0,0,2,16956.31641,0.0,20,0,0,0,0,0,52,0,0,0,28.348688,0.0,1424241258,1424241258,24.533631,0.0,0.0,0.0,0.0,0,2,,,2,1,1,1,1,1,1,1,1
3,5,14,0,0,2,9e-06,114,0,254,0,0,0,0,50666664.0,0.0,2,0,0,0,0,0,57,0,0,0,0.0,0.0,1424245943,1424245943,0.009,0.0,0.0,0.0,0.0,0,2,,,2,29,29,17,18,17,17,29,1
17,1524,13,9,1,1,0.00408,1036,2262,31,29,4,4,2,1862745.125,4066666.75,12,12,255,255,758723693,2904395201,86,189,0,0,17.530784,0.400015,1424236675,1424236675,0.338273,0.322909,0.00063,0.000519,0.000111,0,0,,,2,9,9,4,4,2,1,4,0
2,5,2,0,0,2,9e-06,114,0,254,0,0,0,0,50666664.0,0.0,2,0,0,0,0,0,57,0,0,0,0.0,0.0,1424251915,1424251915,0.009,0.0,0.0,0.0,0.0,0,2,,,2,32,32,12,12,12,9,32,1
3,2,3,0,0,2,9e-06,114,0,254,0,0,0,0,50666664.0,0.0,2,0,0,0,0,0,57,0,0,0,0.0,0.0,1424233870,1424233870,0.009,0.0,0.0,0.0,0.0,0,2,,,2,34,34,25,25,25,25,34,1
3,1525,17,113,1,0,0.886827,1012,86,62,252,2,1,2,7613.661133,387.89978,6,2,255,255,2282445105,2531886097,169,43,0,0,11645.05221,0.0,1424253140,1424253141,177.3654,0.009,0.820873,0.745313,0.07556,0,3,,,2,5,4,1,2,1,1,4,0
0,1526,10,4,1,1,1.01137,1580,10168,31,29,3,4,3,11461.68164,75968.24219,12,18,255,255,239547437,2390158056,132,565,1,0,9538.449706,7682.122482,1424247798,1424247799,91.90927,59.457825,0.000723,0.000583,0.00014,0,0,1.0,,2,1,1,1,1,1,1,1,0
3,1527,24,10,1,1,3.2524,564,354,254,252,2,1,2,1249.538818,762.513855,10,8,255,255,698416531,3845259300,56,44,0,0,24150.02252,843.209938,1424235120,1424235123,354.666889,448.316438,0.201065,0.114184,0.086881,0,1,,,2,2,2,1,1,1,1,1,1
3,2,3,0,0,2,1e-05,114,0,254,0,0,0,0,45600000.0,0.0,2,0,0,0,0,0,57,0,0,0,0.0,0.0,1424230676,1424230676,0.01,0.0,0.0,0.0,0.0,0,2,,,2,32,32,26,25,25,25,32,1
2,8,6,6,3,2,5e-06,200,0,254,0,0,0,2,160000000.0,0.0,2,0,0,0,0,0,100,0,0,0,0.0,0.0,1424237379,1424237379,0.005,0.0,0.0,0.0,0.0,0,2,,,2,4,4,1,1,1,1,4,1
1,1528,19,556,1,1,0.815306,8928,320,31,29,4,1,5,81353.5,2619.875244,14,6,255,255,2596470726,1542531877,638,53,0,0,5074.634361,201.722797,1424227889,1424227890,62.715847,162.911797,0.00074,0.000626,0.000114,0,0,,,2,3,5,5,8,1,1,5,0
2,8,15,6,3,2,4e-06,200,0,254,0,0,0,2,200000000.0,0.0,2,0,0,0,0,0,100,0,0,0,0.0,0.0,1424244418,1424244418,0.004,0.0,0.0,0.0,0.0,0,2,,,2,8,8,4,5,2,2,13,1
8,1529,1,0,0,0,0.001058,146,178,31,29,0,0,0,551984.875,672967.875,2,2,0,0,0,0,73,89,0,0,0.0,0.0,1421940119,1421940119,0.011,0.009,0.0,0.0,0.0,0,0,0.0,0.0,0,2,2,2,4,1,1,1,0
10,1530,0,10,0,0,0.286366,568,320,31,29,0,0,2,11900.85449,6704.707031,4,4,0,0,0,0,142,80,0,0,113.179984,104.173328,1424227598,1424227598,80.039336,73.669664,0.0,0.0,0.0,0,0,,,2,7,8,4,4,1,1,4,0
6,5,9,0,0,2,9e-06,114,0,254,0,0,0,0,50666664.0,0.0,2,0,0,0,0,0,57,0,0,0,0.0,0.0,1424223282,1424223282,0.009,0.0,0.0,0.0,0.0,0,2,,,2,25,25,17,21,17,9,25,1
17,1531,1,9,1,1,0.005743,1920,4312,31,29,6,6,2,2553369.25,5757269.5,22,24,255,255,582582277,582860257,87,180,0,0,16.124245,13.067653,1424228217,1424228217,0.256952,0.226391,0.000637,0.000527,0.00011,0,0,,,2,13,6,1,5,1,1,3,0
1,1532,4,557,1,1,0.369657,4216,3080,31,29,7,7,2,87995.08594,64448.93359,28,30,255,255,1792114500,2111687795,151,103,0,0,706.690537,17.324469,1424252741,1424252741,13.679815,12.730621,0.000579,0.000464,0.000115,0,0,,,2,3,4,3,3,1,1,7,0
6,1533,11,4,1,1,0.667788,798,8036,62,252,2,4,3,8613.511719,88255.54688,10,12,255,255,1184269621,4016432394,80,670,1,3531,4002.025131,3708.361614,1424238166,1424238166,74.198667,49.741637,0.232524,0.119897,0.112627,0,1,1.0,,2,1,1,1,2,1,1,1,1
2,8,9,6,3,2,1e-05,200,0,254,0,0,0,2,80000000.0,0.0,2,0,0,0,0,0,100,0,0,0,0.0,0.0,1421930730,1421930730,0.01,0.0,0.0,0.0,0.0,0,2,0.0,0.0,0,12,12,4,11,4,4,4,1
3,2,3,0,0,2,9e-06,114,0,254,0,0,0,0,50666664.0,0.0,2,0,0,0,0,0,57,0,0,0,0.0,0.0,1424233614,1424233614,0.009,0.0,0.0,0.0,0.0,0,2,,,2,41,41,41,41,41,24,41,1
8,1534,8,4,1,1,1.010901,1684,10168,31,29,3,5,3,12377.07813,76003.48438,14,18,255,255,2709860674,565533851,120,565,1,3924,8765.376327,7674.991512,1424235744,1424235745,77.735849,59.432824,0.000674,0.00054,0.000134,0,0,1.0,,2,1,1,2,3,1,1,1,0
5,5,7,0,0,2,5e-06,264,0,60,0,0,0,0,211200000.0,0.0,2,0,0,0,0,0,132,0,0,0,0.0,0.0,1424231909,1424231909,0.005,0.0,0.0,0.0,0.0,0,0,,,2,57,57,34,34,34,18,57,0
10,1535,4,1,1,1,2.122503,2934,3740,31,29,11,15,1,10847.57031,13836.49414,52,54,255,255,71243195,2227365989,56,69,0,0,3029.505869,94.180805,1421946635,1421946637,41.611196,40.036508,0.000699,0.000564,0.000135,0,0,0.0,1.0,3,2,2,1,1,1,1,1,0
7,5,7,0,0,2,7e-06,264,0,60,0,0,0,0,150857136.0,0.0,2,0,0,0,0,0,132,0,0,0,0.0,0.0,1424248162,1424248162,0.007,0.0,0.0,0.0,0.0,0,0,,,2,28,28,22,22,22,22,28,0
13,1536,8,558,1,1,0.040622,2958,29168,31,29,7,17,2,570528.3125,5624735.5,48,48,255,255,2194313426,2194590817,62,608,0,0,64.209177,1.746785,1421940658,1421940658,0.876326,0.851426,0.000767,0.000596,0.000171,0,0,0.0,0.0,0,4,5,2,4,1,1,2,0
0,1537,12,0,0,0,0.000985,130,162,31,29,0,0,0,527918.75,657868.0,2,2,0,0,0,0,65,81,0,0,0.0,0.0,1424241476,1424241476,0.009,0.008,0.0,0.0,0.0,0,0,,,2,2,1,1,4,1,1,2,0
3,5,14,0,0,2,1e-06,114,0,254,0,0,0,0,456000000.0,0.0,2,0,0,0,0,0,57,0,0,0,0.0,0.0,1424247513,1424247513,0.001,0.0,0.0,0.0,0.0,0,2,,,2,24,19,16,16,16,16,19,1
6,2,6,0,0,2,9e-06,114,0,254,0,0,0,0,50666664.0,0.0,2,0,0,0,0,0,57,0,0,0,0.0,0.0,1424259390,1424259390,0.009,0.0,0.0,0.0,0.0,0,2,,,2,30,30,14,15,14,14,30,1
17,1538,18,0,0,0,0.001076,146,178,31,29,0,0,0,542750.9375,661710.0,2,2,0,0,0,0,73,89,0,0,0.0,0.0,1424242811,1424242811,0.001,0.005,0.0,0.0,0.0,0,0,,,2,3,4,2,7,2,1,3,0
3,2,14,0,0,2,9e-06,114,0,254,0,0,0,0,50666664.0,0.0,2,0,0,0,0,0,57,0,0,0,0.0,0.0,1424248048,1424248048,0.009,0.0,0.0,0.0,0.0,0,2,,,2,28,28,28,28,28,14,28,1
0,1539,0,559,1,1,0.246816,5590,94690,31,29,7,42,2,179340.0781,3037858.25,98,98,255,255,3188477821,3204368549,57,966,0,0,158.554077,4.306545,1424242556,1424242556,2.536041,2.53233,0.00155,0.001163,0.000387,0,0,,,2,3,4,1,2,1,1,1,0
2,5,3,0,0,2,9e-06,114,0,254,0,0,0,0,50666664.0,0.0,2,0,0,0,0,0,57,0,0,0,0.0,0.0,1424237573,1424237573,0.009,0.0,0.0,0.0,0.0,0,2,,,2,51,51,44,45,44,20,51,1
9,1540,15,64,0,2,4e-06,448,0,254,0,0,0,2,448000000.0,0.0,2,0,0,0,0,0,224,0,0,0,0.0,0.0,1424247485,1424247485,0.004,0.0,0.0,0.0,0.0,0,2,,,2,3,6,2,2,1,1,3,1
2,5,3,0,0,2,9e-06,114,0,254,0,0,0,0,50666664.0,0.0,2,0,0,0,0,0,57,0,0,0,0.0,0.0,1424240086,1424240086,0.009,0.0,0.0,0.0,0.0,0,2,,,2,20,20,20,20,20,20,20,1
6,8,17,6,3,2,9e-06,200,0,254,0,0,0,2,88888888.0,0.0,2,0,0,0,0,0,100,0,0,0,0.0,0.0,1424223280,1424223280,0.009,0.0,0.0,0.0,0.0,0,2,,,2,8,8,4,13,4,4,8,1
2,8,14,6,13,3,37.771709,2160,0,254,0,0,0,2,434.610992,0.0,20,0,0,0,0,0,108,0,0,0,2209.84275,0.0,1424249652,1424249690,2059.899,0.0,0.0,0.0,0.0,0,6,,,2,1,1,1,3,1,1,2,1
2,1541,3,64,0,2,1e-05,1518,0,254,0,0,0,2,607200000.0,0.0,2,0,0,0,0,0,759,0,0,0,0.0,0.0,1424261531,1424261531,0.01,0.0,0.0,0.0,0.0,0,2,,,2,5,5,1,2,1,1,4,1
1,1542,1,18,1,1,0.03118,7808,15024,31,29,30,32,2,1986914.75,3824246.25,122,126,255,255,3631629180,3628471147,64,119,0,0,16.412994,14.141586,1424223723,1424223723,0.270518,0.24376,0.000837,0.000706,0.000131,0,0,,,2,1,3,1,2,1,1,1,0
13,1543,0,560,1,1,0.007727,4352,2456,31,29,7,7,2,4256244.5,2401967.25,18,18,255,255,1735567294,1739083782,242,136,0,0,23.855764,0.698448,1421960170,1421960170,0.436529,0.421294,0.001556,0.000562,0.000994,0,0,0.0,0.0,0,9,11,3,4,1,1,3,0
3,5,14,0,0,2,8e-06,114,0,254,0,0,0,0,57000000.0,0.0,2,0,0,0,0,0,57,0,0,0,0.0,0.0,1424246530,1424246530,0.008,0.0,0.0,0.0,0.0,0,2,,,2,31,31,18,19,17,17,32,1
4,1544,1,30,1,1,0.240712,3728,5578,31,29,7,7,6,120043.8672,178271.125,32,26,255,255,649738437,650055652,117,215,0,0,672.40204,21.77534,1421957799,1421957799,7.764903,9.5988,0.000753,0.000618,0.000135,0,0,0.0,0.0,0,2,1,1,1,1,1,1,0
19,5,21,0,0,2,7e-06,264,0,60,0,0,0,0,150857136.0,0.0,2,0,0,0,0,0,132,0,0,0,0.0,0.0,1424261957,1424261957,0.007,0.0,0.0,0.0,0.0,0,0,,,2,5,5,5,5,5,5,5,0
0,1545,4,18,1,1,0.03178,7818,14888,31,29,30,32,2,1951919.375,3718061.5,122,126,255,255,4106679734,4107697790,64,118,0,0,16.268736,14.353177,1421952669,1421952669,0.25976,0.25008,0.00065,0.000513,0.000137,0,0,0.0,0.0,0,3,5,1,2,1,1,1,0
11,1546,20,8,1,1,0.029483,37162,3380,31,29,18,8,2,9889903.0,895431.25,52,42,255,255,2442994998,2448252451,715,80,0,0,33.450882,1.370717,1421955691,1421955691,0.570843,0.704585,0.000746,0.000591,0.000155,0,0,0.0,0.0,0,16,13,1,2,1,1,1,0
10,450,4,561,1,1,0.002877,320,1828,31,29,1,2,5,742440.0625,4449079.0,6,8,255,255,1872248852,1876375226,53,229,0,0,28.507492,0.55892,1421935915,1421935915,0.5096,0.341714,0.000613,0.000479,0.000134,0,0,0.0,0.0,0,5,5,5,4,1,1,3,0
2,2,3,0,0,2,8e-06,114,0,254,0,0,0,0,57000000.0,0.0,2,0,0,0,0,0,57,0,0,0,0.0,0.0,1424239011,1424239011,0.008,0.0,0.0,0.0,0.0,0,2,,,2,21,21,14,14,14,11,21,1
16,5,21,0,0,2,4e-06,264,0,60,0,0,0,0,264000000.0,0.0,2,0,0,0,0,0,132,0,0,0,0.0,0.0,1424223726,1424223726,0.004,0.0,0.0,0.0,0.0,0,0,,,2,17,17,4,4,4,4,17,0
2,5,2,0,0,2,9e-06,114,0,254,0,0,0,0,50666664.0,0.0,2,0,0,0,0,0,57,0,0,0,0.0,0.0,1424252043,1424252043,0.009,0.0,0.0,0.0,0.0,0,2,,,2,26,26,10,11,10,10,26,1
2,5,3,0,0,2,9e-06,114,0,254,0,0,0,0,50666664.0,0.0,2,0,0,0,0,0,57,0,0,0,0.0,0.0,1424238699,1424238699,0.009,0.0,0.0,0.0,0.0,0,2,,,2,25,25,12,12,12,12,26,1
5,2,7,0,0,2,3e-06,264,0,60,0,0,0,0,352000000.0,0.0,2,0,0,0,0,0,132,0,0,0,0.0,0.0,1424230501,1424230501,0.003,0.0,0.0,0.0,0.0,0,0,,,2,32,32,20,20,20,20,32,0
3,5,14,0,0,2,1e-05,114,0,254,0,0,0,0,45600000.0,0.0,2,0,0,0,0,0,57,0,0,0,0.0,0.0,1424246896,1424246896,0.01,0.0,0.0,0.0,0.0,0,2,,,2,21,21,18,18,17,17,27,1
3,8,11,6,72,2,6e-06,200,0,254,0,0,0,2,133333328.0,0.0,2,0,0,0,0,0,100,0,0,0,0.0,0.0,1424230278,1424230278,0.006,0.0,0.0,0.0,0.0,0,2,,,2,6,6,2,2,2,2,6,1
2,1547,6,10,0,2,9e-06,168,0,254,0,0,0,2,74666664.0,0.0,2,0,0,0,0,0,84,0,0,0,0.0,0.0,1424261935,1424261935,0.009,0.0,0.0,0.0,0.0,0,2,,,2,1,1,18,2,1,1,1,1
3,5,3,0,0,2,1e-05,114,0,254,0,0,0,0,45600000.0,0.0,2,0,0,0,0,0,57,0,0,0,0.0,0.0,1424230978,1424230978,0.01,0.0,0.0,0.0,0.0,0,2,,,2,21,21,8,9,8,8,21,1
2,2,2,0,0,2,8e-06,114,0,254,0,0,0,0,57000000.0,0.0,2,0,0,0,0,0,57,0,0,0,0.0,0.0,1424253535,1424253535,0.008,0.0,0.0,0.0,0.0,0,2,,,2,20,20,20,20,20,8,20,1
7,5,7,0,0,2,7e-06,264,0,60,0,0,0,0,150857136.0,0.0,2,0,0,0,0,0,132,0,0,0,0.0,0.0,1424244504,1424244504,0.007,0.0,0.0,0.0,0.0,0,0,,,2,27,27,18,18,18,10,27,0
8,1548,13,7,1,1,0.018664,1540,1644,31,29,4,4,2,618945.5625,665666.5,16,18,255,255,2087842781,4243187862,96,91,0,0,74.726289,2.053176,1421935496,1421935496,1.2226,1.070647,0.000607,0.00046,0.000147,0,0,0.0,0.0,0,15,13,7,14,6,1,6,0
6,1144,2,423,0,3,59.814823,12320,0,254,0,0,0,0,1624.212769,0.0,70,0,0,0,0,0,176,0,0,0,1483.91875,0.0,1424256358,1424256418,878.2395,0.0,0.0,0.0,0.0,0,6,,,2,2,2,2,2,2,2,2,1
2,1549,24,26,1,1,0.368707,706,268,254,252,2,1,2,13799.5752,4860.227539,10,6,255,255,4275040304,25035625,71,45,0,0,2183.83988,87.677156,1424223634,1424223635,37.722556,57.032602,0.132982,0.08354,0.049442,0,1,,,2,3,3,1,1,1,1,3,1
6,2,6,0,0,2,3e-06,114,0,254,0,0,0,0,152000000.0,0.0,2,0,0,0,0,0,57,0,0,0,0.0,0.0,1424260060,1424260060,0.003,0.0,0.0,0.0,0.0,0,2,,,2,31,31,15,16,15,15,31,1
2,2,2,0,0,2,9e-06,114,0,254,0,0,0,0,50666664.0,0.0,2,0,0,0,0,0,57,0,0,0,0.0,0.0,1424253900,1424253900,0.009,0.0,0.0,0.0,0.0,0,2,,,2,22,22,14,14,14,14,22,1
9,1550,15,562,1,1,0.389838,4610,412,254,252,3,2,2,86723.20313,7408.205078,12,8,255,255,2809114375,3150263694,384,52,0,0,2096.234098,74.187547,1424261991,1424261991,35.313453,53.269285,0.072744,0.016938,0.055806,0,1,,,2,3,1,1,1,1,1,1,1
2,2,3,0,0,2,9e-06,114,0,254,0,0,0,0,50666664.0,0.0,2,0,0,0,0,0,57,0,0,0,0.0,0.0,1424239346,1424239346,0.009,0.0,0.0,0.0,0.0,0,2,,,2,38,38,24,25,24,24,38,1
2,2,2,0,0,2,6e-06,114,0,254,0,0,0,0,76000000.0,0.0,2,0,0,0,0,0,57,0,0,0,0.0,0.0,1424251980,1424251980,0.006,0.0,0.0,0.0,0.0,0,2,,,2,17,16,16,16,16,16,16,1
8,1551,19,4,1,1,1.165197,1580,10168,31,29,3,5,3,9948.532227,65939.0625,12,18,255,255,2384050005,2389305381,132,565,1,3924,9821.099318,7906.950877,1421958110,1421958111,105.893545,68.50641,0.000737,0.000584,0.000153,0,0,1.0,0.0,0,4,4,3,2,2,1,1,0
5,5,7,0,0,2,8e-06,264,0,60,0,0,0,0,132000000.0,0.0,2,0,0,0,0,0,132,0,0,0,0.0,0.0,1424233718,1424233718,0.008,0.0,0.0,0.0,0.0,0,0,,,2,34,34,23,23,23,11,34,0
2,2,3,0,0,2,1e-05,114,0,254,0,0,0,0,45600000.0,0.0,2,0,0,0,0,0,57,0,0,0,0.0,0.0,1424237549,1424237549,0.01,0.0,0.0,0.0,0.0,0,2,,,2,50,50,48,48,48,24,50,1
12,1552,20,563,1,1,0.099115,2766,24114,31,29,7,16,2,218251.5313,1904050.875,44,46,255,255,423487371,2646037536,63,524,0,0,143.280668,139.719936,1424224036,1424224037,2.296232,2.191822,0.000626,0.000477,0.000149,0,0,,,2,4,8,3,1,1,1,2,0
11,1553,20,8,1,1,0.02402,37812,3380,31,29,19,8,4,12360367.0,1099084.125,54,42,255,255,3436185152,3437185104,700,80,0,0,23.876166,1.036971,1424250262,1424250262,0.455173,0.587275,0.000661,0.000523,0.000138,0,0,,,2,2,1,3,2,1,1,1,0
14,1554,12,8,1,1,0.488993,37288,3276,31,29,18,8,2,598307.125,52270.6875,52,40,255,255,2416164201,2417205254,717,82,0,0,892.219832,30.073461,1421945440,1421945440,9.580568,12.523436,0.00072,0.000577,0.000143,0,0,0.0,0.0,0,7,6,4,5,2,2,2,0
17,1543,1,10,0,0,0.004807,568,312,31,29,0,0,2,708966.0625,389432.0625,4,4,0,0,0,0,142,78,0,0,1.753627,1.524051,1421965759,1421965759,1.247,1.085667,0.0,0.0,0.0,0,0,0.0,0.0,0,14,9,8,7,2,1,5,0
6,5,6,0,0,2,1e-06,114,0,254,0,0,0,0,456000000.0,0.0,2,0,0,0,0,0,57,0,0,0,0.0,0.0,1424259550,1424259550,0.001,0.0,0.0,0.0,0.0,0,2,,,2,16,16,16,16,16,16,16,1
0,1555,20,564,0,0,0.001586,544,304,31,29,0,0,2,2058007.625,1150063.125,4,4,0,0,0,0,136,76,0,0,0.562149,0.286614,1424225835,1424225835,0.401,0.204667,0.0,0.0,0.0,0,0,,,2,8,6,3,5,1,1,3,0
3,5,14,0,0,2,3e-06,114,0,254,0,0,0,0,152000000.0,0.0,2,0,0,0,0,0,57,0,0,0,0.0,0.0,1424244919,1424244919,0.003,0.0,0.0,0.0,0.0,0,2,,,2,23,23,17,17,17,17,23,1
11,1556,4,565,1,1,0.022399,2750,27886,31,29,7,16,2,960042.8125,9743292.0,44,46,255,255,1826046294,1845801233,63,606,0,0,32.189479,31.375739,1424246487,1424246487,0.525571,0.485133,0.000701,0.000565,0.000136,0,0,,,2,4,11,3,2,1,1,2,0
14,1557,20,566,1,1,0.011518,2334,16438,31,29,7,12,2,1576662.625,11117208.0,36,38,255,255,4149457890,4158998141,65,433,0,0,23.116686,21.182746,1421972430,1421972430,0.339455,0.306167,0.000623,0.00049,0.000133,0,0,0.0,0.0,0,12,6,2,5,1,1,1,0
12,1558,1,567,1,1,0.04594,2750,27620,31,29,7,16,2,468088.8125,4705267.5,44,46,255,255,4027830936,1882758739,63,600,0,0,78.728462,80.44013,1424226000,1424226000,1.060651,1.008778,0.000886,0.000544,0.000342,0,0,,,2,7,11,5,7,1,1,2,0
14,566,19,10,0,0,0.004359,568,304,31,29,0,0,2,781830.6875,418444.5938,4,4,0,0,0,0,142,76,0,0,1.623764,1.353167,1421939343,1421939343,1.159667,0.963333,0.0,0.0,0.0,0,0,0.0,0.0,0,4,4,2,2,1,1,2,0
2,5,3,0,0,2,7e-06,114,0,254,0,0,0,0,65142856.0,0.0,2,0,0,0,0,0,57,0,0,0,0.0,0.0,1424240225,1424240225,0.007,0.0,0.0,0.0,0.0,0,2,,,2,20,20,20,21,20,20,20,1
3,2,3,0,0,2,9e-06,114,0,254,0,0,0,0,50666664.0,0.0,2,0,0,0,0,0,57,0,0,0,0.0,0.0,1424231104,1424231104,0.009,0.0,0.0,0.0,0.0,0,2,,,2,22,22,22,22,22,22,22,1
2,5,2,0,0,2,8e-06,114,0,254,0,0,0,0,57000000.0,0.0,2,0,0,0,0,0,57,0,0,0,0.0,0.0,1424252858,1424252858,0.008,0.0,0.0,0.0,0.0,0,2,,,2,19,19,18,18,18,18,19,1
14,1559,12,4,1,1,1.161231,1684,10168,31,29,3,5,3,10774.77246,66164.26563,14,18,255,255,2754787458,2755658993,120,565,1,3924,8835.166923,7739.622658,1421940938,1421940939,89.298077,68.274176,0.000713,0.000563,0.00015,0,0,1.0,0.0,0,1,2,1,8,1,1,1,0
14,1560,12,0,0,0,0.001075,146,178,31,29,0,0,0,543255.8125,662325.5625,2,2,0,0,0,0,73,89,0,0,0.0,0.0,1424228609,1424228609,0.009,0.007,0.0,0.0,0.0,0,0,,,2,2,1,2,4,1,1,3,0
2,8,6,6,53,2,1e-06,200,0,254,0,0,0,2,800000000.0,0.0,2,0,0,0,0,0,100,0,0,0,0.0,0.0,1424237286,1424237286,0.001,0.0,0.0,0.0,0.0,0,2,,,2,5,5,1,4,1,1,5,1
8,1561,8,18,1,1,0.032336,7814,15030,31,29,30,32,2,1917367.625,3689015.25,122,126,255,255,1606041324,3756647221,64,119,0,0,16.843188,14.683745,1424244296,1424244297,0.273479,0.25432,0.000683,0.000543,0.00014,0,0,,,2,8,5,1,1,1,1,2,0
4,1562,10,4,1,1,1.005573,1684,10168,31,29,3,5,3,12442.65625,76406.1875,14,18,255,255,3320941610,3317790289,120,565,1,3924,8765.550146,7674.408333,1421963079,1421963080,77.324154,59.122353,0.000638,0.000489,0.000149,0,0,1.0,0.0,0,4,1,4,7,2,1,4,0
2,2,2,0,0,2,8e-06,114,0,254,0,0,0,0,57000000.0,0.0,2,0,0,0,0,0,57,0,0,0,0.0,0.0,1424251886,1424251886,0.008,0.0,0.0,0.0,0.0,0,2,,,2,12,12,12,12,12,12,12,1
3,8,11,6,3,2,7e-06,200,0,254,0,0,0,2,114285712.0,0.0,2,0,0,0,0,0,100,0,0,0,0.0,0.0,1424230374,1424230374,0.007,0.0,0.0,0.0,0.0,0,2,,,2,1,1,1,2,1,1,1,1
8,1563,12,0,0,0,0.001026,146,178,31,29,0,0,0,569200.75,693957.125,2,2,0,0,0,0,73,89,0,0,0.0,0.0,1424251428,1424251428,0.006,0.002,0.0,0.0,0.0,0,0,,,2,3,3,1,2,1,1,1,0
2,5,3,0,0,2,1.1e-05,114,0,254,0,0,0,0,41454544.0,0.0,2,0,0,0,0,0,57,0,0,0,0.0,0.0,1421932421,1421932421,0.011,0.0,0.0,0.0,0.0,0,2,0.0,0.0,0,14,14,3,3,3,3,3,1
8,1564,10,7,1,1,0.784631,1540,1644,31,29,4,4,2,14722.84375,15834.19434,16,18,255,255,306713895,2529164811,96,91,0,0,3425.541741,85.311406,1424240611,1424240612,52.285334,46.123883,0.000922,0.000524,0.000398,0,0,,,2,13,11,9,8,8,1,11,0
14,1565,0,568,1,1,0.086691,2254,17350,31,29,6,5,2,202097.1094,1555409.5,35,35,255,255,4039879452,4056567144,64,496,0,0,143.620112,152.4253,1421932575,1421932575,2.539441,2.534912,0.000618,0.000499,0.000119,0,0,0.0,0.0,0,4,6,3,2,1,1,2,0
9,1566,14,10,1,1,0.660549,564,354,254,252,2,1,2,6152.458008,3754.452881,10,8,255,255,3633274348,657416696,56,44,0,0,5592.856672,130.196781,1424245870,1424245871,71.476,86.87057,0.098758,0.052448,0.04631,0,1,,,2,1,1,18,1,1,1,1,1
6,2,6,0,0,2,8e-06,114,0,254,0,0,0,0,57000000.0,0.0,2,0,0,0,0,0,57,0,0,0,0.0,0.0,1424260210,1424260210,0.008,0.0,0.0,0.0,0.0,0,2,,,2,30,30,17,18,17,17,30,1
2,1567,17,541,1,1,0.324316,1612,268,254,252,2,1,2,35792.25391,5525.475098,10,6,255,255,917336477,3586285997,161,45,0,0,1890.638977,85.096148,1421929665,1421929666,34.249,51.850398,0.121299,0.065061,0.056238,0,1,0.0,0.0,0,8,8,2,2,2,1,2,1
8,1568,10,4,1,1,1.004765,1580,10168,31,29,3,5,3,11537.02539,76467.63281,12,18,255,255,794359066,795340755,132,565,1,3924,9994.677921,7674.351854,1424249399,1424249400,100.440797,59.072881,0.000657,0.00052,0.000137,0,0,1.0,,2,1,2,4,5,1,1,3,0
12,1569,10,0,0,0,0.000978,146,178,31,29,0,0,0,597137.0,728016.375,2,2,0,0,0,0,73,89,0,0,0.0,0.0,1424232740,1424232740,0.001,0.002,0.0,0.0,0.0,0,0,,,2,1,1,3,7,1,1,2,0
9,8,15,6,3,2,3e-06,200,0,254,0,0,0,2,266666656.0,0.0,2,0,0,0,0,0,100,0,0,0,0.0,0.0,1424258842,1424258842,0.003,0.0,0.0,0.0,0.0,0,2,,,2,5,5,1,2,1,1,5,1
17,1570,19,569,1,1,0.002899,320,1942,31,29,1,2,5,736805.8125,4691273.0,6,8,255,255,3977488794,3981343058,53,243,0,0,28.340547,0.531283,1421950110,1421950110,0.5138,0.337714,0.000665,0.000532,0.000133,0,0,0.0,0.0,0,3,3,4,5,1,1,4,0
4,1571,18,0,0,0,0.000986,130,162,31,29,0,0,0,527383.3125,657200.75,2,2,0,0,0,0,65,81,0,0,0.0,0.0,1424229922,1424229922,0.008,0.004,0.0,0.0,0.0,0,0,,,2,4,5,5,4,1,1,6,0
2,2,3,0,0,2,4e-06,114,0,254,0,0,0,0,114000000.0,0.0,2,0,0,0,0,0,57,0,0,0,0.0,0.0,1424238603,1424238603,0.004,0.0,0.0,0.0,0.0,0,2,,,2,39,39,18,18,18,18,39,1
3,5,14,0,0,2,9e-06,114,0,254,0,0,0,0,50666664.0,0.0,2,0,0,0,0,0,57,0,0,0,0.0,0.0,1424244678,1424244678,0.009,0.0,0.0,0.0,0.0,0,2,,,2,45,45,40,40,40,11,45,1
13,1572,4,4,1,1,1.004756,1580,10168,31,29,3,5,3,11537.12988,76468.32031,12,18,255,255,826935683,828017154,132,565,1,0,9529.012452,7675.716137,1421968677,1421968678,91.30782,59.069884,0.000721,0.000563,0.000158,0,0,1.0,0.0,0,2,2,1,2,2,1,1,0
4,346,4,570,1,1,0.110878,4238,66552,31,29,7,30,2,301592.75,4736954.0,72,74,255,255,3648401519,1499100372,59,899,0,0,96.007438,93.370331,1424246548,1424246548,1.579371,1.511781,0.000625,0.000511,0.000114,0,0,,,2,5,7,3,3,1,1,1,0
8,1573,10,0,0,0,0.001073,146,178,31,29,0,0,0,544268.375,663560.125,2,2,0,0,0,0,73,89,0,0,0.0,0.0,1421968534,1421968534,0.006,0.009,0.0,0.0,0.0,0,0,0.0,0.0,0,2,2,4,3,2,1,1,0
2,1574,15,571,1,3,7.996897,360,0,254,0,7,0,2,315.122223,0.0,8,0,255,0,0,0,45,0,0,0,2127.25175,0.0,1424261321,1424261329,1142.413875,0.0,0.0,0.0,0.0,0,6,,,2,36,32,7,7,2,2,32,0
9,1575,2,33,1,1,0.79445,1060,796,254,252,3,2,2,9787.90332,7220.089355,12,10,255,255,3307634073,2716203701,88,80,0,0,4381.465097,121.54543,1424233535,1424233536,68.803455,79.086445,0.112781,0.082664,0.030117,0,1,,,2,2,1,1,1,1,1,1,1
13,1576,19,572,1,1,0.422604,4592,3080,31,29,7,7,2,83823.15625,56374.28906,28,30,255,255,2246308836,2275582532,164,103,0,0,868.990515,22.044521,1421945647,1421945647,15.640408,14.553034,0.000714,0.000561,0.000153,0,0,0.0,0.0,0,4,9,7,4,3,3,4,0
2,1577,3,1,1,1,3.888338,1252,1636,62,252,7,9,1,2468.921143,3213.712402,24,22,255,255,2416992954,2440661630,52,74,0,0,8675.73051,291.388937,1424234761,1424234765,169.008094,179.718531,0.170845,0.114248,0.056597,0,1,,1.0,3,1,1,3,2,1,1,2,1
10,1578,19,0,0,0,0.001152,146,178,31,29,0,0,0,506944.4375,618055.5625,2,2,0,0,0,0,73,89,0,0,0.0,0.0,1421950058,1421950058,0.006,0.009,0.0,0.0,0.0,0,0,0.0,0.0,0,4,2,4,2,2,1,1,0
0,1579,4,573,1,1,0.039929,4862,82360,31,29,7,36,2,962708.8125,16309550.0,84,86,255,255,2701661752,2701980783,58,958,0,0,24.815147,24.469296,1424257480,1424257480,0.482963,0.473566,0.000753,0.000614,0.000139,0,0,,,2,7,10,3,3,1,1,7,0
11,1580,13,574,1,1,0.004878,4248,2456,31,29,7,7,2,6579746.0,3804838.25,18,18,255,255,3730468324,1588275175,236,136,0,0,13.245662,0.332549,1421961706,1421961706,0.268353,0.257882,0.000625,0.000489,0.000136,0,0,0.0,0.0,0,5,8,5,3,1,1,3,0
6,5,9,0,0,2,9e-06,114,0,254,0,0,0,0,50666664.0,0.0,2,0,0,0,0,0,57,0,0,0,0.0,0.0,1424223515,1424223515,0.009,0.0,0.0,0.0,0.0,0,2,,,2,16,16,9,9,9,9,16,1
19,2,21,0,0,2,4e-06,264,0,60,0,0,0,0,264000000.0,0.0,2,0,0,0,0,0,132,0,0,0,0.0,0.0,1424260239,1424260239,0.004,0.0,0.0,0.0,0.0,0,0,,,2,16,16,16,16,16,16,16,0
17,1581,0,0,0,0,0.001119,146,178,31,29,0,0,0,521894.5313,636282.375,2,2,0,0,0,0,73,89,0,0,0.0,0.0,1421968813,1421968813,0.011,0.011,0.0,0.0,0.0,0,0,0.0,0.0,0,1,1,3,5,1,1,1,0
13,1582,1,4,1,1,1.068181,1684,10168,31,29,3,5,3,11713.37012,71927.88281,14,18,255,255,331248229,2482294692,120,565,1,3924,8781.303275,7689.847978,1424238868,1424238869,82.141613,62.804059,0.000643,0.000511,0.000132,0,0,1.0,,2,1,3,1,1,1,1,1,0
9,1583,14,18,1,1,1.371432,1102,29006,62,252,6,16,2,6107.484863,164505.4219,20,36,255,255,3499377410,838804498,55,806,0,0,3546.863147,2639.895748,1424236127,1424236128,72.180628,36.99183,0.116199,0.04287,0.073329,0,1,,,2,1,1,1,1,1,1,1,1
2,2,3,0,0,2,5e-06,114,0,254,0,0,0,0,91200000.0,0.0,2,0,0,0,0,0,57,0,0,0,0.0,0.0,1424239497,1424239497,0.005,0.0,0.0,0.0,0.0,0,2,,,2,21,21,19,19,19,19,22,1
0,1584,13,8,1,1,0.043132,37860,3380,31,29,19,8,4,6892145.0,612074.5625,54,42,255,255,280547360,281672541,701,80,0,0,54.875651,2.375575,1424253489,1424253489,0.823019,1.04061,0.000576,0.000464,0.000112,0,0,,,2,1,2,5,4,1,1,1,0
6,1585,24,1,1,1,2.974923,1272,1660,62,252,7,9,1,3278.068115,4262.29541,24,22,255,255,2076530081,2297578678,53,75,0,0,7570.068162,270.16875,1424223515,1424223518,129.304346,137.461328,0.149647,0.088227,0.06142,0,1,,1.0,3,1,1,2,2,1,1,2,1
14,1586,19,8,1,1,0.021255,37258,3380,31,29,18,8,4,13753752.0,1242060.75,52,42,255,255,1901784728,1902803990,717,80,0,0,22.56598,0.891255,1424242271,1424242271,0.410098,0.50522,0.000679,0.000538,0.000141,0,0,,,2,1,1,2,1,1,1,1,0
6,1587,3,141,1,0,0.590762,172,86,254,60,1,1,2,1746.896362,582.298767,4,2,255,255,3893237186,2110203670,43,43,0,0,10783.77221,0.0,1424256645,1424256645,196.920667,0.001,0.590749,0.142067,0.448682,0,0,,,2,4,3,1,1,1,1,1,0
2,2,3,0,0,2,9e-06,114,0,254,0,0,0,0,50666664.0,0.0,2,0,0,0,0,0,57,0,0,0,0.0,0.0,1424239397,1424239397,0.009,0.0,0.0,0.0,0.0,0,2,,,2,34,34,34,35,34,19,34,1
3,2,3,0,0,2,8e-06,114,0,254,0,0,0,0,57000000.0,0.0,2,0,0,0,0,0,57,0,0,0,0.0,0.0,1424230706,1424230706,0.008,0.0,0.0,0.0,0.0,0,2,,,2,25,25,7,7,7,7,25,1
6,5,6,0,0,2,2e-06,114,0,254,0,0,0,0,228000000.0,0.0,2,0,0,0,0,0,57,0,0,0,0.0,0.0,1424259346,1424259346,0.002,0.0,0.0,0.0,0.0,0,2,,,2,16,16,16,18,16,16,16,1
11,1588,12,30,1,1,0.026557,12960,13202,31,29,35,33,6,3874534.0,3945023.75,132,124,255,255,318628731,2469116694,98,106,0,0,13.887335,12.857195,1421938951,1421938951,0.204285,0.211926,0.000701,0.000562,0.000139,0,0,0.0,0.0,0,1,1,3,5,1,1,1,0
3,2,14,0,0,2,4e-06,114,0,254,0,0,0,0,114000000.0,0.0,2,0,0,0,0,0,57,0,0,0,0.0,0.0,1424246049,1424246049,0.004,0.0,0.0,0.0,0.0,0,2,,,2,25,25,15,15,15,15,25,1
17,1589,4,575,1,1,0.021956,2750,25956,31,29,7,15,2,979413.375,9232283.0,44,42,255,255,1940301802,4107591549,63,618,0,0,33.676436,34.039073,1421930564,1421930564,0.502721,0.522073,0.000695,0.000544,0.000151,0,0,0.0,0.0,0,7,3,3,4,1,1,2,0
3,2,3,0,0,2,9e-06,114,0,254,0,0,0,0,50666664.0,0.0,2,0,0,0,0,0,57,0,0,0,0.0,0.0,1424232210,1424232210,0.009,0.0,0.0,0.0,0.0,0,2,,,2,28,28,17,16,16,16,28,1
6,1590,16,541,1,1,0.360342,588,268,254,252,2,1,2,11766.59961,4973.053223,10,6,255,255,3649236634,888746109,59,45,0,0,1984.06951,83.004836,1424251735,1424251735,39.938778,60.310199,0.096841,0.058787,0.038054,0,1,,,2,3,3,2,2,2,1,3,1
13,1591,13,576,1,0,0.059389,4290,63450,32,29,7,30,2,570071.9375,8424995.0,73,70,255,255,2742353123,2754046673,59,906,0,0,47.63981,47.233007,1421936027,1421936027,0.824847,0.804841,0.00068,0.000546,0.000134,0,0,0.0,0.0,0,3,8,3,2,1,1,1,0
0,1592,4,577,1,1,0.311805,424,8824,31,29,1,4,5,9518.769531,207539.9688,8,12,255,255,3903850513,2104028163,53,735,0,0,2660.282783,2107.457508,1424223116,1424223116,44.490286,28.294182,0.000691,0.000567,0.000124,0,0,,,2,6,6,5,5,1,1,4,0
2,5,3,0,0,2,4e-06,114,0,254,0,0,0,0,114000000.0,0.0,2,0,0,0,0,0,57,0,0,0,0.0,0.0,1424239656,1424239656,0.004,0.0,0.0,0.0,0.0,0,2,,,2,20,20,22,21,20,20,20,1
2,5,3,0,0,2,1e-05,114,0,254,0,0,0,0,45600000.0,0.0,2,0,0,0,0,0,57,0,0,0,0.0,0.0,1424239408,1424239408,0.01,0.0,0.0,0.0,0.0,0,2,,,2,25,25,20,21,20,20,25,1
11,1593,4,578,1,1,0.557164,424,8824,31,29,1,4,5,5326.977051,116145.3359,8,12,255,255,2589245847,3483189195,53,735,0,0,5008.103713,3981.921047,1424246554,1424246555,79.545145,50.604272,0.00064,0.000515,0.000125,0,0,,,2,3,3,5,8,1,1,6,0
5,2,7,0,0,2,3e-06,264,0,60,0,0,0,0,352000000.0,0.0,2,0,0,0,0,0,132,0,0,0,0.0,0.0,1424232010,1424232010,0.003,0.0,0.0,0.0,0.0,0,0,,,2,38,38,17,17,17,17,38,0
4,1594,20,9,1,1,0.006726,2054,2478,31,29,6,6,2,2332441.25,2824858.75,22,24,255,255,135341127,135654915,93,103,0,0,20.50159,14.764628,1424232103,1424232103,0.335316,0.264826,0.00077,0.000627,0.000143,0,0,,,2,6,8,7,4,1,1,4,0
2,2,3,0,0,2,9e-06,114,0,254,0,0,0,0,50666664.0,0.0,2,0,0,0,0,0,57,0,0,0,0.0,0.0,1424239908,1424239908,0.009,0.0,0.0,0.0,0.0,0,2,,,2,24,24,24,24,24,24,24,1
9,1595,24,10,0,2,3e-06,168,0,254,0,0,0,2,224000000.0,0.0,2,0,0,0,0,0,84,0,0,0,0.0,0.0,1424260188,1424260188,0.003,0.0,0.0,0.0,0.0,0,2,,,2,5,1,1,3,1,1,1,1
17,1596,12,8,1,1,0.499594,37300,3380,31,29,18,8,4,585803.6875,52842.90625,52,42,255,255,846184999,847921246,717,80,0,0,774.806844,29.564598,1421969060,1421969060,9.788588,12.172,0.000674,0.000538,0.000136,0,0,0.0,0.0,0,1,1,6,4,1,1,1,0
2,8,15,6,3,2,3e-06,200,0,254,0,0,0,2,266666656.0,0.0,2,0,0,0,0,0,100,0,0,0,0.0,0.0,1424244425,1424244425,0.003,0.0,0.0,0.0,0.0,0,2,,,2,7,7,4,5,3,3,10,1
17,1597,1,8,1,1,0.055777,37574,3276,31,29,18,8,4,5285619.5,458253.4063,52,40,255,255,522608355,2669051884,723,82,0,0,129.720862,4.293938,1424234788,1424234788,1.131429,1.41641,0.000659,0.000534,0.000125,0,0,,,2,1,2,7,6,1,1,4,0
10,1598,1,579,1,1,0.020969,3390,43918,31,29,7,22,2,1270446.875,16466594.0,56,58,255,255,2918390396,769117615,61,757,0,0,20.243965,19.820542,1421963616,1421963616,0.374982,0.357579,0.000712,0.000575,0.000137,0,0,0.0,0.0,0,5,5,3,6,1,1,1,0
3,5,14,0,0,2,4e-06,114,0,254,0,0,0,0,114000000.0,0.0,2,0,0,0,0,0,57,0,0,0,0.0,0.0,1424245814,1424245814,0.004,0.0,0.0,0.0,0.0,0,2,,,2,28,28,15,15,14,14,29,1
11,367,0,4,1,1,1.092025,1684,10168,31,29,3,5,3,11457.61231,70357.35938,14,18,255,255,3383120770,1234520212,120,565,1,3924,8789.546982,7697.31696,1424230069,1424230070,83.973541,64.209588,0.000597,0.000459,0.000138,0,0,1.0,,2,2,2,10,2,1,1,3,0
13,1599,10,580,1,1,0.268356,8928,320,31,29,4,1,5,247164.2188,7959.576172,14,6,255,255,369981846,2849581440,638,53,0,0,1775.259186,73.502492,1421940888,1421940888,20.642769,53.534199,0.000705,0.000567,0.000138,0,0,0.0,0.0,0,3,3,3,2,1,1,2,0
14,1600,19,0,0,0,0.001012,146,178,31,29,0,0,0,577075.0625,703557.3125,2,2,0,0,0,0,73,89,0,0,0.0,0.0,1424245354,1424245354,0.009,0.007,0.0,0.0,0.0,0,0,,,2,3,4,5,2,1,1,1,0
2,2,3,0,0,2,6e-06,114,0,254,0,0,0,0,76000000.0,0.0,2,0,0,0,0,0,57,0,0,0,0.0,0.0,1424238702,1424238702,0.006,0.0,0.0,0.0,0.0,0,2,,,2,44,44,48,46,44,24,46,1
3,5,14,0,0,2,3e-06,114,0,254,0,0,0,0,152000000.0,0.0,2,0,0,0,0,0,57,0,0,0,0.0,0.0,1424246332,1424246332,0.003,0.0,0.0,0.0,0.0,0,2,,,2,18,18,18,20,17,17,18,1
6,2,9,0,0,2,9e-06,114,0,254,0,0,0,0,50666664.0,0.0,2,0,0,0,0,0,57,0,0,0,0.0,0.0,1424224554,1424224554,0.009,0.0,0.0,0.0,0.0,0,2,,,2,17,17,8,8,8,8,17,1
0,1601,4,4,1,1,1.004787,1580,10168,31,29,3,5,2,11536.77344,76465.96094,12,18,255,255,2782790950,638499504,132,565,0,0,9529.032785,7675.110705,1421933758,1421933759,91.312635,59.072294,0.000698,0.000553,0.000145,0,0,0.0,0.0,0,4,10,3,1,1,1,1,0
3,5,3,0,0,2,9e-06,114,0,254,0,0,0,0,50666664.0,0.0,2,0,0,0,0,0,57,0,0,0,0.0,0.0,1424231094,1424231094,0.009,0.0,0.0,0.0,0.0,0,2,,,2,18,18,18,18,18,18,18,1
2,5,3,0,0,2,9e-06,114,0,254,0,0,0,0,50666664.0,0.0,2,0,0,0,0,0,57,0,0,0,0.0,0.0,1424237456,1424237456,0.009,0.0,0.0,0.0,0.0,0,2,,,2,41,41,17,17,17,17,41,1
3,5,3,0,0,2,4e-06,114,0,254,0,0,0,0,114000000.0,0.0,2,0,0,0,0,0,57,0,0,0,0.0,0.0,1424231863,1424231863,0.004,0.0,0.0,0.0,0.0,0,2,,,2,51,51,42,42,42,18,51,1
2,2,3,0,0,2,1.2e-05,114,0,254,0,0,0,0,38000000.0,0.0,2,0,0,0,0,0,57,0,0,0,0.0,0.0,1421931020,1421931020,0.012,0.0,0.0,0.0,0.0,0,2,0.0,0.0,0,10,10,3,3,3,3,3,1
8,1602,20,0,0,0,0.001139,146,178,31,29,0,0,0,512730.4375,625109.6875,2,2,0,0,0,0,73,89,0,0,0.0,0.0,1421942844,1421942844,0.01,0.009,0.0,0.0,0.0,0,0,0.0,0.0,0,4,4,4,6,3,2,2,0
23,8,27,6,13,3,0.0,256,0,1,0,0,0,2,51.195522,0.0,4,0,0,0,0,0,64,0,0,0,2.236188,0.0,1421971161,1421971191,10000.879,0.0,0.0,0.0,0.0,0,0,0.0,0.0,0,2,4,4,2,2,4,2,0
4,1603,12,581,1,1,0.105812,3926,56022,31,29,7,27,2,292367.5938,4173364.25,66,68,255,255,663862959,2829968307,59,824,0,0,0.0,90.938998,1424238346,1424238346,1.623,1.57206,0.000604,0.000481,0.000123,0,0,,,2,3,3,5,4,1,1,1,0
17,1604,10,0,0,0,0.001184,146,178,31,29,0,0,0,493243.2188,601351.3125,2,2,0,0,0,0,73,89,0,0,0.0,0.0,1421927619,1421927619,0.01,0.008,0.0,0.0,0.0,0,0,0.0,0.0,0,4,4,2,4,2,1,1,0
12,1605,13,4,1,1,1.014143,1684,10168,31,29,3,5,3,12337.51074,75760.52344,14,18,255,255,508735871,509766821,120,565,1,3924,8769.364493,7691.1271,1421960315,1421960316,77.978075,59.627647,0.000602,0.000469,0.000133,0,0,1.0,0.0,0,1,2,3,5,1,1,2,0
6,5,6,0,0,2,2e-06,114,0,254,0,0,0,0,228000000.0,0.0,2,0,0,0,0,0,57,0,0,0,0.0,0.0,1424260907,1424260907,0.002,0.0,0.0,0.0,0.0,0,2,,,2,27,27,16,16,16,16,27,1
3,2,14,0,0,2,3e-06,114,0,254,0,0,0,0,152000000.0,0.0,2,0,0,0,0,0,57,0,0,0,0.0,0.0,1424246225,1424246225,0.003,0.0,0.0,0.0,0.0,0,2,,,2,39,39,16,17,16,16,39,1
2,8,6,6,3,2,8e-06,200,0,254,0,0,0,2,100000000.0,0.0,2,0,0,0,0,0,100,0,0,0,0.0,0.0,1424237424,1424237424,0.008,0.0,0.0,0.0,0.0,0,2,,,2,6,6,2,17,2,2,6,1
3,1606,17,582,1,1,0.958685,364,1250,62,252,1,2,5,2661.979736,9129.171875,8,8,255,255,3671999878,3626677920,46,156,0,0,9531.109582,268.698062,1424232488,1424232489,136.955,127.139,0.116007,0.046095,0.069912,0,1,,,2,1,1,1,2,1,1,1,1
14,1607,10,9,1,1,0.00671,2054,2478,31,29,6,6,2,2338003.0,2831594.75,22,24,255,255,1163732168,3309375903,93,103,0,0,18.993935,16.932157,1421950466,1421950466,0.303,0.26613,0.00071,0.000581,0.000129,0,0,0.0,0.0,0,10,3,1,6,1,1,1,0
14,1608,10,0,0,0,0.001027,146,178,31,29,0,0,0,568646.5625,693281.375,2,2,0,0,0,0,73,89,0,0,0.0,0.0,1421937528,1421937528,0.011,0.006,0.0,0.0,0.0,0,0,0.0,0.0,0,3,3,2,3,1,1,2,0
2,1609,9,10,1,1,1.379899,564,354,254,252,2,1,2,2945.143066,1797.23291,10,8,255,255,243056897,1773960352,56,44,0,0,8300.69432,301.028875,1424256179,1424256181,153.322111,180.684859,0.292119,0.114196,0.177923,0,1,,,2,4,1,1,1,1,1,1,1
12,1610,8,583,0,0,0.001927,512,304,31,29,0,0,2,1594187.875,946549.0625,4,4,0,0,0,0,128,76,0,0,0.713472,0.285907,1421972648,1421972648,0.51,0.204667,0.0,0.0,0.0,0,0,0.0,0.0,0,15,7,3,9,1,1,3,0
13,1611,4,584,1,1,0.029288,2750,23636,31,29,7,15,2,734225.625,6309478.5,44,44,255,255,628026863,628363560,63,537,0,0,42.9942,1.126712,1424253486,1424253486,0.672674,0.68219,0.000753,0.000627,0.000126,0,0,,,2,2,3,2,2,1,1,1,0
22,239,26,98,0,2,0.000113,503,0,64,0,0,0,2,17840708.0,0.0,2,0,0,0,0,0,252,0,0,0,0.0,0.0,1424249928,1424249928,0.113,0.0,0.0,0.0,0.0,0,0,,,2,52,52,52,52,52,52,52,0
1,1612,8,585,1,1,0.062887,3614,43086,31,29,7,24,2,452112.5313,5392784.0,60,62,255,255,3747435836,3751931796,60,695,0,0,66.318307,64.796407,1424244518,1424244518,1.07881,1.039,0.000656,0.00054,0.000116,0,0,,,2,4,3,2,3,1,1,1,0
6,1613,11,26,1,1,35.215721,1068,622,254,252,4,1,2,230.578842,131.304993,20,14,255,255,1821390338,1293978566,53,44,0,0,247124.2816,9070.123,1424223979,1424224015,1853.458947,2704.0955,0.091255,0.061793,0.029462,0,1,,,2,3,3,2,11,2,2,3,1
3,5,14,0,0,2,5e-06,114,0,254,0,0,0,0,91200000.0,0.0,2,0,0,0,0,0,57,0,0,0,0.0,0.0,1424244851,1424244851,0.005,0.0,0.0,0.0,0.0,0,2,,,2,20,20,17,20,17,17,20,1
3,2,3,0,0,2,4e-06,114,0,254,0,0,0,0,114000000.0,0.0,2,0,0,0,0,0,57,0,0,0,0.0,0.0,1424231190,1424231190,0.004,0.0,0.0,0.0,0.0,0,2,,,2,25,25,25,25,25,25,25,1
11,1614,0,586,1,1,0.060971,3926,53634,31,29,7,27,2,507388.75,6933919.5,66,68,255,255,1431695045,1431980824,59,789,0,0,66.19622,63.144778,1424246082,1424246082,0.962794,0.901045,0.000737,0.000596,0.000141,0,0,,,2,4,5,3,2,1,1,1,0
3,5,3,0,0,2,8e-06,114,0,254,0,0,0,0,57000000.0,0.0,2,0,0,0,0,0,57,0,0,0,0.0,0.0,1424232249,1424232249,0.008,0.0,0.0,0.0,0.0,0,2,,,2,39,39,17,17,17,17,39,1
11,1615,19,0,0,0,0.001019,146,178,31,29,0,0,0,573110.9375,698724.25,2,2,0,0,0,0,73,89,0,0,0.0,0.0,1421967089,1421967089,0.008,0.008,0.0,0.0,0.0,0,0,0.0,0.0,0,3,2,3,1,1,1,1,0
10,1616,0,587,1,1,0.015879,2230,14740,31,29,7,11,2,1090748.875,7220102.0,34,36,255,255,49616472,2206740887,66,409,0,0,33.076692,32.770882,1421949563,1421949563,0.471394,0.438086,0.000717,0.000541,0.000176,0,0,0.0,0.0,0,8,6,4,2,1,1,1,0
2,8,15,6,3,2,1e-06,200,0,254,0,0,0,2,800000000.0,0.0,2,0,0,0,0,0,100,0,0,0,0.0,0.0,1424244441,1424244441,0.001,0.0,0.0,0.0,0.0,0,2,,,2,10,10,5,5,4,4,11,1
3,2,14,0,0,2,9e-06,114,0,254,0,0,0,0,50666664.0,0.0,2,0,0,0,0,0,57,0,0,0,0.0,0.0,1424246171,1424246171,0.009,0.0,0.0,0.0,0.0,0,2,,,2,36,36,18,18,18,18,36,1
3,2,14,0,0,2,2e-06,114,0,254,0,0,0,0,228000000.0,0.0,2,0,0,0,0,0,57,0,0,0,0.0,0.0,1424246120,1424246120,0.002,0.0,0.0,0.0,0.0,0,2,,,2,29,29,22,22,22,22,29,1
14,1617,1,588,1,1,0.029975,4238,61854,31,29,7,30,2,1115596.25,16285304.0,72,74,255,255,1630261954,3775980578,59,836,0,0,22.111217,21.871593,1424237560,1424237561,0.423629,0.412845,0.000796,0.000653,0.000143,0,0,,,2,2,2,2,2,1,1,1,0
12,1618,13,589,1,1,0.017947,2974,32400,31,29,7,18,2,1298490.0,14153675.0,48,50,255,255,1563349883,3709051595,62,648,0,0,21.134148,20.151734,1421962969,1421962969,0.374723,0.353673,0.000736,0.000606,0.00013,0,0,0.0,0.0,0,6,21,8,4,1,1,1,0
13,1619,8,590,1,1,0.022017,2646,24924,31,29,7,15,2,938547.5,8850615.0,42,44,255,255,4059756337,1910446291,63,566,0,0,32.76027,31.528644,1421971030,1421971030,0.528902,0.49814,0.000751,0.000592,0.000159,0,0,0.0,0.0,0,5,1,2,2,1,1,1,0
6,1620,24,33,1,1,0.929496,3032,748,254,252,3,2,2,23926.94531,5637.463867,12,8,255,255,2227185780,608731986,253,94,0,0,4234.793054,169.475781,1424234501,1424234502,84.431543,121.024,0.133443,0.082319,0.051124,0,1,,,2,7,6,2,3,2,1,3,1
2,1621,11,4,1,1,0.269602,1116,1130,62,252,2,2,3,29821.73633,29346.96289,10,8,255,255,4238816516,3794976022,112,141,1,32,1593.432799,58.898879,1421929538,1421929538,29.955778,34.981145,0.06464,0.013243,0.051397,0,1,1.0,0.0,0,2,1,1,1,1,1,1,1
6,2,6,0,0,2,9e-06,114,0,254,0,0,0,0,50666664.0,0.0,2,0,0,0,0,0,57,0,0,0,0.0,0.0,1424259069,1424259069,0.009,0.0,0.0,0.0,0.0,0,2,,,2,49,49,38,38,38,18,49,1
2,1622,2,591,1,1,0.378693,1550,2266,254,252,4,3,2,30420.41797,43095.59375,14,10,255,255,2147063657,1084867155,111,227,0,0,1471.473331,55.258785,1424250385,1424250385,28.063539,40.998445,0.058954,0.009694,0.04926,0,1,,,2,2,1,1,1,1,1,1,1
2,1623,24,4,1,1,0.186923,3730,268,62,252,3,1,3,146370.4375,9586.834961,12,6,255,255,3652890333,443088487,311,45,1,0,908.063035,60.223773,1421929437,1421929437,15.511727,35.849602,0.054861,0.007664,0.047197,0,1,1.0,0.0,0,2,2,1,1,1,1,1,1
13,1624,12,4,1,1,1.0147,1580,10168,31,29,3,5,3,11424.06543,75718.92969,12,18,255,255,674667303,2825288925,132,565,1,3924,9531.198795,7675.069381,1421945745,1421945746,92.211634,59.658821,0.000615,0.000495,0.00012,0,0,1.0,0.0,0,1,3,4,1,1,1,1,0
2,8,15,6,42,2,9e-06,200,0,254,0,0,0,2,88888888.0,0.0,2,0,0,0,0,0,100,0,0,0,0.0,0.0,1424244372,1424244372,0.009,0.0,0.0,0.0,0.0,0,2,,,2,7,7,3,3,3,3,7,1
2,1625,6,4,1,1,1.157101,1652,268,254,252,3,1,3,10474.45313,1548.697998,12,6,255,255,1743935904,2655629624,138,45,1,0,6844.298425,397.358969,1424259544,1424259545,103.996729,221.944594,0.122474,0.047375,0.075099,0,1,1.0,,2,1,1,1,2,1,1,1,1
3,2,14,0,0,2,5e-06,114,0,254,0,0,0,0,91200000.0,0.0,2,0,0,0,0,0,57,0,0,0,0.0,0.0,1424246158,1424246158,0.005,0.0,0.0,0.0,0.0,0,2,,,2,46,46,38,38,38,22,47,1
2,2,3,0,0,2,9e-06,114,0,254,0,0,0,0,50666664.0,0.0,2,0,0,0,0,0,57,0,0,0,0.0,0.0,1424238897,1424238897,0.009,0.0,0.0,0.0,0.0,0,2,,,2,38,38,24,24,24,24,38,1
12,1626,0,4,1,1,1.16107,1580,10168,31,29,3,5,3,9983.894531,66173.44531,12,18,255,255,4049817936,1901271272,132,565,1,3924,10557.38236,8500.492795,1424248499,1424248500,105.516,68.269531,0.000604,0.000482,0.000122,0,0,1.0,,2,3,2,2,2,2,1,2,0
2,5,2,0,0,2,5e-06,114,0,254,0,0,0,0,91200000.0,0.0,2,0,0,0,0,0,57,0,0,0,0.0,0.0,1424254396,1424254396,0.005,0.0,0.0,0.0,0.0,0,2,,,2,18,18,18,19,18,18,18,1
9,8,15,6,3,2,6e-06,200,0,254,0,0,0,2,133333328.0,0.0,2,0,0,0,0,0,100,0,0,0,0.0,0.0,1424258892,1424258892,0.006,0.0,0.0,0.0,0.0,0,2,,,2,5,5,4,7,4,4,5,1
3,2,3,0,0,2,1e-06,114,0,254,0,0,0,0,456000000.0,0.0,2,0,0,0,0,0,57,0,0,0,0.0,0.0,1424230820,1424230820,0.001,0.0,0.0,0.0,0.0,0,2,,,2,34,34,25,26,25,25,34,1
14,1627,0,592,1,1,0.109241,4862,82278,31,29,7,36,2,351882.5313,5955419.5,84,86,255,255,3386072947,1263012715,58,957,0,0,0.0,77.664643,1421928458,1421928458,1.31206,1.279306,0.00062,0.000496,0.000124,0,0,0.0,0.0,0,10,11,10,6,1,1,2,0
3,5,14,0,0,2,1e-05,114,0,254,0,0,0,0,45600000.0,0.0,2,0,0,0,0,0,57,0,0,0,0.0,0.0,1424246582,1424246582,0.01,0.0,0.0,0.0,0.0,0,2,,,2,30,30,30,30,30,12,30,1
12,1628,12,8,1,1,1.400723,37258,3380,31,29,18,8,4,208703.6563,18847.41016,52,42,255,255,1680499713,1692930324,717,80,0,0,2284.322545,76.774375,1421950306,1421950308,27.457197,34.151488,0.000672,0.000507,0.000165,0,0,0.0,0.0,0,1,2,2,2,1,1,1,0
2,8,24,6,13,2,0.740019,2858,0,254,0,0,0,2,29188.43945,0.0,18,0,0,0,0,0,159,0,0,0,50.133012,0.0,1424235778,1424235779,43.530531,0.0,0.0,0.0,0.0,0,2,,,2,1,1,2,1,1,1,1,1
4,1629,4,593,1,1,0.022733,2438,20116,31,29,7,13,2,835437.5,6902389.0,38,40,255,255,2475487864,2493227313,64,503,0,0,0.0,44.646486,1421967727,1421967727,0.60573,0.584368,0.000663,0.000524,0.000139,0,0,0.0,0.0,0,6,6,2,9,1,1,1,0
4,1630,19,18,1,1,1.705938,7814,15228,31,29,30,32,2,36343.64063,70849.0,122,126,255,255,3277608818,1133779405,64,121,0,0,875.550665,862.679307,1421966551,1421966553,14.095587,13.6434,0.000643,0.000509,0.000134,0,0,0.0,0.0,0,4,3,3,3,1,1,1,0
19,5,21,0,0,2,4e-06,264,0,60,0,0,0,0,264000000.0,0.0,2,0,0,0,0,0,132,0,0,0,0.0,0.0,1424258956,1424258956,0.004,0.0,0.0,0.0,0.0,0,0,,,2,35,35,18,18,18,18,35,0
10,1631,19,0,0,0,0.001029,146,178,31,29,0,0,0,567541.3125,691933.875,2,2,0,0,0,0,73,89,0,0,0.0,0.0,1424243431,1424243431,0.009,0.006,0.0,0.0,0.0,0,0,,,2,1,3,3,4,1,1,1,0
4,1632,8,0,0,0,0.001014,130,162,31,29,0,0,0,512820.5,639053.25,2,2,0,0,0,0,65,81,0,0,0.0,0.0,1424222955,1424222955,0.007,0.001,0.0,0.0,0.0,0,0,,,2,5,2,3,1,1,1,3,0
2,2,3,0,0,2,9e-06,114,0,254,0,0,0,0,50666664.0,0.0,2,0,0,0,0,0,57,0,0,0,0.0,0.0,1424238819,1424238819,0.009,0.0,0.0,0.0,0.0,0,2,,,2,25,25,24,24,24,24,25,1
2,5,3,0,0,2,5e-06,114,0,254,0,0,0,0,91200000.0,0.0,2,0,0,0,0,0,57,0,0,0,0.0,0.0,1424237764,1424237764,0.005,0.0,0.0,0.0,0.0,0,2,,,2,37,37,21,20,20,20,37,1
3,8,11,6,51,2,9e-06,200,0,254,0,0,0,2,88888888.0,0.0,2,0,0,0,0,0,100,0,0,0,0.0,0.0,1424230268,1424230268,0.009,0.0,0.0,0.0,0.0,0,2,,,2,4,4,1,1,1,1,4,1
17,1633,18,0,0,0,0.001097,146,178,31,29,0,0,0,532361.0,649042.875,2,2,0,0,0,0,73,89,0,0,0.0,0.0,1421950941,1421950941,0.012,0.009,0.0,0.0,0.0,0,0,0.0,0.0,0,2,2,2,4,1,1,1,0
9,1634,2,47,1,1,1.12237,946,2500,62,252,7,8,7,6407.869141,16928.46289,20,20,255,255,3031385589,2571891323,47,125,0,0,2792.746785,64.874969,1424233392,1424233393,59.019158,56.454422,0.117344,0.049731,0.067613,0,1,,,2,1,1,1,1,1,1,1,1
2,1635,6,4,1,1,1.467996,10306,354,254,252,5,1,3,52654.09375,1689.37793,16,8,255,255,2019905772,3503693072,644,44,1,0,9088.049348,272.674656,1424238294,1424238296,95.252401,198.874719,0.15217,0.075869,0.076301,0,1,1.0,,2,1,1,1,2,1,1,1,1
8,1636,4,4,1,1,1.006787,1580,10168,31,29,3,5,2,11513.85645,76314.0625,12,18,255,255,1296559208,3447149425,132,565,2,192,9531.37785,7675.324258,1421945066,1421945067,91.494092,59.189527,0.000833,0.000561,0.000272,0,0,6.0,0.0,0,14,7,4,2,2,2,2,0
4,1637,10,0,0,0,0.001063,146,178,31,29,0,0,0,549388.5625,669802.5,2,2,0,0,0,0,73,89,0,0,0.0,0.0,1421939628,1421939628,0.014,0.009,0.0,0.0,0.0,0,0,0.0,0.0,0,3,1,5,3,1,1,1,0
6,1638,9,10,1,1,1.14935,564,354,254,252,2,1,2,3535.911377,2157.741211,10,8,255,255,739953431,3050115165,56,44,0,0,7931.517162,203.155438,1424251966,1424251967,122.01,151.082,0.189679,0.091775,0.097904,0,1,,,2,2,1,1,2,1,1,1,1
2,1639,17,33,1,1,0.713147,5514,718,254,252,4,2,2,57446.78125,7056.048828,14,8,255,255,506591778,3269124408,394,90,0,0,3250.399245,123.221391,1424233449,1424233449,53.110077,94.982,0.091432,0.048267,0.043165,0,1,,,2,2,2,1,1,1,1,2,1
3,5,14,0,0,2,1e-06,114,0,254,0,0,0,0,456000000.0,0.0,2,0,0,0,0,0,57,0,0,0,0.0,0.0,1424245261,1424245261,0.001,0.0,0.0,0.0,0.0,0,2,,,2,17,17,17,17,17,17,17,1
9,1640,11,8,1,1,0.959347,31416,1882,62,252,17,8,4,255432.0781,14985.19336,40,22,255,255,119978831,1354637230,785,86,0,0,1669.302063,52.489406,1424236148,1424236149,24.598641,44.011145,0.063945,0.034587,0.029358,0,1,,,2,1,2,1,1,1,1,1,1
3,2,3,0,0,2,9e-06,114,0,254,0,0,0,0,50666664.0,0.0,2,0,0,0,0,0,57,0,0,0,0.0,0.0,1424233796,1424233796,0.009,0.0,0.0,0.0,0.0,0,2,,,2,26,26,25,25,25,25,26,1
6,2,6,0,0,2,9e-06,114,0,254,0,0,0,0,50666664.0,0.0,2,0,0,0,0,0,57,0,0,0,0.0,0.0,1424259349,1424259349,0.009,0.0,0.0,0.0,0.0,0,2,,,2,22,22,18,18,17,17,22,1
6,1641,9,4,1,1,2.479281,269198,1558,254,252,102,1,3,864499.0625,4888.51416,210,36,255,255,3174360055,1548465990,1282,43,1,0,1305.961192,79.844141,1424249029,1424249031,11.717675,69.222828,0.106506,0.056474,0.050032,0,1,1.0,,2,1,1,1,1,1,1,1,1
2,2,2,0,0,2,8e-06,114,0,254,0,0,0,0,57000000.0,0.0,2,0,0,0,0,0,57,0,0,0,0.0,0.0,1424253322,1424253322,0.008,0.0,0.0,0.0,0.0,0,2,,,2,26,26,11,13,11,11,26,1
2,1642,3,26,1,1,0.93193,26280,728,254,252,13,3,2,218548.6094,5803.010742,32,14,255,255,325575373,3338032126,821,52,0,0,2527.800666,90.680859,1424257994,1424257995,29.379324,66.576383,0.12543,0.066429,0.059001,0,1,,,2,3,2,1,1,1,1,2,0
0,1643,10,4,1,1,1.427081,1684,10168,31,29,3,5,2,8767.546875,53838.57031,14,18,255,255,2628817765,480258664,120,565,0,0,11025.39849,9649.659689,1421934158,1421934160,109.748,83.915412,0.000679,0.000511,0.000168,0,0,0.0,0.0,0,10,14,4,3,1,1,1,0
13,1644,19,594,1,1,0.008182,3984,2456,31,29,7,7,2,3679295.75,2268394.0,18,18,255,255,1884411342,4038052552,221,136,0,0,24.079308,0.677288,1424226430,1424226430,0.462412,0.452882,0.001597,0.00048,0.001117,0,0,,,2,6,5,3,2,1,1,4,0
3,8,11,6,3,2,1e-06,200,0,254,0,0,0,2,800000000.0,0.0,2,0,0,0,0,0,100,0,0,0,0.0,0.0,1424230334,1424230334,0.001,0.0,0.0,0.0,0.0,0,2,,,2,4,4,1,1,1,1,4,1
3,2,14,0,0,2,8e-06,114,0,254,0,0,0,0,57000000.0,0.0,2,0,0,0,0,0,57,0,0,0,0.0,0.0,1424246204,1424246204,0.008,0.0,0.0,0.0,0.0,0,2,,,2,21,21,17,17,17,17,21,1
3,5,14,0,0,2,9e-06,114,0,254,0,0,0,0,50666664.0,0.0,2,0,0,0,0,0,57,0,0,0,0.0,0.0,1424245981,1424245981,0.009,0.0,0.0,0.0,0.0,0,2,,,2,21,21,20,20,20,9,21,1
8,1645,13,595,1,1,0.058008,4342,59594,31,29,7,30,2,590815.0625,8107709.0,74,74,255,255,2369151388,2369446433,59,805,0,0,50.437861,1.364344,1421937515,1421937515,0.788315,0.786877,0.000709,0.000565,0.000144,0,0,0.0,0.0,0,9,7,1,2,1,1,1,0
6,5,6,0,0,2,7e-06,114,0,254,0,0,0,0,65142856.0,0.0,2,0,0,0,0,0,57,0,0,0,0.0,0.0,1424260795,1424260795,0.007,0.0,0.0,0.0,0.0,0,2,,,2,37,37,29,29,29,14,37,1
0,1646,0,9,1,1,0.005993,2158,2464,31,29,6,6,2,2761888.75,3153011.75,24,24,255,255,385792713,2535693487,90,103,0,0,15.149759,0.326604,1421931764,1421931764,0.244261,0.234696,0.000742,0.000585,0.000157,0,0,0.0,0.0,0,3,5,3,1,1,1,1,0
8,1647,8,18,1,1,1.785931,7820,15662,31,29,30,32,2,34742.66406,69601.79688,122,126,255,255,1820657673,3998232394,64,124,0,0,1007.704488,992.059158,1421948699,1421948701,14.756644,14.282912,0.000738,0.000563,0.000175,0,0,0.0,0.0,0,7,8,6,3,2,2,2,0
1,1648,1,596,1,1,0.006039,3880,2456,31,29,7,7,2,4855108.5,3073356.5,18,18,255,255,3374229133,1232065321,216,136,0,0,17.998347,0.456601,1421972378,1421972378,0.333647,0.323471,0.000813,0.000533,0.00028,0,0,0.0,0.0,0,4,10,5,4,1,1,3,0
17,1649,10,597,1,1,0.379055,5072,3080,31,29,7,7,2,103225.125,62851.03906,28,30,255,255,905185789,908315990,181,103,0,0,834.881796,21.69559,1421934367,1421934367,14.02763,13.052862,0.000656,0.000513,0.000143,0,0,0.0,0.0,0,10,12,6,3,1,1,3,0
3,2,3,0,0,2,9e-06,114,0,254,0,0,0,0,50666664.0,0.0,2,0,0,0,0,0,57,0,0,0,0.0,0.0,1424231855,1424231855,0.009,0.0,0.0,0.0,0.0,0,2,,,2,50,50,43,43,43,25,50,1
0,699,12,0,0,0,0.000953,130,162,31,29,0,0,0,545645.3125,679958.0625,2,2,0,0,0,0,65,81,0,0,0.0,0.0,1424235365,1424235365,0.002,0.003,0.0,0.0,0.0,0,0,,,2,3,2,1,4,1,1,1,0
0,1543,10,598,1,1,0.003163,320,1948,31,29,1,2,5,675308.25,4312361.5,6,8,255,255,1436690413,1440550060,53,244,0,0,30.424858,0.616882,1421961509,1421961509,0.5678,0.373714,0.000849,0.000543,0.000306,0,0,0.0,0.0,0,3,3,6,5,1,1,4,0
2,5,3,0,0,2,9e-06,114,0,254,0,0,0,0,50666664.0,0.0,2,0,0,0,0,0,57,0,0,0,0.0,0.0,1424239057,1424239057,0.009,0.0,0.0,0.0,0.0,0,2,,,2,35,35,20,20,20,20,35,1
16,5,21,0,0,2,9e-06,264,0,60,0,0,0,0,117333328.0,0.0,2,0,0,0,0,0,132,0,0,0,0.0,0.0,1424223675,1424223675,0.009,0.0,0.0,0.0,0.0,0,0,,,2,19,19,16,16,16,8,19,0
17,1650,4,4,1,1,1.00695,1580,10168,31,29,3,5,2,11511.99121,76301.70313,12,18,255,255,3003541283,3004593064,132,565,0,0,9530.003793,7674.708493,1421933375,1421933376,91.506179,59.19947,0.000708,0.000554,0.000154,0,0,0.0,0.0,0,10,3,2,3,1,1,1,0
10,1651,0,599,1,1,0.031946,2230,13586,31,29,7,11,2,542164.9375,3307832.0,34,36,255,255,1173480263,3350368257,66,377,0,0,61.48951,60.027116,1424241547,1424241547,0.958606,0.899114,0.000596,0.000474,0.000122,0,0,,,2,6,7,3,4,1,1,1,0
8,1652,4,7,1,1,10.726712,24328,1094788,31,29,38,390,2,18102.09766,815543.8125,432,858,255,255,1465218046,1472420649,56,1276,0,0,10188.97931,7223.000293,1424233172,1424233183,24.945104,12.514823,0.001683,0.001504,0.000179,0,0,,,2,4,6,4,2,1,1,2,0
6,8,17,6,30,2,3e-06,200,0,254,0,0,0,2,266666656.0,0.0,2,0,0,0,0,0,100,0,0,0,0.0,0.0,1424223240,1424223240,0.003,0.0,0.0,0.0,0.0,0,2,,,2,4,4,2,2,2,2,4,1
2,2,3,0,0,2,9e-06,114,0,254,0,0,0,0,50666664.0,0.0,2,0,0,0,0,0,57,0,0,0,0.0,0.0,1424238587,1424238587,0.009,0.0,0.0,0.0,0.0,0,2,,,2,43,43,23,23,23,23,43,1
8,1653,1,0,0,0,0.001017,130,162,31,29,0,0,0,511307.7813,637168.1875,2,2,0,0,0,0,65,81,0,0,0.0,0.0,1421947595,1421947595,0.011,0.003,0.0,0.0,0.0,0,0,0.0,0.0,0,2,4,1,5,1,1,1,0
10,1654,18,600,0,0,0.001817,528,304,31,29,0,0,2,1743533.375,1003852.5,4,4,0,0,0,0,132,76,0,0,0.64936,0.331401,1421934744,1421934744,0.464667,0.240333,0.0,0.0,0.0,0,0,0.0,0.0,0,11,17,5,6,1,1,4,0
3,5,3,0,0,2,9e-06,114,0,254,0,0,0,0,50666664.0,0.0,2,0,0,0,0,0,57,0,0,0,0.0,0.0,1424231468,1424231468,0.009,0.0,0.0,0.0,0.0,0,2,,,2,18,18,18,19,18,18,18,1
1,1655,0,601,1,1,0.705591,4632,3080,31,29,7,7,2,50646.90234,33764.60156,28,30,255,255,3748668965,3924334210,165,103,0,0,1568.335695,41.129039,1421966960,1421966961,26.120778,24.313068,0.000632,0.000508,0.000124,0,0,0.0,0.0,0,3,2,1,4,1,1,1,0
10,1656,20,602,0,0,0.001739,536,304,31,29,0,0,2,1849338.75,1048878.625,4,4,0,0,0,0,134,76,0,0,0.627911,0.316555,1424244676,1424244676,0.449,0.228333,0.0,0.0,0.0,0,0,,,2,1,2,2,1,1,1,1,0
17,1657,0,603,1,1,2.368557,8928,320,31,29,4,1,5,28003.54883,901.814941,14,6,255,255,1989038200,1095675667,638,53,0,0,16799.28384,715.425375,1421971336,1421971339,182.196691,473.587812,0.000638,0.000487,0.000151,0,0,0.0,0.0,0,1,1,4,1,1,1,1,0
3,5,3,0,0,2,6e-06,114,0,254,0,0,0,0,76000000.0,0.0,2,0,0,0,0,0,57,0,0,0,0.0,0.0,1424232174,1424232174,0.006,0.0,0.0,0.0,0.0,0,2,,,2,20,20,19,18,18,18,20,1
9,1202,3,604,1,1,0.793964,13030,354,254,252,6,1,2,124005.6172,3123.567139,18,8,255,255,2041087053,851443078,724,44,0,0,3323.543215,220.654109,1424255735,1424255735,46.703763,103.51743,0.170663,0.068702,0.101961,0,1,,,2,3,1,1,3,1,1,1,1
6,2,6,0,0,2,3e-06,114,0,254,0,0,0,0,152000000.0,0.0,2,0,0,0,0,0,57,0,0,0,0.0,0.0,1424260105,1424260105,0.003,0.0,0.0,0.0,0.0,0,2,,,2,29,29,13,13,13,13,29,1
17,1658,20,0,0,0,0.001014,146,178,31,29,0,0,0,575936.875,702169.625,2,2,0,0,0,0,73,89,0,0,0.0,0.0,1421968222,1421968222,0.008,0.001,0.0,0.0,0.0,0,0,0.0,0.0,0,1,3,2,4,1,1,1,0
4,1659,10,4,1,1,1.059602,1580,10168,31,29,3,5,3,10939.95606,72510.24219,12,18,255,255,269637095,270698216,132,565,1,3924,9545.341736,7685.609242,1424235779,1424235780,96.296452,62.298355,0.000664,0.000527,0.000137,0,0,1.0,,2,2,1,1,2,2,1,1,0
9,1660,3,10,1,1,0.986979,564,354,254,252,2,1,2,4117.615234,2512.718018,10,8,255,255,3547604156,3602515962,56,44,0,0,7826.970832,185.539719,1424252531,1424252532,105.420667,134.301141,0.106704,0.046867,0.059837,0,1,,,2,4,1,1,2,1,1,1,1
11,1661,19,7,1,1,7.493164,25368,1094788,31,29,38,390,2,27024.09766,1167478.0,452,858,255,255,408688590,2560226945,56,1276,0,0,6107.039996,4431.333638,1421944982,1421944989,16.613794,8.742923,0.000621,0.000475,0.000146,0,0,0.0,0.0,0,10,8,1,4,1,1,1,0
3,2,3,0,0,2,2e-06,114,0,254,0,0,0,0,228000000.0,0.0,2,0,0,0,0,0,57,0,0,0,0.0,0.0,1424233629,1424233629,0.002,0.0,0.0,0.0,0.0,0,2,,,2,30,30,30,30,30,20,31,1
6,5,9,0,0,2,8e-06,114,0,254,0,0,0,0,57000000.0,0.0,2,0,0,0,0,0,57,0,0,0,0.0,0.0,1424225164,1424225164,0.008,0.0,0.0,0.0,0.0,0,2,,,2,24,24,7,7,7,5,24,1
11,1662,10,605,1,1,0.050977,5174,87114,31,29,7,39,2,803028.8125,13522648.0,90,92,255,255,1640633815,1651102909,57,947,0,0,0.0,32.805567,1424240377,1424240377,0.568787,0.554681,0.00062,0.000497,0.000123,0,0,,,2,4,2,2,4,1,1,1,0
3,1663,14,4,1,1,1.250485,68197,698,254,252,27,1,2,429023.9688,4190.374512,60,16,255,255,727614662,2370271537,1137,44,1,0,2356.240059,96.381195,1424260211,1424260212,21.178661,79.829797,0.119835,0.053031,0.066804,0,1,1.0,,2,1,1,1,1,1,1,1,1
1,1664,8,606,1,1,0.091685,3390,44906,31,29,7,22,2,290560.0938,3850750.0,56,58,255,255,1887849221,1939955785,61,774,0,0,0.0,87.612272,1421968879,1421968879,1.661164,1.597842,0.000745,0.000604,0.000141,0,0,0.0,0.0,0,2,4,6,2,1,1,1,0
1,1665,8,607,1,1,0.01489,2750,27850,31,29,7,16,2,1444190.75,14638012.0,44,46,255,255,3873206564,1738905361,63,605,0,0,20.236349,19.413515,1424258366,1424258367,0.33914,0.326182,0.000659,0.000535,0.000124,0,0,,,2,5,5,2,1,1,1,1,0
3,1666,16,608,0,2,3e-06,132,0,254,0,0,0,2,176000000.0,0.0,2,0,0,0,0,0,66,0,0,0,0.0,0.0,1424235745,1424235745,0.003,0.0,0.0,0.0,0.0,0,2,,,2,2,2,1,1,1,1,2,1
4,1667,4,609,1,1,0.069637,5486,92746,31,29,7,42,2,623691.4375,10546118.0,96,98,255,255,3755018639,3778852600,57,946,0,0,0.0,42.193974,1421935341,1421935342,0.728926,0.716854,0.000935,0.000815,0.00012,0,0,0.0,0.0,0,9,5,3,1,1,1,1,0
2,2,3,0,0,2,4e-06,114,0,254,0,0,0,0,114000000.0,0.0,2,0,0,0,0,0,57,0,0,0,0.0,0.0,1424239611,1424239611,0.004,0.0,0.0,0.0,0.0,0,2,,,2,34,34,20,21,20,20,34,1
2,1668,17,10,1,1,1.52027,564,354,254,252,2,1,2,2673.209473,1631.289185,10,8,255,255,851708700,816595131,56,44,0,0,11104.39962,308.150375,1424251655,1424251656,168.903889,205.619859,0.167218,0.080921,0.086297,0,1,,,2,1,1,1,21,1,1,1,1
17,1669,19,610,1,1,0.015972,2766,28892,31,29,7,16,2,1354370.125,14156775.0,44,46,255,255,1419464523,3569330890,63,628,0,0,21.08742,20.226893,1424234103,1424234103,0.372714,0.350341,0.000673,0.000547,0.000126,0,0,,,2,6,8,2,2,1,1,1,0
3,1670,11,33,1,1,0.652541,2030,740,254,252,3,2,2,22815.42578,7944.328613,12,8,255,255,3367197480,3138701407,169,93,0,0,2767.899695,107.387852,1424226682,1424226682,55.563819,82.670289,0.155549,0.07384,0.081709,0,1,,,2,8,8,2,2,2,1,8,1
2,5,3,0,0,2,6e-06,114,0,254,0,0,0,0,76000000.0,0.0,2,0,0,0,0,0,57,0,0,0,0.0,0.0,1424240407,1424240407,0.006,0.0,0.0,0.0,0.0,0,2,,,2,36,36,20,20,20,20,36,1
8,1671,1,0,0,0,0.000987,146,178,31,29,0,0,0,591692.0,721377.9375,2,2,0,0,0,0,73,89,0,0,0.0,0.0,1424221722,1424221722,0.009,0.007,0.0,0.0,0.0,0,0,,,2,3,4,4,4,1,1,4,0
11,1672,4,611,1,1,0.023781,2542,23508,31,29,7,14,2,833943.0625,7720113.0,40,42,255,255,398828435,2570186588,64,560,0,0,37.936361,35.956356,1421929691,1421929692,0.601667,0.581325,0.001163,0.000524,0.000639,0,0,0.0,0.0,0,12,2,4,3,1,1,1,0
3,2,3,0,0,2,3e-06,114,0,254,0,0,0,0,152000000.0,0.0,2,0,0,0,0,0,57,0,0,0,0.0,0.0,1424232171,1424232171,0.003,0.0,0.0,0.0,0.0,0,2,,,2,26,26,26,26,25,25,27,1
3,1673,6,12,0,2,1.3e-05,1064,0,254,0,0,0,2,327384608.0,0.0,2,0,0,0,0,0,532,0,0,0,0.0,0.0,1421933517,1421933517,0.013,0.0,0.0,0.0,0.0,0,2,0.0,0.0,0,3,4,2,1,1,1,1,1
8,1674,19,0,0,0,0.001055,146,178,31,29,0,0,0,553554.5,674881.5,2,2,0,0,0,0,73,89,0,0,0.0,0.0,1421931772,1421931772,0.01,0.002,0.0,0.0,0.0,0,0,0.0,0.0,0,3,3,4,1,1,1,1,0
4,1675,19,0,0,0,0.001052,146,178,31,29,0,0,0,555133.0625,676806.125,2,2,0,0,0,0,73,89,0,0,0.0,0.0,1421958527,1421958527,0.01,0.01,0.0,0.0,0.0,0,0,0.0,0.0,0,4,3,1,2,2,1,1,0
2,5,2,0,0,2,4e-06,114,0,254,0,0,0,0,114000000.0,0.0,2,0,0,0,0,0,57,0,0,0,0.0,0.0,1424253364,1424253364,0.004,0.0,0.0,0.0,0.0,0,2,,,2,20,20,5,5,5,4,20,1
5,2,5,0,0,2,9e-06,264,0,60,0,0,0,0,117333328.0,0.0,2,0,0,0,0,0,132,0,0,0,0.0,0.0,1424239140,1424239140,0.009,0.0,0.0,0.0,0.0,0,0,,,2,23,23,10,10,10,10,23,0
15,2,5,0,0,2,7e-06,264,0,60,0,0,0,0,150857136.0,0.0,2,0,0,0,0,0,132,0,0,0,0.0,0.0,1424252336,1424252336,0.007,0.0,0.0,0.0,0.0,0,0,,,2,25,25,16,16,16,16,25,0
3,1676,6,612,1,1,1.420854,364,3754,62,252,1,3,5,1796.102905,19025.17773,8,10,255,255,1094520920,1193540216,46,375,0,0,13985.95156,10821.69264,1424248998,1424249000,202.82129,150.017,0.168545,0.0707,0.097845,0,1,,,2,1,1,2,3,1,1,2,1
3,2,3,0,0,2,1e-06,114,0,254,0,0,0,0,456000000.0,0.0,2,0,0,0,0,0,57,0,0,0,0.0,0.0,1424230456,1424230456,0.001,0.0,0.0,0.0,0.0,0,2,,,2,49,49,42,42,42,24,49,1
17,1677,13,8,1,1,0.050941,37198,3380,31,29,18,8,4,5729451.5,518246.5938,52,42,255,255,1008606778,1009723011,715,80,0,0,60.061455,2.584225,1421960287,1421960287,0.991431,1.228439,0.000706,0.00057,0.000136,0,0,0.0,0.0,0,2,3,4,3,1,1,1,0
0,1678,1,7,1,1,0.013164,1540,1644,31,29,4,4,2,877544.8125,943786.125,16,18,255,255,3836467447,3838510752,96,91,0,0,58.659221,1.355964,1424261992,1424261992,0.856133,0.743294,0.000653,0.000523,0.00013,0,0,,,2,13,9,8,8,6,1,10,0
2,8,6,6,73,2,3e-06,200,0,254,0,0,0,2,266666656.0,0.0,2,0,0,0,0,0,100,0,0,0,0.0,0.0,1424237340,1424237340,0.003,0.0,0.0,0.0,0.0,0,2,,,2,5,5,2,2,2,2,5,1
3,1679,3,9,1,1,4.600012,3296,15285,62,252,7,14,2,5513.029297,25752.97656,26,32,255,255,4028981739,3339866980,127,478,0,0,12513.76787,12283.01145,1421931830,1421931834,184.00048,145.154833,0.075105,0.046727,0.028378,0,1,0.0,0.0,0,14,4,11,6,4,1,4,1
3,5,3,0,0,2,9e-06,114,0,254,0,0,0,0,50666664.0,0.0,2,0,0,0,0,0,57,0,0,0,0.0,0.0,1424230533,1424230533,0.009,0.0,0.0,0.0,0.0,0,2,,,2,39,39,39,40,39,16,39,1
13,1680,0,0,0,0,0.001025,146,178,31,29,0,0,0,569756.125,694634.125,2,2,0,0,0,0,73,89,0,0,0.0,0.0,1424261341,1424261341,0.009,0.002,0.0,0.0,0.0,0,0,,,2,4,3,5,3,1,1,5,0
2,2,3,0,0,2,4e-06,114,0,254,0,0,0,0,114000000.0,0.0,2,0,0,0,0,0,57,0,0,0,0.0,0.0,1424237629,1424237629,0.004,0.0,0.0,0.0,0.0,0,2,,,2,34,34,24,24,24,24,34,1
3,1681,17,64,0,2,1e-05,212,0,254,0,0,0,2,84800000.0,0.0,2,0,0,0,0,0,106,0,0,0,0.0,0.0,1421932378,1421932378,0.01,0.0,0.0,0.0,0.0,0,2,0.0,0.0,0,18,17,7,7,7,1,7,1
12,1682,20,613,1,1,0.028847,4014,59460,31,29,7,28,2,1096821.125,16254307.0,68,70,255,255,1901054891,4056310179,59,849,0,0,22.628262,22.204695,1424220223,1424220223,0.432258,0.416206,0.000682,0.00054,0.000142,0,0,,,2,3,3,3,2,1,1,2,0
13,1683,4,614,1,1,0.176869,4238,60964,31,29,7,30,2,189066.4844,2720250.5,72,74,255,255,3610719703,3773723688,59,824,0,0,130.363184,129.798429,1421964673,1421964673,2.48607,2.416041,0.000618,0.000491,0.000127,0,0,0.0,0.0,0,8,4,2,6,1,1,2,0
6,2,9,0,0,2,7e-06,114,0,254,0,0,0,0,65142856.0,0.0,2,0,0,0,0,0,57,0,0,0,0.0,0.0,1424223592,1424223592,0.007,0.0,0.0,0.0,0.0,0,2,,,2,19,19,8,10,8,8,19,1
0,1684,1,10,0,0,0.004899,568,312,31,29,0,0,2,695652.1875,382118.8125,4,4,0,0,0,0,142,78,0,0,1.743257,1.601362,1421946772,1421946772,1.239667,1.138333,0.0,0.0,0.0,0,0,0.0,0.0,0,8,5,4,3,1,1,3,0
3,2,14,0,0,2,7e-06,114,0,254,0,0,0,0,65142856.0,0.0,2,0,0,0,0,0,57,0,0,0,0.0,0.0,1424247524,1424247524,0.007,0.0,0.0,0.0,0.0,0,2,,,2,22,22,22,22,22,22,22,1
2,5,3,0,0,2,8e-06,114,0,254,0,0,0,0,57000000.0,0.0,2,0,0,0,0,0,57,0,0,0,0.0,0.0,1424238970,1424238970,0.008,0.0,0.0,0.0,0.0,0,2,,,2,44,44,44,44,44,20,44,1
3,2,3,0,0,2,4e-06,114,0,254,0,0,0,0,114000000.0,0.0,2,0,0,0,0,0,57,0,0,0,0.0,0.0,1424231853,1424231853,0.004,0.0,0.0,0.0,0.0,0,2,,,2,38,38,38,38,38,25,38,1
2,2,3,0,0,2,2e-06,114,0,254,0,0,0,0,228000000.0,0.0,2,0,0,0,0,0,57,0,0,0,0.0,0.0,1421931453,1421931453,0.002,0.0,0.0,0.0,0.0,0,2,0.0,0.0,0,1,1,1,1,1,1,1,1
2,1685,2,10,1,1,1.358307,564,354,254,252,2,1,2,2991.959717,1825.802246,10,8,255,255,3297254799,1479123329,56,44,0,0,8529.357419,270.184375,1424234684,1424234686,150.923,181.169,0.206554,0.08945,0.117104,0,1,,,2,3,4,1,1,1,1,1,1
3,5,3,0,0,2,1e-05,114,0,254,0,0,0,0,45600000.0,0.0,2,0,0,0,0,0,57,0,0,0,0.0,0.0,1424231913,1424231913,0.01,0.0,0.0,0.0,0.0,0,2,,,2,42,42,26,26,26,11,43,1
10,1686,19,0,0,0,0.001075,146,178,31,29,0,0,0,543255.8125,662325.5625,2,2,0,0,0,0,73,89,0,0,0.0,0.0,1421953406,1421953406,0.012,0.008,0.0,0.0,0.0,0,0,0.0,0.0,0,1,7,7,4,1,1,1,0
6,2,9,0,0,2,4e-06,114,0,254,0,0,0,0,114000000.0,0.0,2,0,0,0,0,0,57,0,0,0,0.0,0.0,1424226035,1424226035,0.004,0.0,0.0,0.0,0.0,0,2,,,2,8,8,9,8,8,8,8,1
2,5,2,0,0,2,9e-06,114,0,254,0,0,0,0,50666664.0,0.0,2,0,0,0,0,0,57,0,0,0,0.0,0.0,1424253868,1424253868,0.009,0.0,0.0,0.0,0.0,0,2,,,2,30,30,18,19,18,18,30,1
6,5,6,0,0,2,5e-06,114,0,254,0,0,0,0,91200000.0,0.0,2,0,0,0,0,0,57,0,0,0,0.0,0.0,1424260250,1424260250,0.005,0.0,0.0,0.0,0.0,0,2,,,2,16,16,16,16,16,16,16,1
2,1687,14,1,1,1,1.765621,1716,682,254,252,4,4,1,7222.388184,2836.395996,14,12,255,255,913407819,307636160,123,57,0,0,7904.613756,214.857687,1421928034,1421928036,131.655149,151.725453,0.193352,0.096637,0.096715,0,1,0.0,0.0,0,2,2,1,1,1,1,1,1
17,1688,8,7,1,1,4.562103,12380,547978,31,29,20,196,2,21609.33398,958708.75,214,434,255,255,403014964,2594884159,58,1263,0,0,7926.527249,5512.845179,1421967817,1421967822,21.416793,10.534816,0.000655,0.000527,0.000128,0,0,0.0,0.0,0,2,3,8,5,1,1,3,0
0,1689,1,0,0,0,0.001111,146,178,31,29,0,0,0,525652.5625,640864.125,2,2,0,0,0,0,73,89,0,0,0.0,0.0,1421957257,1421957257,0.011,0.005,0.0,0.0,0.0,0,0,0.0,0.0,0,1,4,2,1,1,1,1,0
3,5,3,0,0,2,5e-06,114,0,254,0,0,0,0,91200000.0,0.0,2,0,0,0,0,0,57,0,0,0,0.0,0.0,1424230474,1424230474,0.005,0.0,0.0,0.0,0.0,0,2,,,2,47,47,34,34,34,10,47,1
3,5,3,0,0,2,9e-06,114,0,254,0,0,0,0,50666664.0,0.0,2,0,0,0,0,0,57,0,0,0,0.0,0.0,1424233792,1424233792,0.009,0.0,0.0,0.0,0.0,0,2,,,2,43,43,43,44,43,18,43,1
17,1690,4,615,1,1,0.014823,2438,19422,31,29,7,13,2,1281252.125,10220333.0,38,40,255,255,3744488826,1595198121,64,486,0,0,25.639357,24.461704,1424258277,1424258277,0.39227,0.365026,0.000728,0.000578,0.00015,0,0,,,2,5,1,2,2,1,1,2,0
11,1691,10,616,1,1,0.414321,4400,3080,31,29,7,7,2,81926.8125,57501.30859,28,30,255,255,1501622324,1573642081,157,103,0,0,860.398677,21.952502,1421972440,1421972440,15.332777,14.267241,0.000695,0.000567,0.000128,0,0,0.0,0.0,0,11,7,10,5,1,1,3,0
3,5,3,0,0,2,1e-06,114,0,254,0,0,0,0,456000000.0,0.0,2,0,0,0,0,0,57,0,0,0,0.0,0.0,1424233557,1424233557,0.001,0.0,0.0,0.0,0.0,0,2,,,2,42,42,17,17,17,17,43,1
4,1692,18,617,1,1,0.015649,2766,26496,31,29,7,16,2,1382324.75,13250687.0,44,46,255,255,2385430083,2385736613,63,576,0,0,20.269441,19.025018,1424256839,1424256839,0.356372,0.341841,0.000726,0.000599,0.000127,0,0,,,2,5,12,7,4,1,1,1,0
3,2,14,0,0,2,6e-06,114,0,254,0,0,0,0,76000000.0,0.0,2,0,0,0,0,0,57,0,0,0,0.0,0.0,1424247225,1424247225,0.006,0.0,0.0,0.0,0.0,0,2,,,2,22,22,22,22,22,22,22,1
9,1693,14,4,1,1,0.394797,1084,71567,62,252,2,28,3,20608.05859,1426049.375,16,60,255,255,59963454,3997217859,68,1193,1,34304,1291.544965,821.095941,1424226599,1424226599,26.319801,6.49983,0.052316,0.006555,0.045761,0,1,1.0,,2,1,1,1,1,1,1,1,1
14,1694,4,618,1,1,0.444853,4752,3080,31,29,7,7,2,82418.23438,53554.76953,28,30,255,255,612249353,615521158,170,103,0,0,892.646068,22.393604,1421935912,1421935913,16.463999,15.323793,0.000599,0.000459,0.00014,0,0,0.0,0.0,0,8,6,6,1,1,1,1,0
9,1695,9,14,0,2,6e-06,1404,0,254,0,0,0,2,935999936.0,0.0,2,0,0,0,0,0,702,0,0,0,0.0,0.0,1424250061,1424250061,0.006,0.0,0.0,0.0,0.0,0,2,,,2,1,1,1,1,1,1,1,1
2,5,3,0,0,2,3e-06,114,0,254,0,0,0,0,152000000.0,0.0,2,0,0,0,0,0,57,0,0,0,0.0,0.0,1421933769,1421933769,0.003,0.0,0.0,0.0,0.0,0,2,0.0,0.0,0,7,7,4,4,4,4,4,1
2,2,2,0,0,2,4e-06,114,0,254,0,0,0,0,114000000.0,0.0,2,0,0,0,0,0,57,0,0,0,0.0,0.0,1424254633,1424254633,0.004,0.0,0.0,0.0,0.0,0,2,,,2,24,24,24,26,24,13,24,1
3,8,6,6,13,2,3.231846,5248,0,254,0,0,0,2,12832.29395,0.0,82,0,0,0,0,0,64,0,0,0,67.509523,0.0,1424245678,1424245681,39.899332,0.0,0.0,0.0,0.0,0,2,,,2,1,1,1,24,1,1,1,1
11,1696,1,0,0,0,0.001047,146,178,31,29,0,0,0,557784.125,680038.1875,2,2,0,0,0,0,73,89,0,0,0.0,0.0,1421957851,1421957851,0.003,0.008,0.0,0.0,0.0,0,0,0.0,0.0,0,2,3,2,1,1,1,1,0
11,1697,13,0,0,0,0.000912,146,178,31,29,0,0,0,640350.875,780701.75,2,2,0,0,0,0,73,89,0,0,0.0,0.0,1424232811,1424232811,0.002,0.002,0.0,0.0,0.0,0,0,,,2,1,1,2,2,1,1,1,0
12,1698,8,4,1,1,1.096917,1684,10168,31,29,3,4,3,11406.51465,70043.58594,14,18,255,255,2238712523,90112001,120,565,1,3924,8802.715982,7708.36572,1421970798,1421970799,84.352079,64.470469,0.001056,0.000915,0.000141,0,0,1.0,0.0,0,3,2,2,3,1,1,1,0
3,5,14,0,0,2,9e-06,114,0,254,0,0,0,0,50666664.0,0.0,2,0,0,0,0,0,57,0,0,0,0.0,0.0,1424244652,1424244652,0.009,0.0,0.0,0.0,0.0,0,2,,,2,36,36,23,23,23,15,36,1
14,1699,18,619,1,1,0.136987,4550,72408,31,29,7,33,2,262331.4688,4175754.0,78,80,255,255,260765352,272461399,58,905,0,0,94.187476,92.878572,1421971156,1421971156,1.774273,1.727101,0.00068,0.000545,0.000135,0,0,0.0,0.0,0,7,5,5,4,1,1,1,0
14,1700,10,10,0,0,0.00441,568,312,31,29,0,0,2,772789.125,424489.7813,4,4,0,0,0,0,142,78,0,0,1.656753,1.381451,1421953132,1421953132,1.178,0.984333,0.0,0.0,0.0,0,0,0.0,0.0,0,9,8,6,5,1,1,3,0
17,1701,0,0,0,0,0.001085,146,178,31,29,0,0,0,538248.875,656221.1875,2,2,0,0,0,0,73,89,0,0,0.0,0.0,1421958932,1421958932,0.011,0.009,0.0,0.0,0.0,0,0,0.0,0.0,0,4,3,2,5,1,1,1,0
12,1702,18,0,0,0,0.001029,146,178,31,29,0,0,0,567541.3125,691933.875,2,2,0,0,0,0,73,89,0,0,0.0,0.0,1424226925,1424226925,0.009,0.007,0.0,0.0,0.0,0,0,,,2,2,2,2,1,1,1,3,0
3,2,14,0,0,2,3e-06,114,0,254,0,0,0,0,152000000.0,0.0,2,0,0,0,0,0,57,0,0,0,0.0,0.0,1424246265,1424246265,0.003,0.0,0.0,0.0,0.0,0,2,,,2,23,23,23,23,23,12,23,1
3,2,14,0,0,2,7e-06,114,0,254,0,0,0,0,65142856.0,0.0,2,0,0,0,0,0,57,0,0,0,0.0,0.0,1424248196,1424248196,0.007,0.0,0.0,0.0,0.0,0,2,,,2,38,38,38,38,38,21,38,1
19,5,21,0,0,2,3e-06,264,0,60,0,0,0,0,352000000.0,0.0,2,0,0,0,0,0,132,0,0,0,0.0,0.0,1424259018,1424259018,0.003,0.0,0.0,0.0,0.0,0,0,,,2,28,28,19,19,19,19,28,0
3,5,14,0,0,2,7e-06,114,0,254,0,0,0,0,65142856.0,0.0,2,0,0,0,0,0,57,0,0,0,0.0,0.0,1424245092,1424245092,0.007,0.0,0.0,0.0,0.0,0,2,,,2,23,23,17,17,17,17,24,1
6,5,9,0,0,2,9e-06,114,0,254,0,0,0,0,50666664.0,0.0,2,0,0,0,0,0,57,0,0,0,0.0,0.0,1424223479,1424223479,0.009,0.0,0.0,0.0,0.0,0,2,,,2,28,28,9,9,9,5,28,1
2,2,3,0,0,2,9e-06,114,0,254,0,0,0,0,50666664.0,0.0,2,0,0,0,0,0,57,0,0,0,0.0,0.0,1424237536,1424237536,0.009,0.0,0.0,0.0,0.0,0,2,,,2,46,46,35,36,35,17,46,1
8,1703,12,620,1,1,0.082293,3390,40254,31,29,7,22,2,323721.3438,3845770.75,56,58,255,255,2668059547,2715013682,61,694,0,0,82.971049,81.439501,1424244105,1424244105,1.489873,1.433965,0.000683,0.000553,0.00013,0,0,,,2,3,4,2,2,1,1,1,0
3,5,3,0,0,2,4e-06,114,0,254,0,0,0,0,114000000.0,0.0,2,0,0,0,0,0,57,0,0,0,0.0,0.0,1424232450,1424232450,0.004,0.0,0.0,0.0,0.0,0,2,,,2,25,25,18,19,18,18,25,1
8,1704,18,621,1,1,0.055007,3614,44706,31,29,7,24,2,516879.6875,6397004.0,60,62,255,255,1456421764,3606242672,60,721,0,0,59.774485,58.10728,1424261892,1424261892,0.926373,0.893033,0.000664,0.000531,0.000133,0,0,,,2,2,9,11,2,1,1,2,0
14,1705,20,7,1,1,0.329848,1540,1644,31,29,4,4,2,35022.19141,37665.83594,16,18,255,255,690168743,2879068215,96,91,0,0,1338.554643,35.241703,1421966647,1421966647,21.968734,19.369117,0.0007,0.000572,0.000128,0,0,0.0,0.0,0,9,13,6,7,4,1,4,0
3,1706,2,64,0,2,1e-05,1582,0,254,0,0,0,2,632800000.0,0.0,2,0,0,0,0,0,791,0,0,0,0.0,0.0,1424228758,1424228758,0.01,0.0,0.0,0.0,0.0,0,2,,,2,26,26,14,14,14,1,26,1
2,5,2,0,0,2,3e-06,114,0,254,0,0,0,0,152000000.0,0.0,2,0,0,0,0,0,57,0,0,0,0.0,0.0,1424254155,1424254155,0.003,0.0,0.0,0.0,0.0,0,2,,,2,23,23,18,18,18,18,23,1
1,1707,12,4,1,1,1.004754,1580,10168,31,29,3,5,3,11537.15332,76468.47656,12,18,255,255,2558802451,2559988755,132,565,1,0,9528.385832,7675.456005,1421952584,1421952585,91.308727,59.073473,0.000645,0.000499,0.000146,0,0,1.0,0.0,0,1,2,2,2,1,1,1,0
8,1708,1,30,1,1,0.009485,3728,5578,31,29,7,7,6,3046494.5,4524196.0,32,26,255,255,1461434391,1461712348,117,215,0,0,19.408544,0.436975,1421928075,1421928075,0.305968,0.34656,0.000727,0.000581,0.000146,0,0,0.0,0.0,0,2,1,2,3,1,1,1,0
12,1709,13,0,0,0,0.001047,146,178,31,29,0,0,0,557784.125,680038.1875,2,2,0,0,0,0,73,89,0,0,0.0,0.0,1421968681,1421968681,0.011,0.008,0.0,0.0,0.0,0,0,0.0,0.0,0,3,1,5,2,1,1,2,0
2,2,2,0,0,2,1e-06,114,0,254,0,0,0,0,456000000.0,0.0,2,0,0,0,0,0,57,0,0,0,0.0,0.0,1424251677,1424251677,0.001,0.0,0.0,0.0,0.0,0,2,,,2,29,29,11,11,11,11,29,1
2,8,9,6,74,2,3e-06,200,0,254,0,0,0,2,266666656.0,0.0,2,0,0,0,0,0,100,0,0,0,0.0,0.0,1421930713,1421930713,0.003,0.0,0.0,0.0,0.0,0,2,0.0,0.0,0,14,13,4,7,4,4,4,1
6,5,6,0,0,2,7e-06,114,0,254,0,0,0,0,65142856.0,0.0,2,0,0,0,0,0,57,0,0,0,0.0,0.0,1424260600,1424260600,0.007,0.0,0.0,0.0,0.0,0,2,,,2,27,27,4,4,4,4,27,1
3,5,14,0,0,2,8e-06,114,0,254,0,0,0,0,57000000.0,0.0,2,0,0,0,0,0,57,0,0,0,0.0,0.0,1424245660,1424245660,0.008,0.0,0.0,0.0,0.0,0,2,,,2,39,39,40,40,39,17,40,1
7,2,7,0,0,2,6e-06,264,0,60,0,0,0,0,176000000.0,0.0,2,0,0,0,0,0,132,0,0,0,0.0,0.0,1424246618,1424246618,0.006,0.0,0.0,0.0,0.0,0,0,,,2,20,20,20,20,20,20,20,0
0,1710,4,9,1,1,0.680947,3848,19084,31,29,11,15,2,44314.75391,219893.7656,50,52,255,255,4227768001,2078492707,77,367,0,0,1180.981584,1159.045567,1424242579,1424242580,13.889633,13.339746,0.000754,0.000611,0.000143,0,0,,,2,1,5,3,1,1,1,2,0
2,5,3,0,0,2,4e-06,114,0,254,0,0,0,0,114000000.0,0.0,2,0,0,0,0,0,57,0,0,0,0.0,0.0,1424239620,1424239620,0.004,0.0,0.0,0.0,0.0,0,2,,,2,44,44,20,21,20,20,45,1
4,1711,18,0,0,0,0.00106,146,178,31,29,0,0,0,550943.375,671698.0625,2,2,0,0,0,0,73,89,0,0,0.0,0.0,1421959281,1421959281,0.011,0.009,0.0,0.0,0.0,0,0,0.0,0.0,0,3,2,2,3,2,1,1,0
13,1712,20,7,1,1,2.354149,13142,548216,31,29,21,197,2,44466.17188,1858726.75,228,438,255,255,3316607707,3334003750,58,1252,0,0,2145.217608,1561.223862,1421965961,1421965963,10.369295,5.384549,0.001307,0.001094,0.000213,0,0,0.0,0.0,0,16,11,7,6,2,1,2,0
6,1713,17,354,0,2,9e-06,1098,0,254,0,0,0,2,487999968.0,0.0,2,0,0,0,0,0,549,0,0,0,0.0,0.0,1424258740,1424258740,0.009,0.0,0.0,0.0,0.0,0,2,,,2,1,1,1,1,1,1,1,1
6,1714,24,622,1,1,0.227225,748,268,254,252,2,1,2,23729.7832,7886.456055,10,6,255,255,224078461,1231928631,75,45,0,0,1189.313843,57.019813,1424250989,1424250989,23.256444,40.248199,0.084459,0.025968,0.058491,0,1,,,2,1,1,1,1,1,1,1,1
6,1715,16,26,1,1,0.500307,578,354,254,252,2,1,2,8330.884766,4956.956055,10,8,255,255,1939697263,1208987279,58,44,0,0,3624.738192,114.550875,1424226891,1424226892,55.589667,60.37057,0.121942,0.06218,0.059762,0,1,,,2,10,10,3,3,3,1,10,1
4,1716,0,623,1,1,0.012266,2558,23320,31,29,7,14,2,1627262.375,14847546.0,40,42,255,255,4158520301,2023563947,64,555,0,0,0.0,17.077689,1424254605,1424254605,0.297462,0.28622,0.00068,0.000528,0.000152,0,0,,,2,2,5,7,2,1,1,1,0
17,1717,19,8,1,1,0.021423,37454,3380,31,29,18,8,4,13717593.0,1232320.375,52,42,255,255,3669496945,1521012544,720,80,0,0,22.636817,0.873893,1424259919,1424259920,0.430449,0.508415,0.000735,0.000574,0.000161,0,0,,,2,1,1,3,4,1,1,2,0
3,5,3,0,0,2,8e-06,114,0,254,0,0,0,0,57000000.0,0.0,2,0,0,0,0,0,57,0,0,0,0.0,0.0,1424231674,1424231674,0.008,0.0,0.0,0.0,0.0,0,2,,,2,24,24,19,19,18,18,26,1
17,1718,8,624,1,1,0.083906,2750,26510,31,29,7,16,2,256286.7969,2474960.0,44,48,255,255,2764096378,2764388075,63,552,0,0,130.774513,125.665133,1424232294,1424232294,1.944186,1.773064,0.000701,0.000563,0.000138,0,0,,,2,2,5,6,3,1,1,2,0
4,1719,8,625,1,1,0.078004,4238,66846,31,29,7,30,2,428695.9375,6763037.5,72,74,255,255,4017782790,1868533899,59,903,0,0,68.016398,66.72788,1421958012,1421958013,1.094239,1.059603,0.000803,0.000642,0.000161,0,0,0.0,0.0,0,4,4,2,4,1,1,1,0
14,1720,12,626,1,1,0.031993,4222,64342,31,29,7,30,2,1041227.688,15871721.0,72,74,255,255,2656022274,2656274082,59,869,0,0,23.167661,22.833436,1421972223,1421972223,0.446099,0.430849,0.000672,0.000534,0.000138,0,0,0.0,0.0,0,4,7,2,4,1,1,1,0
23,8,29,6,5,0,33.776672,56,92,0,0,0,0,2,6.631796,10.895093,2,2,0,0,0,0,28,46,0,0,8.219069,0.0,1424256910,1424256944,33776.552,33776.52,0.0,0.0,0.0,0,0,,,2,1,1,1,1,1,1,1,0
6,2,9,0,0,2,3e-06,114,0,254,0,0,0,0,152000000.0,0.0,2,0,0,0,0,0,57,0,0,0,0.0,0.0,1424225663,1424225663,0.003,0.0,0.0,0.0,0.0,0,2,,,2,17,17,8,8,8,8,17,1
11,1721,8,0,0,0,0.001032,146,178,31,29,0,0,0,565891.5,689922.5,2,2,0,0,0,0,73,89,0,0,0.0,0.0,1424226136,1424226136,0.008,0.007,0.0,0.0,0.0,0,0,,,2,4,1,1,4,2,1,2,0
11,1722,20,627,1,1,0.117703,4014,59460,31,29,7,28,2,268812.1875,3983653.75,68,70,255,255,1574311352,1595729308,59,849,0,0,0.0,92.326897,1421927610,1421927610,1.75191,1.697826,0.0007,0.00055,0.00015,0,0,0.0,0.0,0,8,8,1,2,1,1,1,0
3,2,3,0,0,2,9e-06,114,0,254,0,0,0,0,50666664.0,0.0,2,0,0,0,0,0,57,0,0,0,0.0,0.0,1424231288,1424231288,0.009,0.0,0.0,0.0,0.0,0,2,,,2,43,44,43,43,43,25,43,1
8,1723,19,18,1,1,0.488767,7814,15030,31,29,30,32,2,126849.8047,244059.0313,122,126,255,255,2504167560,2505969076,64,119,0,0,395.599691,387.20169,1424243800,1424243801,4.139212,3.895144,0.00203,0.001868,0.000162,0,0,,,2,3,4,3,3,1,1,1,0
11,1724,1,9,1,1,0.005603,2054,2478,31,29,6,6,2,2799928.5,3391040.5,22,24,255,255,3831621897,3831902768,93,103,0,0,15.286966,13.065282,1421933681,1421933681,0.250619,0.218652,0.000707,0.000563,0.000144,0,0,0.0,0.0,0,11,9,1,3,1,1,1,0
13,1725,20,628,1,1,0.318539,4456,2976,31,29,7,7,2,107917.7109,72079.08594,28,28,255,255,1858533841,4007392896,159,106,0,0,700.589153,18.634262,1421929082,1421929082,11.785519,11.779333,0.000627,0.000493,0.000134,0,0,0.0,0.0,0,19,5,7,7,1,1,4,0
3,2,3,0,0,2,4e-06,114,0,254,0,0,0,0,114000000.0,0.0,2,0,0,0,0,0,57,0,0,0,0.0,0.0,1424233420,1424233420,0.004,0.0,0.0,0.0,0.0,0,2,,,2,43,43,43,43,43,25,43,1
14,1726,10,10,0,0,0.433184,568,304,31,29,0,0,2,7867.32666,4210.681641,4,4,0,0,0,0,142,76,0,0,196.581813,184.744375,1421966703,1421966704,139.005328,130.638,0.0,0.0,0.0,0,0,0.0,0.0,0,11,12,8,3,1,1,2,0
11,1727,4,4,1,1,1.007366,1580,10168,31,29,3,5,3,11507.23828,76270.19531,12,18,255,255,916790071,3063229284,132,565,0,0,9534.577534,7683.023989,1424234610,1424234611,91.544817,59.22712,0.000622,0.000501,0.000121,0,0,,,2,1,2,2,4,1,1,4,0
2,5,2,0,0,2,7e-06,114,0,254,0,0,0,0,65142856.0,0.0,2,0,0,0,0,0,57,0,0,0,0.0,0.0,1424252974,1424252974,0.007,0.0,0.0,0.0,0.0,0,2,,,2,34,34,35,34,34,18,34,1
6,2,6,0,0,2,9e-06,114,0,254,0,0,0,0,50666664.0,0.0,2,0,0,0,0,0,57,0,0,0,0.0,0.0,1424259136,1424259136,0.009,0.0,0.0,0.0,0.0,0,2,,,2,33,33,18,17,17,17,33,1
1,1728,4,629,1,1,0.013775,2438,20194,31,29,7,13,2,1378729.5,11435208.0,38,40,255,255,1543429603,1543736843,64,505,0,0,25.313451,22.802887,1424227310,1424227310,0.384857,0.346737,0.000733,0.00059,0.000143,0,0,,,2,4,7,4,3,1,1,2,0
6,2,9,0,0,2,1e-05,114,0,254,0,0,0,0,45600000.0,0.0,2,0,0,0,0,0,57,0,0,0,0.0,0.0,1424224283,1424224283,0.01,0.0,0.0,0.0,0.0,0,2,,,2,20,20,8,8,8,8,20,1
1,1729,12,4,1,1,0.003995,1052,824,31,29,2,2,3,1844305.375,1485857.375,8,10,255,255,1897618722,4044066142,132,82,1,83,32.643648,0.671971,1424245736,1424245736,0.523429,0.369889,0.000787,0.000662,0.000125,0,0,1.0,,2,1,1,1,5,1,1,1,0
2,5,3,0,0,2,5e-06,114,0,254,0,0,0,0,91200000.0,0.0,2,0,0,0,0,0,57,0,0,0,0.0,0.0,1424240000,1424240000,0.005,0.0,0.0,0.0,0.0,0,2,,,2,28,28,4,4,4,4,28,1
2,5,2,0,0,2,9e-06,114,0,254,0,0,0,0,50666664.0,0.0,2,0,0,0,0,0,57,0,0,0,0.0,0.0,1424251821,1424251821,0.009,0.0,0.0,0.0,0.0,0,2,,,2,19,19,19,19,19,9,19,1
6,1730,3,10,1,1,0.654355,564,354,254,252,2,1,2,6210.696289,3789.991699,10,8,255,255,2844174067,1661456290,56,44,0,0,5316.727849,137.5765,1424220075,1424220076,70.958778,90.773859,0.056212,0.018934,0.037278,0,1,,,2,1,1,1,1,1,1,1,1
5,2,5,0,0,2,7e-06,264,0,60,0,0,0,0,150857136.0,0.0,2,0,0,0,0,0,132,0,0,0,0.0,0.0,1424237651,1424237651,0.007,0.0,0.0,0.0,0.0,0,0,,,2,19,19,14,14,14,14,19,0
14,1731,12,8,1,1,0.0249,37914,3380,31,29,19,8,4,11955662.0,1060241.0,54,42,255,255,3604799939,1460573495,702,80,0,0,27.477342,1.160159,1421928727,1421928727,0.463113,0.593317,0.000699,0.00057,0.000129,0,0,0.0,0.0,0,1,1,3,3,1,1,2,0
6,2,9,0,0,2,6e-06,114,0,254,0,0,0,0,76000000.0,0.0,2,0,0,0,0,0,57,0,0,0,0.0,0.0,1424223622,1424223622,0.006,0.0,0.0,0.0,0.0,0,2,,,2,29,29,8,8,8,8,29,1
1,1732,20,0,0,0,0.001015,130,162,31,29,0,0,0,512315.25,638423.625,2,2,0,0,0,0,65,81,0,0,0.0,0.0,1421938054,1421938054,0.002,0.004,0.0,0.0,0.0,0,0,0.0,0.0,0,1,3,3,2,1,1,1,0
6,2,6,0,0,2,6e-06,114,0,254,0,0,0,0,76000000.0,0.0,2,0,0,0,0,0,57,0,0,0,0.0,0.0,1424260919,1424260919,0.006,0.0,0.0,0.0,0.0,0,2,,,2,33,33,17,17,17,17,33,1
5,5,5,0,0,2,9e-06,264,0,60,0,0,0,0,117333328.0,0.0,2,0,0,0,0,0,132,0,0,0,0.0,0.0,1424238979,1424238979,0.009,0.0,0.0,0.0,0.0,0,0,,,2,10,10,10,10,10,5,10,0
4,1733,13,8,1,1,0.674834,37552,3380,31,29,18,8,4,436611.0625,39120.73047,52,42,255,255,3088959633,982403185,722,80,0,0,1066.919768,34.270434,1421958090,1421958090,13.225039,16.445756,0.000708,0.000554,0.000154,0,0,0.0,0.0,0,2,3,4,3,2,2,2,0
12,1734,18,0,0,0,0.001044,146,178,31,29,0,0,0,559386.9375,681992.3125,2,2,0,0,0,0,73,89,0,0,0.0,0.0,1424236549,1424236549,0.009,0.007,0.0,0.0,0.0,0,0,,,2,4,1,1,2,2,1,1,0
6,2,6,0,0,2,8e-06,114,0,254,0,0,0,0,57000000.0,0.0,2,0,0,0,0,0,57,0,0,0,0.0,0.0,1424260489,1424260489,0.008,0.0,0.0,0.0,0.0,0,2,,,2,18,18,17,17,17,17,18,1
2,8,15,6,3,2,4e-06,200,0,254,0,0,0,2,200000000.0,0.0,2,0,0,0,0,0,100,0,0,0,0.0,0.0,1424244426,1424244426,0.004,0.0,0.0,0.0,0.0,0,2,,,2,7,7,5,5,4,4,10,1
2,5,3,0,0,2,9e-06,114,0,254,0,0,0,0,50666664.0,0.0,2,0,0,0,0,0,57,0,0,0,0.0,0.0,1424238833,1424238833,0.009,0.0,0.0,0.0,0.0,0,2,,,2,33,33,20,20,20,20,33,1
2,5,2,0,0,2,1e-06,114,0,254,0,0,0,0,456000000.0,0.0,2,0,0,0,0,0,57,0,0,0,0.0,0.0,1424255065,1424255065,0.001,0.0,0.0,0.0,0.0,0,2,,,2,23,23,11,11,11,6,23,1
1,1735,8,0,0,0,0.000967,130,162,31,29,0,0,0,537745.5625,670113.75,2,2,0,0,0,0,65,81,0,0,0.0,0.0,1424258770,1424258770,0.008,0.005,0.0,0.0,0.0,0,0,,,2,2,4,2,5,1,1,2,0
14,1736,10,630,1,1,0.028036,2854,31354,31,29,7,17,2,796689.9375,8760451.0,46,48,255,255,2847031558,697712571,62,653,0,0,38.477446,36.790491,1421967696,1421967696,0.615556,0.584702,0.000691,0.000548,0.000143,0,0,0.0,0.0,0,7,8,5,4,1,1,1,0
2,5,3,0,0,2,2.2e-05,114,0,254,0,0,0,0,20727272.0,0.0,2,0,0,0,0,0,57,0,0,0,0.0,0.0,1424239531,1424239531,0.022,0.0,0.0,0.0,0.0,0,2,,,2,43,43,19,19,19,19,43,1
6,1737,9,12,0,2,1e-05,104,0,254,0,0,0,2,41600000.0,0.0,2,0,0,0,0,0,52,0,0,0,0.0,0.0,1424249824,1424249824,0.01,0.0,0.0,0.0,0.0,0,2,,,2,12,7,2,3,3,1,8,0
2,5,3,0,0,2,3e-06,114,0,254,0,0,0,0,152000000.0,0.0,2,0,0,0,0,0,57,0,0,0,0.0,0.0,1424238328,1424238328,0.003,0.0,0.0,0.0,0.0,0,2,,,2,16,16,16,16,16,16,16,1
17,1738,18,631,1,1,0.008339,2230,14952,31,29,7,11,2,2076987.625,13946037.0,34,36,255,255,389569959,389822882,66,415,0,0,14.650948,13.146581,1424226463,1424226463,0.242121,0.228529,0.000697,0.000563,0.000134,0,0,,,2,5,3,2,2,1,1,2,0
9,1739,11,26,1,1,0.52718,486,268,254,252,2,1,2,6646.686035,3399.218262,10,6,255,255,4154229156,2202472849,49,45,0,0,2865.764381,137.295906,1424248533,1424248534,58.575556,88.976,0.143994,0.08151,0.062484,0,1,,,2,7,7,2,2,2,1,7,0
2,2,3,0,0,2,1e-05,114,0,254,0,0,0,0,45600000.0,0.0,2,0,0,0,0,0,57,0,0,0,0.0,0.0,1424238763,1424238763,0.01,0.0,0.0,0.0,0.0,0,2,,,2,31,31,33,34,31,18,31,1
8,1740,12,10,0,0,0.004833,568,312,31,29,0,0,2,705152.125,387337.0625,4,4,0,0,0,0,142,78,0,0,1.789923,1.538193,1421947971,1421947971,1.268667,1.096667,0.0,0.0,0.0,0,0,0.0,0.0,0,4,6,3,4,1,1,3,0
7,5,7,0,0,2,7e-06,264,0,60,0,0,0,0,150857136.0,0.0,2,0,0,0,0,0,132,0,0,0,0.0,0.0,1424246004,1424246004,0.007,0.0,0.0,0.0,0.0,0,0,,,2,44,44,44,44,44,21,44,0
11,718,12,632,1,1,0.012333,2558,23268,31,29,7,14,2,1618422.125,14733804.0,40,42,255,255,2400509970,255451718,64,554,0,0,17.514311,15.859357,1421965544,1421965544,0.306231,0.284659,0.000828,0.000651,0.000177,0,0,0.0,0.0,0,10,10,4,8,1,1,1,0
13,1741,18,633,1,1,0.017373,2766,25812,31,29,7,16,2,1245150.625,11627699.0,44,46,255,255,1255929991,1256191863,63,561,0,0,0.0,21.751987,1421943287,1421943287,0.395,0.374,0.000662,0.000539,0.000123,0,0,0.0,0.0,0,8,12,1,3,1,1,1,0
14,1742,1,4,1,1,1.139062,1684,10168,31,29,3,5,3,10984.47656,67451.99219,14,18,255,255,44696029,2191112147,120,565,1,3924,8844.865216,7744.931569,1421934806,1421934807,87.590538,66.973353,0.000675,0.000509,0.000166,0,0,1.0,0.0,0,2,3,3,3,1,1,2,0
17,1743,0,634,1,1,0.016029,2854,31444,31,29,7,17,2,1393474.25,15366648.0,46,48,255,255,436562821,2586431046,62,655,0,0,19.058215,18.195087,1424245504,1424245504,0.3535,0.32817,0.000749,0.000596,0.000153,0,0,,,2,10,3,1,2,1,1,1,0
1,1744,1,0,0,0,0.001117,146,178,31,29,0,0,0,522829.0,637421.6875,2,2,0,0,0,0,73,89,0,0,0.0,0.0,1424258418,1424258418,0.009,0.006,0.0,0.0,0.0,0,0,,,2,3,2,2,2,1,1,3,0
6,2,6,0,0,2,7e-06,114,0,254,0,0,0,0,65142856.0,0.0,2,0,0,0,0,0,57,0,0,0,0.0,0.0,1424260552,1424260552,0.007,0.0,0.0,0.0,0.0,0,2,,,2,26,26,17,17,17,17,26,1
8,1745,18,7,1,1,0.018021,1540,1644,31,29,4,4,2,641029.875,689417.875,16,18,255,255,2787675386,642011794,96,91,0,0,71.67145,2.167514,1424261708,1424261708,1.1812,1.033177,0.000564,0.000454,0.00011,0,0,,,2,13,22,17,18,13,2,7,0
14,1746,19,8,1,1,0.720032,37500,3380,31,29,18,8,4,408637.4063,36665.03906,52,42,255,255,4101474420,4188312780,721,80,0,0,1088.910459,34.450746,1421946781,1421946782,14.111412,17.548537,0.000724,0.000537,0.000187,0,0,0.0,0.0,0,1,1,1,3,1,1,1,0
9,8,9,6,13,2,59.687565,28832,0,254,0,0,0,2,3827.933105,0.0,106,0,0,0,0,0,272,0,0,0,716.658688,0.0,1424240007,1424240067,568.453062,0.0,0.0,0.0,0.0,0,2,,,2,1,1,1,1,1,1,1,1
11,1747,10,635,1,1,0.039358,2542,23266,31,29,7,14,2,503887.375,4616698.0,40,42,255,255,429335232,2579319450,64,554,0,0,68.631683,64.500509,1424253772,1424253772,1.027368,0.944512,0.000765,0.000625,0.00014,0,0,,,2,9,7,5,7,1,1,4,0
6,2,6,0,0,2,9e-06,114,0,254,0,0,0,0,50666664.0,0.0,2,0,0,0,0,0,57,0,0,0,0.0,0.0,1424260252,1424260252,0.009,0.0,0.0,0.0,0.0,0,2,,,2,17,17,17,17,17,17,17,1
9,8,15,6,75,2,4e-06,200,0,254,0,0,0,2,200000000.0,0.0,2,0,0,0,0,0,100,0,0,0,0.0,0.0,1424258809,1424258809,0.004,0.0,0.0,0.0,0.0,0,2,,,2,3,3,2,3,2,2,3,1
3,2,14,0,0,2,6e-06,114,0,254,0,0,0,0,76000000.0,0.0,2,0,0,0,0,0,57,0,0,0,0.0,0.0,1424245831,1424245831,0.006,0.0,0.0,0.0,0.0,0,2,,,2,35,35,22,23,22,22,35,1
6,1748,16,33,1,1,2.462238,1018,850,254,252,3,2,2,3034.637451,2485.543457,12,10,255,255,402329131,3347408172,85,85,0,0,15620.51826,605.042312,1424241782,1424241784,220.317551,267.556781,0.212179,0.054218,0.157961,0,1,,,2,3,2,1,1,1,1,2,0
12,1749,4,636,1,1,0.015851,2438,19138,31,29,7,13,2,1198157.875,9417702.0,38,40,255,255,3109537608,983059075,64,478,0,0,27.2151,26.509007,1424236768,1424236768,0.443514,0.402421,0.0007,0.000557,0.000143,0,0,,,2,3,12,6,3,1,1,1,0
11,1750,13,637,1,1,0.004695,3736,2456,31,29,7,7,2,6013205.5,3953141.5,18,18,255,255,2684153768,2687337138,208,136,0,0,12.785046,0.322331,1424254918,1424254918,0.257588,0.241706,0.000707,0.000582,0.000125,0,0,,,2,3,6,6,4,1,1,3,0
6,8,17,6,3,2,9e-06,200,0,254,0,0,0,2,88888888.0,0.0,2,0,0,0,0,0,100,0,0,0,0.0,0.0,1424223279,1424223279,0.009,0.0,0.0,0.0,0.0,0,2,,,2,8,8,5,13,4,4,8,1
2,2,3,0,0,2,3e-06,114,0,254,0,0,0,0,152000000.0,0.0,2,0,0,0,0,0,57,0,0,0,0.0,0.0,1424238968,1424238968,0.003,0.0,0.0,0.0,0.0,0,2,,,2,27,27,24,24,24,24,27,1
28,1751,32,638,1,1,0.71855,1668,27342,29,31,3,9,2,17835.91797,294270.4063,25,30,255,255,2811144812,633624969,67,911,0,0,48.962719,1541.098147,1421937308,1421937309,29.939584,24.609689,0.0,0.0,0.0,0,0,0.0,0.0,0,1,2,1,1,1,1,1,0
15,5,5,0,0,2,7e-06,264,0,60,0,0,0,0,150857136.0,0.0,2,0,0,0,0,0,132,0,0,0,0.0,0.0,1424254861,1424254861,0.007,0.0,0.0,0.0,0.0,0,0,,,2,42,42,42,42,42,19,42,0
3,2,14,0,0,2,6e-06,114,0,254,0,0,0,0,76000000.0,0.0,2,0,0,0,0,0,57,0,0,0,0.0,0.0,1424246180,1424246180,0.006,0.0,0.0,0.0,0.0,0,2,,,2,36,36,34,34,34,19,36,1
11,1752,10,0,0,0,0.001088,130,162,31,29,0,0,0,477941.1563,595588.25,2,2,0,0,0,0,65,81,0,0,0.0,0.0,1424236120,1424236120,0.033,0.007,0.0,0.0,0.0,0,0,,,2,2,3,4,7,1,1,2,0
2,5,2,0,0,2,9e-06,114,0,254,0,0,0,0,50666664.0,0.0,2,0,0,0,0,0,57,0,0,0,0.0,0.0,1424251945,1424251945,0.009,0.0,0.0,0.0,0.0,0,2,,,2,29,29,18,19,18,18,29,1
1,1753,20,4,1,1,1.077102,1684,10168,31,29,3,5,3,11616.35645,71332.14844,14,18,255,255,1244592585,3390974820,120,565,0,0,9236.231294,8090.752583,1424241790,1424241792,82.827228,63.327001,0.000654,0.000539,0.000115,0,0,,,2,1,2,1,1,1,1,1,0
6,1754,9,4,1,1,0.88951,798,354,254,252,2,1,3,6466.481934,2788.052002,10,8,255,255,2666857083,820398465,80,44,1,0,6239.840615,172.356984,1424245286,1424245287,96.368667,116.363289,0.170749,0.074964,0.095785,0,1,1.0,,2,2,1,2,1,1,1,1,1
5,5,7,0,0,2,3e-06,264,0,60,0,0,0,0,352000000.0,0.0,2,0,0,0,0,0,132,0,0,0,0.0,0.0,1424233355,1424233355,0.003,0.0,0.0,0.0,0.0,0,0,,,2,45,45,25,25,25,25,45,0
7,2,7,0,0,2,7e-06,264,0,60,0,0,0,0,150857136.0,0.0,2,0,0,0,0,0,132,0,0,0,0.0,0.0,1424245006,1424245006,0.007,0.0,0.0,0.0,0.0,0,0,,,2,37,37,21,21,21,21,37,0
13,1755,18,7,1,1,0.259019,13142,548216,31,29,21,197,2,404140.25,16893434.0,228,438,255,255,268933493,2417827232,58,1252,0,0,61.824445,32.074343,1424220303,1424220303,1.149804,0.594349,0.000605,0.000473,0.000132,0,0,,,2,5,5,4,2,2,1,2,0
11,1756,13,639,0,0,0.00177,544,304,31,29,0,0,2,1844067.875,1030508.5,4,4,0,0,0,0,136,76,0,0,0.653602,0.284454,1424225852,1424225852,0.465667,0.216,0.0,0.0,0.0,0,0,,,2,11,9,3,4,1,1,5,0
3,2,14,0,0,2,1e-06,114,0,254,0,0,0,0,456000000.0,0.0,2,0,0,0,0,0,57,0,0,0,0.0,0.0,1424247699,1424247699,0.001,0.0,0.0,0.0,0.0,0,2,,,2,39,39,22,22,22,22,39,1
3,2,3,0,0,2,4e-06,114,0,254,0,0,0,0,114000000.0,0.0,2,0,0,0,0,0,57,0,0,0,0.0,0.0,1424231889,1424231889,0.004,0.0,0.0,0.0,0.0,0,2,,,2,29,29,25,24,24,24,29,1
6,5,6,0,0,2,5e-06,114,0,254,0,0,0,0,91200000.0,0.0,2,0,0,0,0,0,57,0,0,0,0.0,0.0,1424262030,1424262030,0.005,0.0,0.0,0.0,0.0,0,2,,,2,19,27,2,2,2,2,19,1
14,1757,0,8,1,1,0.167779,37424,3276,31,29,18,8,4,1750159.5,152343.2656,52,40,255,255,544194804,545277898,720,82,0,0,444.423466,15.465203,1421941263,1421941263,3.282647,4.287615,0.000703,0.000558,0.000145,0,0,0.0,0.0,0,2,1,2,11,2,1,1,0
2,1758,16,33,1,1,0.517545,1014,820,254,252,3,2,2,14375.56152,11407.7041,12,10,255,255,474064085,2670031893,85,82,0,0,3223.72103,98.200688,1424240802,1424240803,46.187545,51.931777,0.096234,0.050156,0.046078,0,1,,,2,6,6,3,3,2,1,7,1
3,5,14,0,0,2,9e-06,114,0,254,0,0,0,0,50666664.0,0.0,2,0,0,0,0,0,57,0,0,0,0.0,0.0,1424244953,1424244953,0.009,0.0,0.0,0.0,0.0,0,2,,,2,24,24,17,17,17,17,24,1
2,2,3,0,0,2,9e-06,114,0,254,0,0,0,0,50666664.0,0.0,2,0,0,0,0,0,57,0,0,0,0.0,0.0,1424238978,1424238978,0.009,0.0,0.0,0.0,0.0,0,2,,,2,45,45,24,24,24,24,45,1
2,8,6,6,76,2,9e-06,200,0,254,0,0,0,2,88888888.0,0.0,2,0,0,0,0,0,100,0,0,0,0.0,0.0,1424237283,1424237283,0.009,0.0,0.0,0.0,0.0,0,2,,,2,13,13,4,5,4,4,13,1
17,1759,20,640,0,0,0.001603,528,304,31,29,0,0,2,1976294.5,1137866.5,4,4,0,0,0,0,132,76,0,0,0.567571,0.262654,1424246057,1424246057,0.404333,0.197667,0.0,0.0,0.0,0,0,,,2,5,3,2,4,1,1,3,0
8,1760,19,0,0,0,0.001017,146,178,31,29,0,0,0,574238.0,700098.375,2,2,0,0,0,0,73,89,0,0,0.0,0.0,1421963594,1421963594,0.006,0.009,0.0,0.0,0.0,0,0,0.0,0.0,0,2,4,2,2,1,1,1,0
1,1761,18,641,1,1,0.06037,2854,29218,31,29,7,17,2,369985.0938,3791287.25,46,48,255,255,280318524,2553606818,62,609,0,0,77.34825,75.408409,1421945340,1421945340,1.333489,1.274362,0.00059,0.000471,0.000119,0,0,0.0,0.0,0,16,11,11,17,3,3,7,0
10,1762,12,0,0,0,0.001053,146,178,31,29,0,0,0,554605.875,676163.375,2,2,0,0,0,0,73,89,0,0,0.0,0.0,1421936236,1421936236,0.011,0.009,0.0,0.0,0.0,0,0,0.0,0.0,0,4,2,2,3,1,1,2,0
10,1763,18,642,1,1,0.015701,2854,26406,31,29,7,16,2,1422584.625,13161965.0,46,46,255,255,1807289194,3952985765,62,574,0,0,19.289355,0.474698,1421939207,1421939207,0.340533,0.335,0.000781,0.000615,0.000166,0,0,0.0,0.0,0,8,7,3,4,1,1,2,0
6,2,6,0,0,2,8e-06,114,0,254,0,0,0,0,57000000.0,0.0,2,0,0,0,0,0,57,0,0,0,0.0,0.0,1424260315,1424260315,0.008,0.0,0.0,0.0,0.0,0,2,,,2,32,32,17,18,17,17,32,1
3,2,14,0,0,2,9e-06,114,0,254,0,0,0,0,50666664.0,0.0,2,0,0,0,0,0,57,0,0,0,0.0,0.0,1424244676,1424244676,0.009,0.0,0.0,0.0,0.0,0,2,,,2,32,32,33,32,32,17,32,1
0,1764,20,643,1,1,0.046473,320,1912,31,29,1,2,5,45962.17188,287995.1875,6,8,255,255,2348872234,210095691,53,239,0,0,642.942834,15.724184,1424242641,1424242641,9.225,6.562429,0.000643,0.000532,0.000111,0,0,,,2,4,6,8,5,1,1,6,0
2,2,2,0,0,2,5e-06,114,0,254,0,0,0,0,91200000.0,0.0,2,0,0,0,0,0,57,0,0,0,0.0,0.0,1424253848,1424253848,0.005,0.0,0.0,0.0,0.0,0,2,,,2,24,24,16,16,16,16,24,1
8,1765,8,8,1,1,0.02876,37500,3380,31,29,18,8,4,10230598.0,917941.625,52,42,255,255,3036921490,892591289,721,80,0,0,33.296371,1.147939,1421947248,1421947248,0.556922,0.688073,0.000704,0.000545,0.000159,0,0,0.0,0.0,0,2,2,1,6,1,1,1,0
2,5,2,0,0,2,8e-06,114,0,254,0,0,0,0,57000000.0,0.0,2,0,0,0,0,0,57,0,0,0,0.0,0.0,1424253633,1424253633,0.008,0.0,0.0,0.0,0.0,0,2,,,2,31,31,15,15,15,15,31,1
6,5,9,0,0,2,8e-06,114,0,254,0,0,0,0,57000000.0,0.0,2,0,0,0,0,0,57,0,0,0,0.0,0.0,1424223777,1424223777,0.008,0.0,0.0,0.0,0.0,0,2,,,2,11,11,9,9,9,9,11,1
3,2,3,0,0,2,4e-06,114,0,254,0,0,0,0,114000000.0,0.0,2,0,0,0,0,0,57,0,0,0,0.0,0.0,1424233662,1424233662,0.004,0.0,0.0,0.0,0.0,0,2,,,2,43,43,43,44,43,25,43,1
2,2,3,0,0,2,8e-06,114,0,254,0,0,0,0,57000000.0,0.0,2,0,0,0,0,0,57,0,0,0,0.0,0.0,1424238597,1424238597,0.008,0.0,0.0,0.0,0.0,0,2,,,2,24,24,24,24,24,12,24,1
3,1766,6,26,1,1,0.574198,1792,268,254,252,2,1,2,22473.08398,3120.874756,10,6,255,255,1591283275,2046228411,179,45,0,0,3348.287143,179.748453,1424259353,1424259354,63.799778,98.555,0.159005,0.066315,0.09269,0,1,,,2,1,1,18,1,1,1,1,1
14,1767,12,644,1,1,0.048886,3926,56526,31,29,7,27,2,632819.1875,9114266.0,66,68,255,255,3420797182,1271564307,59,831,0,0,44.733379,44.85576,1421950463,1421950463,0.747185,0.720284,0.000741,0.000615,0.000126,0,0,0.0,0.0,0,4,4,2,3,1,1,1,0
2,1768,2,4,1,1,0.478337,1002,268,254,252,2,1,2,15085.59863,3746.312744,10,6,255,255,1277475755,783529315,100,45,0,0,2605.719482,137.107125,1421932686,1421932687,50.591333,88.672602,0.11106,0.034969,0.076091,0,1,0.0,0.0,0,3,1,1,6,1,1,1,1
14,1769,12,0,0,0,0.001026,146,178,31,29,0,0,0,569200.75,693957.125,2,2,0,0,0,0,73,89,0,0,0.0,0.0,1421963734,1421963734,0.01,0.002,0.0,0.0,0.0,0,0,0.0,0.0,0,2,2,3,2,1,1,1,0
6,1770,6,645,1,1,0.520601,364,3754,62,252,1,3,5,4902.026855,51924.60547,8,10,255,255,603602149,1304884323,46,375,0,0,4331.263312,3632.583492,1424244826,1424244827,74.371574,50.656222,0.09498,0.063913,0.031067,0,1,,,2,1,1,3,2,1,1,2,1
3,5,3,0,0,2,9e-06,114,0,254,0,0,0,0,50666664.0,0.0,2,0,0,0,0,0,57,0,0,0,0.0,0.0,1424233399,1424233399,0.009,0.0,0.0,0.0,0.0,0,2,,,2,31,31,18,19,18,18,31,1
2,2,3,0,0,2,8e-06,114,0,254,0,0,0,0,57000000.0,0.0,2,0,0,0,0,0,57,0,0,0,0.0,0.0,1424239886,1424239886,0.008,0.0,0.0,0.0,0.0,0,2,,,2,36,36,16,17,16,16,36,1
12,1771,19,646,1,1,0.193922,3390,41686,31,29,7,22,2,137374.8281,1690081.625,56,58,255,255,2090095254,2249134967,61,719,0,0,190.637637,186.232591,1421965540,1421965540,3.520036,3.392561,0.000681,0.000542,0.000139,0,0,0.0,0.0,0,9,4,1,2,1,1,1,0
12,1772,1,647,1,1,0.100602,2854,29226,31,29,7,17,2,222023.4219,2275740.0,46,48,255,255,2926779469,2927088647,62,609,0,0,126.001992,125.644818,1421969829,1421969829,2.228511,2.126574,0.000786,0.000649,0.000137,0,0,0.0,0.0,0,11,12,10,5,1,1,3,0
2,5,2,0,0,2,9e-06,114,0,254,0,0,0,0,50666664.0,0.0,2,0,0,0,0,0,57,0,0,0,0.0,0.0,1424251928,1424251928,0.009,0.0,0.0,0.0,0.0,0,2,,,2,25,25,13,14,13,13,25,1
4,1773,0,84,1,1,0.602354,8928,320,31,29,4,1,5,110114.6484,3546.087646,14,6,255,255,3983891933,1724504159,638,53,0,0,3915.482875,160.906266,1421946219,1421946219,46.334925,120.152602,0.00065,0.000517,0.000133,0,0,0.0,0.0,0,3,5,3,4,1,1,1,0
17,1774,10,648,1,1,0.004465,424,8824,31,29,1,4,2,664725.6875,14493170.0,8,12,255,255,735741966,2893060449,53,735,0,0,36.481373,20.057365,1421933941,1421933941,0.592714,0.361091,0.000615,0.000489,0.000126,0,0,0.0,0.0,0,10,14,4,7,1,1,4,0
13,1775,19,649,0,0,0.001746,512,304,31,29,0,0,2,1759450.125,1044673.5,4,4,0,0,0,0,128,76,0,0,0.616833,0.311836,1421938320,1421938320,0.440667,0.227,0.0,0.0,0.0,0,0,0.0,0.0,0,8,8,4,4,1,1,3,0
17,1776,0,4,1,1,1.374221,1684,10168,31,29,3,5,3,9104.794922,55909.49609,14,18,255,255,3144171252,995457829,120,565,1,3924,10885.94542,9532.007237,1424222090,1424222092,105.680618,80.809294,0.000581,0.00046,0.000121,0,0,1.0,,2,1,2,6,2,1,1,4,0
12,1777,8,650,1,1,0.22345,424,8824,31,29,1,4,5,13282.61328,289603.9375,8,12,255,255,347052552,450816159,53,735,0,0,2139.127863,1700.211557,1424233571,1424233572,31.875286,20.266455,0.00064,0.000517,0.000123,0,0,,,2,3,5,6,3,1,1,4,0
2,5,2,0,0,2,9e-06,114,0,254,0,0,0,0,50666664.0,0.0,2,0,0,0,0,0,57,0,0,0,0.0,0.0,1424253401,1424253401,0.009,0.0,0.0,0.0,0.0,0,2,,,2,30,30,12,12,12,12,30,1
14,1778,4,651,1,1,0.401321,4976,3080,31,29,7,7,2,95664.07031,59363.95313,28,30,255,255,2496860037,2525007872,178,103,0,0,836.83802,21.435525,1424246578,1424246578,14.851852,13.819896,0.001533,0.000539,0.000994,0,0,,,2,7,5,6,6,1,1,4,0
13,1779,10,0,0,0,0.001092,146,178,31,29,0,0,2,534798.5,652014.625,2,2,0,0,0,0,73,89,0,0,0.0,0.0,1421955374,1421955374,0.006,0.009,0.0,0.0,0.0,0,0,0.0,0.0,0,14,9,4,9,3,2,3,0
10,1780,18,652,1,1,0.041872,4862,82930,31,29,7,36,2,918035.9375,15660299.0,84,86,255,255,206022444,2362526348,58,964,0,0,0.0,25.881776,1421931266,1421931266,0.500446,0.492214,0.000654,0.000523,0.000131,0,0,0.0,0.0,0,15,3,5,3,1,1,1,0
2,8,2,6,13,2,59.879597,34816,0,254,0,0,0,2,4615.12793,0.0,128,0,0,0,0,0,272,0,0,0,562.680187,0.0,1424253873,1424253933,471.492656,0.0,0.0,0.0,0.0,0,2,,,2,1,1,1,1,1,1,28,1
3,8,11,6,3,2,9e-06,200,0,254,0,0,0,2,88888888.0,0.0,2,0,0,0,0,0,100,0,0,0,0.0,0.0,1424230339,1424230339,0.009,0.0,0.0,0.0,0.0,0,2,,,2,4,4,3,2,2,2,4,1
6,1781,15,162,1,1,0.388859,466,268,254,252,2,1,9,8640.664062,4608.354004,10,6,255,255,2369572546,2773302056,47,45,0,0,2133.159838,103.579313,1424260581,1424260582,40.628,63.508,0.132042,0.071305,0.060737,0,1,,,2,1,1,1,7,1,1,1,1
0,1782,18,10,0,0,0.013363,568,312,31,29,0,0,2,255032.5469,140088.2969,4,4,0,0,0,0,142,78,0,0,5.324043,2.325675,1421943545,1421943545,3.768667,1.65,0.0,0.0,0.0,0,0,0.0,0.0,0,6,7,3,2,1,1,2,0
12,1783,20,8,1,1,0.488954,37308,3380,31,29,18,8,4,598682.0625,53992.80859,52,42,255,255,4177927009,4178864537,717,80,0,0,794.652112,25.937299,1424224379,1424224379,9.580647,11.913634,0.000604,0.000492,0.000112,0,0,,,2,1,1,8,4,1,1,1,0
6,1784,2,541,1,1,0.229266,1612,268,254,252,2,1,2,50631.14453,7816.248047,10,6,255,255,2362172224,3493879858,161,45,0,0,1208.281049,55.254,1424229212,1424229212,24.01,37.236199,0.061156,0.043077,0.018079,0,1,,,2,10,8,3,3,3,1,10,1
15,5,5,0,0,2,5e-06,264,0,60,0,0,0,0,211200000.0,0.0,2,0,0,0,0,0,132,0,0,0,0.0,0.0,1424253080,1424253080,0.005,0.0,0.0,0.0,0.0,0,0,,,2,36,36,13,13,13,13,36,0
9,1493,11,8,1,1,3.00268,4850,1166,62,252,8,8,4,12335.64648,2952.029541,22,20,255,255,2280145407,835423864,220,58,0,0,7453.361951,176.940625,1424261268,1424261271,142.984757,150.112266,0.185587,0.114622,0.070965,0,1,,,2,1,1,1,1,1,1,1,1
2,2,3,0,0,2,4e-06,114,0,254,0,0,0,0,114000000.0,0.0,2,0,0,0,0,0,57,0,0,0,0.0,0.0,1421932746,1421932746,0.004,0.0,0.0,0.0,0.0,0,2,0.0,0.0,0,9,9,3,3,3,3,3,1
6,8,17,6,3,2,8e-06,200,0,254,0,0,0,2,100000000.0,0.0,2,0,0,0,0,0,100,0,0,0,0.0,0.0,1424223286,1424223286,0.008,0.0,0.0,0.0,0.0,0,2,,,2,8,8,6,23,6,6,8,1
17,1785,18,653,1,1,0.126686,5174,85108,31,29,7,39,2,323129.625,5316009.5,90,92,255,255,848676963,3030371936,57,925,0,0,95.397114,90.852625,1424251439,1424251439,1.435489,1.386407,0.000652,0.00052,0.000132,0,0,,,2,11,4,4,2,1,1,2,0
6,2,9,0,0,2,9e-06,114,0,254,0,0,0,0,50666664.0,0.0,2,0,0,0,0,0,57,0,0,0,0.0,0.0,1424225949,1424225949,0.009,0.0,0.0,0.0,0.0,0,2,,,2,8,8,8,8,8,8,9,1
1,1786,20,1,1,1,0.844804,2934,3740,31,29,11,15,1,27253.66016,34763.09375,52,54,255,255,2327327696,178722234,56,69,0,0,1419.42846,52.884875,1424227157,1424227158,16.558334,15.929642,0.000759,0.000527,0.000232,0,0,,1.0,3,1,1,4,8,1,1,3,0
14,1787,4,10,0,0,0.005316,568,320,31,29,0,0,2,641083.5,361173.8125,4,4,0,0,0,0,142,80,0,0,1.815859,1.77861,1424239587,1424239587,1.294,1.266667,0.0,0.0,0.0,0,0,,,2,6,3,3,3,1,1,3,0
4,1788,4,7,1,1,0.018816,1540,1644,31,29,4,4,2,613945.5625,660289.125,16,18,255,255,528817059,535245709,96,91,0,0,72.399442,1.965152,1424261865,1424261865,1.178933,1.079647,0.00058,0.000458,0.000122,0,0,,,2,12,8,7,9,6,1,6,0
14,1789,8,654,1,1,0.053906,3614,49342,31,29,7,24,2,527436.625,7204689.5,60,62,255,255,4176935385,4177232565,60,796,0,0,54.240306,53.253887,1424228169,1424228169,0.923931,0.875033,0.00063,0.000519,0.000111,0,0,,,2,10,4,5,4,1,1,1,0
3,1790,14,655,0,0,0.204164,362,178,254,60,0,0,2,12421.38672,5250.680664,8,4,0,0,0,0,45,45,0,0,44.452406,60.280617,1421932459,1421932459,29.166285,42.627332,0.0,0.0,0.0,0,3,0.0,0.0,0,2,1,1,1,1,1,1,1
13,1791,18,0,0,0,0.000974,146,178,31,29,0,0,0,599589.3125,731006.125,2,2,0,0,0,0,73,89,0,0,0.0,0.0,1421952641,1421952641,0.004,0.006,0.0,0.0,0.0,0,0,0.0,0.0,0,3,2,1,1,1,1,1,0
0,40,13,0,0,0,0.001084,146,178,31,29,0,0,0,538745.375,656826.5625,2,2,0,0,0,0,73,89,0,0,0.0,0.0,1424221922,1424221922,0.008,0.007,0.0,0.0,0.0,0,0,,,2,6,5,5,3,2,2,5,0
2,1792,16,4,1,1,0.19676,1174,268,254,252,2,1,3,42976.21484,9107.541992,10,6,255,255,544532786,2586223952,117,45,1,0,1052.008536,62.768754,1424250159,1424250159,19.464111,38.097,0.049788,0.006267,0.043521,0,1,1.0,,2,1,1,1,1,1,1,1,1
0,1793,13,9,1,1,0.005887,1920,4312,31,29,6,6,2,2490912.25,5616443.0,22,24,255,255,654883814,2804707910,87,180,0,0,0.0,13.518424,1421972059,1421972059,0.2766,0.233957,0.000668,0.000503,0.000165,0,0,0.0,0.0,0,5,9,5,4,1,1,2,0
2,5,3,0,0,2,9e-06,114,0,254,0,0,0,0,50666664.0,0.0,2,0,0,0,0,0,57,0,0,0,0.0,0.0,1424238097,1424238097,0.009,0.0,0.0,0.0,0.0,0,2,,,2,38,38,20,21,19,19,39,1
1,1794,13,0,0,0,0.001035,146,178,31,29,0,0,0,564251.25,687922.75,2,2,0,0,0,0,73,89,0,0,0.0,0.0,1424256119,1424256119,0.003,0.009,0.0,0.0,0.0,0,0,,,2,1,4,1,2,1,1,1,0
3,8,11,6,3,2,9e-06,200,0,254,0,0,0,2,88888888.0,0.0,2,0,0,0,0,0,100,0,0,0,0.0,0.0,1424230398,1424230398,0.009,0.0,0.0,0.0,0.0,0,2,,,2,3,3,2,4,2,2,3,1
2,2,3,0,0,2,3e-06,114,0,254,0,0,0,0,152000000.0,0.0,2,0,0,0,0,0,57,0,0,0,0.0,0.0,1424238594,1424238594,0.003,0.0,0.0,0.0,0.0,0,2,,,2,33,33,10,10,10,7,33,1
19,2,21,0,0,2,6e-06,264,0,60,0,0,0,0,176000000.0,0.0,2,0,0,0,0,0,132,0,0,0,0.0,0.0,1424261154,1424261154,0.006,0.0,0.0,0.0,0.0,0,0,,,2,27,27,8,8,8,8,27,0
3,8,11,6,3,2,9e-06,200,0,254,0,0,0,2,88888888.0,0.0,2,0,0,0,0,0,100,0,0,0,0.0,0.0,1424230390,1424230390,0.009,0.0,0.0,0.0,0.0,0,2,,,2,3,3,2,2,2,2,3,1
4,1795,8,110,1,1,0.004947,4280,2456,31,29,7,7,2,6538103.5,3751768.5,18,18,255,255,1685931253,1689156852,238,136,0,0,13.466964,0.33501,1421942192,1421942192,0.271824,0.258059,0.000689,0.000555,0.000134,0,0,0.0,0.0,0,4,10,4,3,1,1,3,0
1,1796,12,9,1,1,0.005127,1064,2260,31,29,4,4,2,1522917.875,3233079.75,12,12,255,255,1743181506,3888892960,89,188,0,0,24.431494,0.582963,1421941591,1421941591,0.433091,0.41,0.000769,0.000607,0.000162,0,0,0.0,0.0,0,5,4,1,8,1,1,1,0
2,8,17,6,12,2,3e-06,104,0,254,0,0,0,2,138666656.0,0.0,2,0,0,0,0,0,52,0,0,0,0.0,0.0,1424254240,1424254240,0.003,0.0,0.0,0.0,0.0,0,2,,,2,1,1,1,2,1,1,1,1
6,5,9,0,0,2,3e-06,114,0,254,0,0,0,0,152000000.0,0.0,2,0,0,0,0,0,57,0,0,0,0.0,0.0,1424225004,1424225004,0.003,0.0,0.0,0.0,0.0,0,2,,,2,31,31,17,17,17,9,31,1
10,1797,18,656,1,1,0.022117,3182,36954,31,29,7,20,2,1128905.375,13119320.0,52,54,255,255,4066998562,4080302064,61,684,0,0,24.995256,23.751153,1424236391,1424236391,0.43608,0.40783,0.000623,0.000499,0.000124,0,0,,,2,5,2,3,5,1,1,4,0
2,5,2,0,0,2,6e-06,114,0,254,0,0,0,0,76000000.0,0.0,2,0,0,0,0,0,57,0,0,0,0.0,0.0,1424254785,1424254785,0.006,0.0,0.0,0.0,0.0,0,2,,,2,30,30,18,18,18,18,30,1
2,2,3,0,0,2,8e-06,114,0,254,0,0,0,0,57000000.0,0.0,2,0,0,0,0,0,57,0,0,0,0.0,0.0,1424238342,1424238342,0.008,0.0,0.0,0.0,0.0,0,2,,,2,44,44,44,44,44,24,44,1
19,2,21,0,0,2,3e-06,264,0,60,0,0,0,0,352000000.0,0.0,2,0,0,0,0,0,132,0,0,0,0.0,0.0,1424260031,1424260031,0.003,0.0,0.0,0.0,0.0,0,0,,,2,18,18,18,18,18,18,18,0
3,5,14,0,0,2,3e-06,114,0,254,0,0,0,0,152000000.0,0.0,2,0,0,0,0,0,57,0,0,0,0.0,0.0,1424244626,1424244626,0.003,0.0,0.0,0.0,0.0,0,2,,,2,60,60,39,39,39,17,60,1
13,1798,12,0,0,0,0.00112,130,162,31,29,0,0,0,464285.6875,578571.4375,2,2,0,0,0,0,65,81,0,0,0.0,0.0,1424233796,1424233796,0.004,0.008,0.0,0.0,0.0,0,0,,,2,2,2,5,3,2,1,1,0
17,1799,12,8,1,1,0.030589,37190,3380,31,29,18,8,4,9539377.0,863055.375,52,42,255,255,4179981743,4181008928,715,80,0,0,36.262952,1.457424,1421960135,1421960135,0.592765,0.733585,0.000659,0.000507,0.000152,0,0,0.0,0.0,0,2,2,8,2,1,1,1,0
3,2,14,0,0,2,1e-05,114,0,254,0,0,0,0,45600000.0,0.0,2,0,0,0,0,0,57,0,0,0,0.0,0.0,1424245858,1424245858,0.01,0.0,0.0,0.0,0.0,0,2,,,2,32,32,32,33,32,17,32,1
19,2,21,0,0,2,7e-06,264,0,60,0,0,0,0,150857136.0,0.0,2,0,0,0,0,0,132,0,0,0,0.0,0.0,1424260683,1424260683,0.007,0.0,0.0,0.0,0.0,0,0,,,2,28,28,21,21,21,12,28,0
2,8,6,6,17,2,5e-06,200,0,254,0,0,0,2,160000000.0,0.0,2,0,0,0,0,0,100,0,0,0,0.0,0.0,1424237356,1424237356,0.005,0.0,0.0,0.0,0.0,0,2,,,2,5,5,1,4,1,1,5,1
11,1800,8,18,1,1,0.681029,7804,15566,31,29,30,32,2,90932.98438,181407.8281,122,126,255,255,829060732,830109175,64,124,0,0,481.819032,476.882718,1421959292,1421959293,5.62386,5.444008,0.000658,0.000525,0.000133,0,0,0.0,0.0,0,5,3,2,6,1,1,1,0
4,1801,8,0,0,0,0.000974,130,162,31,29,0,0,0,533880.875,665297.75,2,2,0,0,0,0,65,81,0,0,0.0,0.0,1424246713,1424246713,0.001,0.004,0.0,0.0,0.0,0,0,,,2,1,1,2,1,1,1,2,0
6,2,6,0,0,2,9e-06,114,0,254,0,0,0,0,50666664.0,0.0,2,0,0,0,0,0,57,0,0,0,0.0,0.0,1424260131,1424260131,0.009,0.0,0.0,0.0,0.0,0,2,,,2,27,27,22,22,22,11,27,1
2,2,3,0,0,2,1e-05,114,0,254,0,0,0,0,45600000.0,0.0,2,0,0,0,0,0,57,0,0,0,0.0,0.0,1424240268,1424240268,0.01,0.0,0.0,0.0,0.0,0,2,,,2,51,51,15,15,15,15,51,1
2,8,9,6,77,2,3e-06,200,0,254,0,0,0,2,100000000.0,0.0,2,0,0,0,0,0,100,0,0,0,0.0,0.0,1421930713,1421930713,0.008,0.0,0.0,0.0,0.0,0,2,0.0,0.0,0,14,13,4,7,4,4,4,1
10,1802,4,4,1,1,1.007909,1684,10168,31,29,3,5,2,12413.81836,76229.10156,14,18,255,255,1674918344,3821398688,120,565,0,0,8765.168801,7675.914604,1421933216,1421933217,77.503844,59.256706,0.001626,0.000538,0.001088,0,0,0.0,0.0,0,17,11,3,2,2,1,1,0
4,1803,20,657,1,1,0.02202,3390,42312,31,29,7,22,2,1209809.375,15107358.0,56,58,255,255,727234362,727546792,61,730,0,0,22.48221,21.196131,1421971479,1421971479,0.401981,0.375421,0.000764,0.000609,0.000155,0,0,0.0,0.0,0,8,11,6,5,1,1,2,0
4,1804,1,1,1,1,0.021045,2934,3742,31,29,11,15,1,1094036.625,1396246.125,52,54,255,255,3111093414,962556072,56,69,0,0,28.024727,0.661948,1424258626,1424258626,0.4148,0.386491,0.000681,0.000558,0.000123,0,0,,1.0,3,2,1,2,2,1,1,2,0
3,5,3,0,0,2,9e-06,114,0,254,0,0,0,0,50666664.0,0.0,2,0,0,0,0,0,57,0,0,0,0.0,0.0,1424231888,1424231888,0.009,0.0,0.0,0.0,0.0,0,2,,,2,27,27,18,18,18,18,27,1
12,1805,4,658,1,1,0.045905,2558,23320,31,29,7,14,2,434811.0,3967323.75,40,42,255,255,2551826461,2581547041,64,555,0,0,72.075019,69.346021,1424254778,1424254778,1.199342,1.106951,0.000648,0.000516,0.000132,0,0,,,2,3,8,8,3,1,1,2,0
9,8,15,6,39,2,1e-06,180,0,254,0,0,0,2,720000000.0,0.0,2,0,0,0,0,0,90,0,0,0,0.0,0.0,1424258742,1424258742,0.001,0.0,0.0,0.0,0.0,0,2,,,2,10,10,2,2,2,2,10,1
6,2,6,0,0,2,9e-06,114,0,254,0,0,0,0,50666664.0,0.0,2,0,0,0,0,0,57,0,0,0,0.0,0.0,1424260612,1424260612,0.009,0.0,0.0,0.0,0.0,0,2,,,2,17,17,17,17,17,17,17,1
4,1648,13,0,0,0,0.001081,130,162,31,29,0,0,0,481036.0938,599445.0,2,2,0,0,0,0,65,81,0,0,0.0,0.0,1424236146,1424236146,0.009,0.007,0.0,0.0,0.0,0,0,,,2,3,2,2,4,1,1,1,0
14,1806,19,659,1,1,0.02291,3614,46932,31,29,7,24,2,1241030.125,16124312.0,60,62,255,255,3999691298,4000021377,60,757,0,0,20.8121,19.979918,1421951316,1421951316,0.382966,0.365525,0.000747,0.000603,0.000144,0,0,0.0,0.0,0,3,5,2,3,1,1,1,0
2,1807,11,4,1,1,0.563475,780,1646,62,252,2,2,3,9966.723633,21040.86133,10,10,255,255,1882649159,239906548,78,165,1,364,4018.119373,107.045273,1424253597,1424253597,62.608333,57.035332,0.098885,0.049422,0.049463,0,1,1.0,,2,1,1,1,21,1,1,1,1
6,5,6,0,0,2,8e-06,114,0,254,0,0,0,0,57000000.0,0.0,2,0,0,0,0,0,57,0,0,0,0.0,0.0,1424260953,1424260953,0.008,0.0,0.0,0.0,0.0,0,2,,,2,34,34,7,7,7,7,34,1
3,2,14,0,0,2,8e-06,114,0,254,0,0,0,0,57000000.0,0.0,2,0,0,0,0,0,57,0,0,0,0.0,0.0,1424244960,1424244960,0.008,0.0,0.0,0.0,0.0,0,2,,,2,28,28,22,22,22,22,28,1
17,1808,1,8,1,1,0.384735,37914,3484,31,29,19,8,4,773769.0,70801.98438,54,44,255,255,1274690972,1275764960,702,79,0,0,675.834098,22.540512,1421952317,1421952317,7.252491,8.933931,0.000705,0.000572,0.000133,0,0,0.0,0.0,0,1,1,4,5,1,1,2,0
0,1809,4,9,1,1,0.005634,2054,2478,31,29,6,6,2,2784522.5,3372382.0,22,24,255,255,4262523479,2117386592,93,103,0,0,0.0,13.170833,1424231953,1424231953,0.250381,0.230864,0.000679,0.000551,0.000128,0,0,,,2,1,7,7,1,1,1,1,0
6,5,6,0,0,2,5e-06,114,0,254,0,0,0,0,91200000.0,0.0,2,0,0,0,0,0,57,0,0,0,0.0,0.0,1424258868,1424258868,0.005,0.0,0.0,0.0,0.0,0,2,,,2,24,24,7,7,7,7,24,1
3,1810,3,660,1,1,0.585202,888,354,254,252,2,1,2,10936.39453,4237.853027,10,8,255,255,106197996,3701695404,89,44,0,0,3714.907186,138.187734,1424225228,1424225228,65.022444,72.141289,0.172206,0.079531,0.092675,0,1,,,2,1,1,1,1,1,1,1,1
2,5,3,0,0,2,8e-06,114,0,254,0,0,0,0,57000000.0,0.0,2,0,0,0,0,0,57,0,0,0,0.0,0.0,1424238586,1424238586,0.008,0.0,0.0,0.0,0.0,0,2,,,2,43,43,20,21,20,20,43,1
11,1811,1,661,1,1,0.02695,2542,21848,31,29,7,14,2,735881.25,6331132.0,40,42,255,255,2232877499,2233114712,64,520,0,0,45.577002,44.066341,1424248990,1424248990,0.719784,0.645341,0.000605,0.000489,0.000116,0,0,,,2,5,7,3,6,1,1,1,0
6,5,6,0,0,2,3e-06,114,0,254,0,0,0,0,152000000.0,0.0,2,0,0,0,0,0,57,0,0,0,0.0,0.0,1424259535,1424259535,0.003,0.0,0.0,0.0,0.0,0,2,,,2,34,34,4,4,4,4,34,1
4,123,13,662,1,1,0.053002,3926,55074,31,29,7,27,2,583676.0625,8190634.5,66,68,255,255,3535588033,1386332289,59,810,0,0,53.499431,52.252024,1421937285,1421937285,0.810477,0.781881,0.000732,0.000606,0.000126,0,0,0.0,0.0,0,8,14,6,2,1,1,1,0
6,8,17,6,25,2,1e-06,200,0,254,0,0,0,2,800000000.0,0.0,2,0,0,0,0,0,100,0,0,0,0.0,0.0,1424223206,1424223206,0.001,0.0,0.0,0.0,0.0,0,2,,,2,6,6,2,2,2,2,7,1
1,1812,19,18,1,1,4.093091,7804,14892,31,29,30,32,2,15129.88574,28875.97656,122,126,255,255,2605371814,2626971603,64,118,0,0,2421.605949,2310.40016,1424232025,1424232029,33.824191,33.219341,0.007242,0.007111,0.000131,0,0,,,2,1,2,2,2,1,1,1,0
2,8,6,6,3,2,7e-06,200,0,254,0,0,0,2,114285712.0,0.0,2,0,0,0,0,0,100,0,0,0,0.0,0.0,1424237427,1424237427,0.007,0.0,0.0,0.0,0.0,0,2,,,2,3,3,1,1,1,1,3,1
1,1813,19,4,1,1,1.194677,1684,10168,31,29,3,5,3,10473.12402,64311.94531,14,18,255,255,3119100697,970575351,120,565,1,3924,8898.373807,7790.927602,1424229735,1424229736,91.871538,70.245235,0.000625,0.000502,0.000123,0,0,1.0,,2,2,2,1,4,1,1,3,0
6,5,6,0,0,2,5e-06,114,0,254,0,0,0,0,91200000.0,0.0,2,0,0,0,0,0,57,0,0,0,0.0,0.0,1424261945,1424261945,0.005,0.0,0.0,0.0,0.0,0,2,,,2,21,21,16,16,16,16,21,1
11,1814,19,1,1,1,0.761818,2934,3742,31,29,11,15,1,30222.44141,38570.89453,52,54,255,255,22117689,2168519802,56,69,0,0,1409.928731,54.228074,1424224830,1424224831,14.931431,14.363604,0.000687,0.00054,0.000147,0,0,,1.0,3,1,1,5,3,1,1,5,0
2,5,2,0,0,2,9e-06,114,0,254,0,0,0,0,50666664.0,0.0,2,0,0,0,0,0,57,0,0,0,0.0,0.0,1424252779,1424252779,0.009,0.0,0.0,0.0,0.0,0,2,,,2,30,30,18,18,18,18,30,1
4,1815,18,7,1,1,7.537122,24224,1094788,31,29,38,390,2,25652.23242,1160669.0,430,858,255,255,1356782258,3546526837,56,1276,0,0,8245.712032,5809.583575,1424222023,1424222030,17.691994,8.794107,0.000736,0.000568,0.000168,0,0,,,2,7,5,1,2,1,1,2,0
17,1816,18,9,1,1,0.004323,1470,1728,31,29,5,4,2,2598195.75,2970159.5,22,14,255,255,4138640090,4138936921,67,123,0,0,12.511231,0.374223,1424220334,1424220334,0.205857,0.277231,0.000731,0.00059,0.000141,0,0,,,2,3,11,4,3,1,1,3,0
14,1817,4,0,0,0,0.001091,146,178,31,29,0,0,0,535288.6875,652612.25,2,2,0,0,0,0,73,89,0,0,0.0,0.0,1421972274,1421972274,0.01,0.008,0.0,0.0,0.0,0,0,0.0,0.0,0,4,2,5,2,1,1,1,0
11,1818,18,0,0,0,0.00119,146,178,31,29,0,0,0,490756.3125,598319.3125,2,2,0,0,0,0,73,89,0,0,0.0,0.0,1421963070,1421963070,0.011,0.008,0.0,0.0,0.0,0,0,0.0,0.0,0,1,1,3,1,1,1,1,0
10,1819,13,663,1,1,0.017293,2974,33122,31,29,7,18,2,1347597.25,15016480.0,48,50,255,255,607805823,628898073,62,662,0,0,19.501471,19.004865,1424235379,1424235379,0.365848,0.349146,0.000664,0.000531,0.000133,0,0,,,2,7,5,3,4,1,1,4,0
0,1820,19,10,0,0,0.004802,568,304,31,29,0,0,2,709704.3125,379841.75,4,4,0,0,0,0,142,76,0,0,1.789216,1.55988,1424241044,1424241044,1.271667,1.109,0.0,0.0,0.0,0,0,,,2,5,4,3,8,1,1,3,0
0,1821,8,664,1,1,0.002865,320,1876,31,29,1,2,5,745549.75,4584991.5,6,8,255,255,182728737,187013906,53,235,0,0,28.065436,0.545927,1424240833,1424240833,0.5078,0.332571,0.00065,0.000534,0.000116,0,0,,,2,2,2,4,3,1,1,3,0
4,1822,8,665,1,1,0.004748,4504,2456,31,29,7,7,2,7167650.0,3909014.5,18,18,255,255,1134116859,1137247214,250,136,0,0,12.991277,0.340547,1424245516,1424245516,0.260235,0.249765,0.000636,0.000497,0.000139,0,0,,,2,5,5,4,3,1,1,3,0
12,1823,4,4,1,1,1.183992,1684,10168,31,29,3,5,2,10567.63867,64892.32813,14,18,255,255,1861987650,4012644982,120,565,1,3924,9294.660452,8138.740172,1421955557,1421955558,91.047464,69.616294,0.000657,0.00051,0.000147,0,0,4.0,0.0,0,11,8,3,3,2,2,2,0
3,2,14,0,0,2,1e-06,114,0,254,0,0,0,0,456000000.0,0.0,2,0,0,0,0,0,57,0,0,0,0.0,0.0,1424245677,1424245677,0.001,0.0,0.0,0.0,0.0,0,2,,,2,47,47,8,8,8,8,47,1
1,1824,10,666,1,1,0.038071,3302,35608,31,29,7,21,2,681043.3125,7343963.0,54,54,255,255,833127971,2978819959,61,659,0,0,45.604743,44.618945,1421964561,1421964561,0.711585,0.708057,0.000658,0.000536,0.000122,0,0,0.0,0.0,0,4,5,2,5,1,1,1,0
2,2,3,0,0,2,1.1e-05,114,0,254,0,0,0,0,41454544.0,0.0,2,0,0,0,0,0,57,0,0,0,0.0,0.0,1421932894,1421932894,0.011,0.0,0.0,0.0,0.0,0,2,0.0,0.0,0,10,10,4,4,3,3,3,1
0,1825,1,0,0,0,0.001068,146,178,31,29,0,0,0,546816.5,666666.6875,2,2,0,0,0,0,73,89,0,0,0.0,0.0,1424231027,1424231027,0.009,0.007,0.0,0.0,0.0,0,0,,,2,2,2,3,5,2,1,1,0
3,2,3,0,0,2,8e-06,114,0,254,0,0,0,0,57000000.0,0.0,2,0,0,0,0,0,57,0,0,0,0.0,0.0,1424230895,1424230895,0.008,0.0,0.0,0.0,0.0,0,2,,,2,25,25,25,26,25,25,25,1
3,2,3,0,0,2,8e-06,114,0,254,0,0,0,0,57000000.0,0.0,2,0,0,0,0,0,57,0,0,0,0.0,0.0,1424230304,1424230304,0.008,0.0,0.0,0.0,0.0,0,2,,,2,42,42,25,26,25,25,42,1
6,2,9,0,0,2,8e-06,114,0,254,0,0,0,0,57000000.0,0.0,2,0,0,0,0,0,57,0,0,0,0.0,0.0,1424223280,1424223280,0.008,0.0,0.0,0.0,0.0,0,2,,,2,17,17,8,13,8,8,17,1
8,1826,13,1,1,1,1.584642,2934,3740,31,29,11,15,1,14529.46387,18532.89258,52,54,255,255,1595235524,1599239506,56,69,0,0,2328.593121,73.985219,1424238648,1424238650,31.065334,29.888246,0.000695,0.000561,0.000134,0,0,,1.0,3,1,1,3,5,1,1,3,0
6,2,9,0,0,2,6e-06,114,0,254,0,0,0,0,76000000.0,0.0,2,0,0,0,0,0,57,0,0,0,0.0,0.0,1424224860,1424224860,0.006,0.0,0.0,0.0,0.0,0,2,,,2,27,27,8,8,8,8,28,1
17,1827,1,4,1,1,1.018747,1684,10168,31,29,3,5,3,12281.75391,75418.14063,14,18,255,255,3462678815,1314134845,120,565,1,3924,8767.271221,7675.795566,1424225047,1424225048,78.339538,59.897588,0.000623,0.000484,0.000139,0,0,1.0,,2,1,2,1,2,1,1,2,0
4,1828,20,0,0,0,0.001061,146,178,31,29,0,0,0,550424.125,671065.0,2,2,0,0,0,0,73,89,0,0,0.0,0.0,1421947595,1421947595,0.008,0.006,0.0,0.0,0.0,0,0,0.0,0.0,0,3,2,2,2,1,1,1,0
17,1829,19,667,1,1,0.004391,8928,320,31,29,4,1,5,15105442.0,486449.5313,14,6,255,255,3805302785,1671259260,638,53,0,0,17.504081,1.199832,1421969877,1421969877,0.337769,0.7532,0.000657,0.000492,0.000165,0,0,0.0,0.0,0,3,3,4,8,1,1,4,0
6,1830,14,26,1,1,0.537415,486,268,254,252,2,1,2,6520.100586,3334.480713,10,6,255,255,3597101339,3425668774,49,45,0,0,3041.745025,152.079922,1424255805,1424255806,57.163,94.483602,0.123908,0.064988,0.05892,0,1,,,2,10,9,4,4,3,3,9,1
2,2,2,0,0,2,3e-06,114,0,254,0,0,0,0,152000000.0,0.0,2,0,0,0,0,0,57,0,0,0,0.0,0.0,1424251692,1424251692,0.003,0.0,0.0,0.0,0.0,0,2,,,2,29,29,16,16,16,16,29,1
2,2,3,0,0,2,3e-06,114,0,254,0,0,0,0,152000000.0,0.0,2,0,0,0,0,0,57,0,0,0,0.0,0.0,1424237755,1424237755,0.003,0.0,0.0,0.0,0.0,0,2,,,2,45,45,46,45,44,24,46,1
3,2,14,0,0,2,1e-05,114,0,254,0,0,0,0,45600000.0,0.0,2,0,0,0,0,0,57,0,0,0,0.0,0.0,1424247385,1424247385,0.01,0.0,0.0,0.0,0.0,0,2,,,2,33,33,16,16,16,16,33,1
2,2,3,0,0,2,2e-06,114,0,254,0,0,0,0,228000000.0,0.0,2,0,0,0,0,0,57,0,0,0,0.0,0.0,1424238361,1424238361,0.002,0.0,0.0,0.0,0.0,0,2,,,2,34,34,25,26,24,24,34,1
2,5,3,0,0,2,4e-06,114,0,254,0,0,0,0,114000000.0,0.0,2,0,0,0,0,0,57,0,0,0,0.0,0.0,1424237939,1424237939,0.004,0.0,0.0,0.0,0.0,0,2,,,2,38,38,20,20,20,20,38,1
14,1831,13,8,1,1,0.034789,37996,3380,31,29,19,8,4,8575814.0,758860.5625,54,42,255,255,3175965967,3176964767,704,80,0,0,42.265587,1.411274,1421944303,1421944303,0.649849,0.83639,0.00063,0.00049,0.00014,0,0,0.0,0.0,0,2,1,4,3,1,1,1,0
3,5,14,0,0,2,7e-06,114,0,254,0,0,0,0,65142856.0,0.0,2,0,0,0,0,0,57,0,0,0,0.0,0.0,1424245496,1424245496,0.007,0.0,0.0,0.0,0.0,0,2,,,2,16,16,13,13,13,4,16,1
11,581,4,7,1,1,0.328082,1540,1644,31,29,4,4,2,35210.71094,37868.58203,16,18,255,255,2589389951,2608881021,96,91,0,0,1477.681823,47.876937,1424240565,1424240565,21.850201,20.47275,0.000624,0.000508,0.000116,0,0,,,2,7,7,6,8,5,1,5,0
3,5,14,0,0,2,1e-06,114,0,254,0,0,0,0,456000000.0,0.0,2,0,0,0,0,0,57,0,0,0,0.0,0.0,1424248189,1424248189,0.001,0.0,0.0,0.0,0.0,0,2,,,2,45,45,28,28,28,11,45,1
3,1832,9,33,1,1,0.816927,1128,816,254,252,3,2,2,10125.75195,7197.705566,12,10,255,255,3613870663,4198840698,94,82,0,0,4844.950787,117.176492,1424254889,1424254889,70.883724,84.109891,0.116024,0.05993,0.056094,0,1,,,2,2,2,1,1,1,1,2,1
1,886,10,10,0,0,0.004646,568,320,31,29,0,0,2,733534.25,413258.7188,4,4,0,0,0,0,142,80,0,0,1.669245,1.462768,1424260438,1424260438,1.186333,1.041333,0.0,0.0,0.0,0,0,,,2,4,3,3,4,1,1,2,0
17,1833,1,668,1,1,0.017583,2958,32650,31,29,7,18,2,1318091.375,14558153.0,48,50,255,255,1303128651,1313261994,62,653,0,0,21.295457,19.946681,1421944862,1421944862,0.375304,0.347245,0.000721,0.000564,0.000157,0,0,0.0,0.0,0,9,14,13,8,4,4,4,0
14,1834,1,9,1,1,0.004209,1470,1728,31,29,5,4,2,2668567.25,3050605.75,22,14,255,255,1780277047,1780555231,67,123,0,0,12.273117,0.363777,1424261642,1424261642,0.200429,0.271769,0.000693,0.000561,0.000132,0,0,,,2,2,2,1,4,1,1,1,0
10,1835,0,669,1,1,0.073906,4238,62840,31,29,7,30,2,452466.6563,6710254.0,72,74,255,255,460398866,2606063970,59,849,0,0,69.404694,64.975175,1424249080,1424249080,1.036465,1.004548,0.000711,0.000573,0.000138,0,0,,,2,10,2,1,9,1,1,1,0
9,8,15,6,3,2,3e-06,200,0,254,0,0,0,2,266666656.0,0.0,2,0,0,0,0,0,100,0,0,0,0.0,0.0,1424258857,1424258857,0.003,0.0,0.0,0.0,0.0,0,2,,,2,6,6,2,3,2,2,6,1
11,1836,19,18,1,1,2.938604,7800,15630,31,29,30,32,2,21063.0625,42213.23828,122,126,255,255,3695510247,3805824780,64,124,0,0,1382.943854,1360.294046,1424224944,1424224947,24.283216,23.504544,0.000903,0.000533,0.00037,0,0,,,2,4,2,3,2,1,1,2,0
13,1837,18,670,1,1,0.016839,2958,32796,31,29,7,18,2,1376328.75,15269791.0,48,50,255,255,3378212910,1240971766,62,656,0,0,0.0,19.374542,1421961759,1421961759,0.351191,0.332755,0.000661,0.00053,0.000131,0,0,0.0,0.0,0,5,7,3,2,1,1,1,0
13,1838,19,671,1,1,0.22247,8928,320,31,29,4,1,5,298143.5625,9601.294922,14,6,255,255,1702453635,1743858214,638,53,0,0,1569.876169,67.160656,1424236397,1424236398,17.113078,44.339199,0.000633,0.000518,0.000115,0,0,,,2,2,2,3,3,1,1,3,0
6,5,6,0,0,2,4e-06,114,0,254,0,0,0,0,114000000.0,0.0,2,0,0,0,0,0,57,0,0,0,0.0,0.0,1424259041,1424259041,0.004,0.0,0.0,0.0,0.0,0,2,,,2,38,38,35,35,35,20,38,1
8,1839,4,672,1,1,0.045046,4550,68342,31,29,7,33,2,797762.25,11985614.0,78,80,255,255,1085780499,1086058933,58,854,0,0,34.103272,32.91025,1421937782,1421937782,0.580649,0.562076,0.000794,0.000635,0.000159,0,0,0.0,0.0,0,4,5,2,2,1,1,1,0
2,2,3,0,0,2,8e-06,114,0,254,0,0,0,0,57000000.0,0.0,2,0,0,0,0,0,57,0,0,0,0.0,0.0,1424238642,1424238642,0.008,0.0,0.0,0.0,0.0,0,2,,,2,45,45,17,17,17,17,45,1
4,1840,20,9,1,1,0.004216,1036,2262,31,29,4,4,2,1802656.5,3935484.0,12,12,255,255,3739528152,1590245829,86,189,0,0,17.630545,0.393917,1421942525,1421942525,0.349909,0.329636,0.000725,0.000582,0.000143,0,0,0.0,0.0,0,2,3,1,2,1,1,1,0
6,5,6,0,0,2,8e-06,114,0,254,0,0,0,0,57000000.0,0.0,2,0,0,0,0,0,57,0,0,0,0.0,0.0,1424260964,1424260964,0.008,0.0,0.0,0.0,0.0,0,2,,,2,13,13,15,13,13,13,13,1
11,1841,0,10,0,0,0.015325,568,304,31,29,0,0,2,222381.7344,119021.2109,4,4,0,0,0,0,142,76,0,0,1.606075,6.551816,1424238205,1424238205,1.139667,4.638333,0.0,0.0,0.0,0,0,,,2,4,10,6,2,1,1,3,0
9,1842,9,18,1,1,15.552797,9178,1632720,62,252,6,606,2,4698.318848,839143.1875,208,1216,255,255,3232306285,1803654786,44,1343,0,0,4113.756505,1671.114114,1424238706,1424238722,75.134283,12.768571,0.058033,0.039342,0.018691,0,1,,,2,1,1,1,1,1,1,1,1
2,1843,24,4,1,1,0.887417,798,1074,62,252,2,2,3,6481.73291,8474.032227,10,8,255,255,1693649461,2817680777,80,134,1,132,5225.593935,199.072609,1424225680,1424225681,98.601889,106.505,0.211801,0.125321,0.08648,0,1,4.0,,2,5,5,2,3,2,2,5,1
3,1844,17,4,1,1,0.430914,1218,19788,62,252,3,9,3,20737.31641,350677.8438,12,22,255,255,3699311931,135937000,102,899,1,2789,2233.914854,2061.212253,1424228828,1424228828,39.174001,20.178619,0.050778,0.006224,0.044554,0,1,1.0,,2,1,1,1,1,1,1,1,1
3,1845,24,26,1,1,1.05778,592,354,254,252,2,1,2,4031.083984,2344.532715,10,8,255,255,145478240,4096741920,59,44,0,0,6805.625249,218.342984,1424235345,1424235346,111.990333,139.138281,0.133693,0.083804,0.049889,0,1,,,2,2,1,1,1,1,1,1,0
2,5,2,0,0,2,8e-06,114,0,254,0,0,0,0,57000000.0,0.0,2,0,0,0,0,0,57,0,0,0,0.0,0.0,1424253697,1424253697,0.008,0.0,0.0,0.0,0.0,0,2,,,2,29,29,13,13,13,13,29,1
6,1846,3,4,1,1,0.199015,830,268,254,252,2,1,3,30027.88672,9004.345703,10,6,255,255,3172553218,3243075564,83,45,1,0,1068.448265,63.113414,1424243342,1424243342,20.017222,37.950602,0.06184,0.009254,0.052586,0,1,1.0,,2,1,1,1,1,1,1,1,1
13,1847,10,18,1,1,0.032165,7816,15020,31,29,30,32,2,1928058.5,3706140.5,122,126,255,255,3037323943,892917866,64,119,0,0,16.620799,14.511831,1421957732,1421957732,0.267269,0.253048,0.000667,0.00053,0.000137,0,0,0.0,0.0,0,6,10,3,5,2,2,2,0
6,5,9,0,0,2,6e-06,114,0,254,0,0,0,0,76000000.0,0.0,2,0,0,0,0,0,57,0,0,0,0.0,0.0,1424225098,1424225098,0.006,0.0,0.0,0.0,0.0,0,2,,,2,17,17,17,17,17,9,17,1
4,1848,10,673,1,1,0.118512,320,1900,31,29,1,2,5,18023.49219,112258.6797,6,8,255,255,1145278157,3970404725,53,238,0,0,1663.320407,40.997437,1424248506,1424248506,23.6416,16.866,0.000567,0.000447,0.00012,0,0,,,2,2,7,3,5,1,1,2,0
23,8,27,6,13,3,0.0,384,0,1,0,0,0,2,51.195522,0.0,6,0,0,0,0,0,64,0,0,0,0.0,0.0,1421971341,1421971391,10001.041,0.0,0.0,0.0,0.0,0,0,0.0,0.0,0,2,4,4,2,2,4,2,0
3,2,3,0,0,2,8e-06,114,0,254,0,0,0,0,57000000.0,0.0,2,0,0,0,0,0,57,0,0,0,0.0,0.0,1424232274,1424232274,0.008,0.0,0.0,0.0,0.0,0,2,,,2,34,34,25,25,25,25,34,1
3,5,3,0,0,2,9e-06,114,0,254,0,0,0,0,50666664.0,0.0,2,0,0,0,0,0,57,0,0,0,0.0,0.0,1424230528,1424230528,0.009,0.0,0.0,0.0,0.0,0,2,,,2,55,55,38,38,38,17,55,1
11,1849,13,0,0,0,0.001057,146,178,31,29,0,0,0,552507.0625,673604.5,2,2,0,0,0,0,73,89,0,0,0.0,0.0,1421962218,1421962218,0.011,0.002,0.0,0.0,0.0,0,0,0.0,0.0,0,3,3,4,1,1,1,1,0
3,5,14,0,0,2,1e-06,114,0,254,0,0,0,0,456000000.0,0.0,2,0,0,0,0,0,57,0,0,0,0.0,0.0,1424244866,1424244866,0.001,0.0,0.0,0.0,0.0,0,2,,,2,35,35,17,19,17,17,35,1
8,1850,1,4,1,1,1.008985,1684,10168,31,29,3,5,3,12400.58008,76147.8125,14,18,255,255,4086641599,1942316200,120,565,1,3924,8764.810148,7675.332952,1421941717,1421941718,77.586156,59.318471,0.000716,0.000567,0.000149,0,0,1.0,0.0,0,1,4,1,3,1,1,1,0
0,1851,8,4,1,1,1.16005,1684,10168,31,29,3,5,3,10785.74121,66231.625,14,18,255,255,1260206396,1283422860,120,565,1,3924,8835.867924,7738.594274,1424239736,1424239737,89.208228,68.205353,0.000671,0.000555,0.000116,0,0,1.0,,2,1,2,3,5,1,1,1,0
8,1852,18,0,0,0,0.001116,146,178,31,29,0,0,0,523297.5,637992.8125,2,2,0,0,0,0,73,89,0,0,0.0,0.0,1421936715,1421936715,0.01,0.008,0.0,0.0,0.0,0,0,0.0,0.0,0,5,3,3,2,2,1,2,0
10,1853,1,674,1,1,0.005687,4256,2456,31,29,7,7,2,5655002.5,3263583.5,18,18,255,255,2947033839,803997580,236,136,0,0,15.715522,0.416717,1421928296,1421928296,0.316647,0.297588,0.000795,0.000622,0.000173,0,0,0.0,0.0,0,13,3,4,3,1,1,3,0
4,1854,18,8,1,1,0.567964,37244,3380,31,29,18,8,4,514511.4688,46481.81641,52,42,255,255,4063561289,4176144720,716,80,0,0,831.752274,26.371316,1421953256,1421953257,11.129745,13.839561,0.000672,0.000539,0.000133,0,0,0.0,0.0,0,1,1,3,5,1,1,1,0
2,1855,17,4,1,1,1.297513,2782,354,254,252,2,1,3,15438.7666,1911.348877,10,8,255,255,664859364,3731316774,278,44,0,0,8849.686237,269.078844,1424242329,1424242330,141.820222,177.361859,0.119834,0.055971,0.063863,0,1,,,2,2,1,1,1,1,1,1,1
3,2,3,0,0,2,9e-06,114,0,254,0,0,0,0,50666664.0,0.0,2,0,0,0,0,0,57,0,0,0,0.0,0.0,1424232455,1424232455,0.009,0.0,0.0,0.0,0.0,0,2,,,2,34,34,16,16,16,16,34,1
3,2,14,0,0,2,1e-06,114,0,254,0,0,0,0,456000000.0,0.0,2,0,0,0,0,0,57,0,0,0,0.0,0.0,1424248142,1424248142,0.001,0.0,0.0,0.0,0.0,0,2,,,2,27,27,23,22,22,22,27,1
2,1856,2,0,0,2,9e-06,116,0,254,0,0,0,0,51555552.0,0.0,2,0,0,0,0,0,58,0,0,0,0.0,0.0,1424258806,1424258806,0.009,0.0,0.0,0.0,0.0,0,2,,,2,1,1,1,2,1,1,1,1
5,5,7,0,0,2,3e-06,264,0,60,0,0,0,0,352000000.0,0.0,2,0,0,0,0,0,132,0,0,0,0.0,0.0,1424230444,1424230444,0.003,0.0,0.0,0.0,0.0,0,0,,,2,49,49,25,25,25,25,49,0
10,1857,4,675,1,1,0.004572,424,8824,31,29,1,4,5,649168.875,14153981.0,8,12,255,255,681716144,2838308972,53,735,0,0,38.611905,20.630847,1424259764,1424259764,0.609571,0.374,0.000567,0.000454,0.000113,0,0,,,2,6,3,4,6,1,1,4,0
0,1858,12,8,1,1,0.024801,37278,3276,31,29,18,8,4,11793718.0,1030603.625,52,40,255,255,3866094145,1717612548,717,82,0,0,31.366787,1.392919,1424230173,1424230173,0.498959,0.620974,0.000704,0.00058,0.000124,0,0,,,2,1,1,1,1,1,1,1,0
10,1859,1,8,1,1,0.02138,37590,3380,31,29,18,8,4,13795323.0,1234798.875,52,42,255,255,4155749021,4152592585,723,80,0,0,23.366079,0.900492,1424233928,1424233928,0.429102,0.508561,0.000649,0.000525,0.000124,0,0,,,2,2,1,3,3,1,1,1,0
13,1860,8,676,0,0,0.001634,520,304,31,29,0,0,2,1909424.75,1116279.125,4,4,0,0,0,0,130,76,0,0,0.590905,0.283552,1421965462,1421965462,0.421333,0.205,0.0,0.0,0.0,0,0,0.0,0.0,0,16,6,4,5,1,1,3,0
3,2,3,0,0,2,1e-06,114,0,254,0,0,0,0,456000000.0,0.0,2,0,0,0,0,0,57,0,0,0,0.0,0.0,1424230820,1424230820,0.001,0.0,0.0,0.0,0.0,0,2,,,2,34,34,25,26,25,25,34,1
2,1861,14,33,1,1,40.328518,3270,1642,254,252,7,6,2,621.694031,309.458435,24,20,255,255,1956161030,3530000812,136,82,0,0,240911.3436,8123.07,1424220294,1424220334,1752.217174,2116.874,0.166353,0.1079,0.058453,0,1,,,2,5,2,2,4,2,2,2,1
9,8,15,6,78,2,8e-06,200,0,254,0,0,0,2,100000000.0,0.0,2,0,0,0,0,0,100,0,0,0,0.0,0.0,1424258742,1424258742,0.008,0.0,0.0,0.0,0.0,0,2,,,2,10,10,2,2,2,2,10,1
3,5,3,0,0,2,3e-06,114,0,254,0,0,0,0,152000000.0,0.0,2,0,0,0,0,0,57,0,0,0,0.0,0.0,1424232977,1424232977,0.003,0.0,0.0,0.0,0.0,0,2,,,2,39,39,18,20,18,18,39,1
13,1862,4,4,1,1,1.180912,1684,10168,31,29,3,5,3,10595.20117,65061.57813,14,18,255,255,3121047803,3122054998,120,565,1,3924,10118.71622,8858.428718,1421938848,1421938849,90.741462,69.436765,0.000602,0.000481,0.000121,0,0,1.0,0.0,0,2,3,3,4,1,1,1,0
11,1863,19,677,1,1,0.106754,4550,69850,31,29,7,33,2,336624.4063,5169043.0,78,80,255,255,92783494,2242710933,58,873,0,0,0.0,78.850298,1421959012,1421959012,1.382675,1.344038,0.000707,0.000571,0.000136,0,0,0.0,0.0,0,3,7,4,3,1,1,2,0
11,1864,13,678,1,1,0.023033,2854,31354,31,29,7,17,2,969739.0625,10663309.0,46,48,255,255,3915091984,3915333148,62,653,0,0,0.0,28.808433,1421967644,1421967644,0.504511,0.479234,0.000645,0.000506,0.000139,0,0,0.0,0.0,0,7,7,3,5,1,1,1,0
1,1865,0,0,0,0,0.001004,146,178,31,29,0,0,0,581673.3125,709163.375,2,2,0,0,0,0,73,89,0,0,0.0,0.0,1421970457,1421970457,0.01,0.011,0.0,0.0,0.0,0,0,0.0,0.0,0,2,3,5,3,1,1,1,0
12,1866,19,7,1,1,1.06677,13038,548216,31,29,21,197,2,97348.07031,4101840.25,226,438,255,255,497377572,501288165,58,1252,0,0,860.531228,616.642968,1424252248,1424252249,4.7398,2.445683,0.000564,0.00045,0.000114,0,0,,,2,11,10,5,4,4,2,9,0
6,2,6,0,0,2,1e-06,114,0,254,0,0,0,0,456000000.0,0.0,2,0,0,0,0,0,57,0,0,0,0.0,0.0,1424261013,1424261013,0.001,0.0,0.0,0.0,0.0,0,2,,,2,22,22,17,17,17,17,22,1
2,2,3,0,0,2,2e-06,114,0,254,0,0,0,0,228000000.0,0.0,2,0,0,0,0,0,57,0,0,0,0.0,0.0,1424238616,1424238616,0.002,0.0,0.0,0.0,0.0,0,2,,,2,32,32,24,24,24,24,32,1
1,1867,13,1,1,1,0.930689,2934,3742,31,29,11,15,1,24738.66211,31572.30859,52,54,255,255,927529774,928550950,56,69,0,0,1671.936849,54.682836,1424230941,1424230942,18.607659,17.550434,0.000642,0.00051,0.000132,0,0,,1.0,3,2,1,3,8,1,1,4,0
3,2,3,0,0,2,5e-06,114,0,254,0,0,0,0,91200000.0,0.0,2,0,0,0,0,0,57,0,0,0,0.0,0.0,1424230289,1424230289,0.005,0.0,0.0,0.0,0.0,0,2,,,2,21,21,21,22,21,21,21,1
5,2,5,0,0,2,1.1e-05,264,0,60,0,0,0,0,96000000.0,0.0,2,0,0,0,0,0,132,0,0,0,0.0,0.0,1421932953,1421932953,0.011,0.0,0.0,0.0,0.0,0,0,0.0,0.0,0,6,6,3,3,3,3,3,0
11,1868,18,9,1,1,0.005362,1470,1728,31,29,5,4,2,2094740.875,2394629.0,22,14,255,255,3632110742,3628230846,67,123,0,0,16.931042,0.531093,1421962242,1421962242,0.255333,0.353923,0.000784,0.000626,0.000158,0,0,0.0,0.0,0,4,5,2,6,1,1,1,0
11,1869,4,679,1,1,0.130891,3302,35712,31,29,7,21,2,198088.5,2143768.5,54,56,255,255,2767348780,618076708,61,638,0,0,141.784764,140.179977,1421964482,1421964482,2.463,2.369709,0.00067,0.000546,0.000124,0,0,0.0,0.0,0,11,7,4,5,1,1,2,0
6,1870,6,680,1,0,59.935158,297654,16168,254,252,398,0,2,39680.34766,2152.325928,798,376,255,255,2091439702,1200223257,373,43,0,0,3887.01064,172.050172,1424256716,1424256776,75.312225,159.785781,0.124746,0.052634,0.072112,0,0,,,2,6,1,1,2,1,1,1,1
9,1871,24,681,1,1,0.69386,364,906,62,252,1,2,5,3677.975342,9143.054688,8,8,255,255,3503703118,2013930583,46,113,0,0,6033.136755,180.970063,1424225254,1424225254,99.122859,84.42243,0.191469,0.090483,0.100986,0,1,,,2,1,1,3,2,1,1,2,1
17,1872,18,8,1,1,0.022641,37178,3380,31,29,18,8,4,12884237.0,1166026.25,52,42,255,255,1975972236,1977019981,715,80,0,0,23.670723,0.92682,1421935636,1421935636,0.437098,0.538293,0.000726,0.000567,0.000159,0,0,0.0,0.0,0,1,1,4,2,1,1,1,0
16,5,21,0,0,2,2e-06,264,0,60,0,0,0,0,528000000.0,0.0,2,0,0,0,0,0,132,0,0,0,0.0,0.0,1424223485,1424223485,0.002,0.0,0.0,0.0,0.0,0,0,,,2,31,31,23,23,23,16,31,0
14,1873,19,0,0,0,0.00132,130,162,31,29,0,0,0,393939.375,490909.0625,2,2,0,0,0,0,65,81,0,0,0.0,0.0,1421951652,1421951652,0.01,0.006,0.0,0.0,0.0,0,0,0.0,0.0,0,1,2,4,4,1,1,1,0
11,1874,12,0,0,0,0.001282,146,178,31,29,0,0,0,455538.2188,555382.25,2,2,0,0,0,0,73,89,0,0,0.0,0.0,1421972435,1421972435,0.011,0.009,0.0,0.0,0.0,0,0,0.0,0.0,0,4,4,1,4,1,1,1,0
4,1875,10,4,1,1,0.003956,1048,824,31,29,2,2,3,1854398.5,1500505.625,8,10,255,255,3401099597,1252573444,131,82,1,83,32.323652,0.692403,1421961473,1421961473,0.514,0.379222,0.000686,0.000536,0.00015,0,0,1.0,0.0,0,1,1,2,8,1,1,2,0
7,2,7,0,0,2,5e-06,264,0,60,0,0,0,0,211200000.0,0.0,2,0,0,0,0,0,132,0,0,0,0.0,0.0,1424246118,1424246118,0.005,0.0,0.0,0.0,0.0,0,0,,,2,23,23,13,13,13,13,23,0
10,1876,0,682,1,1,0.016945,2230,13288,31,29,7,11,2,1022130.375,6099262.0,34,36,255,255,361298194,361591380,66,369,0,0,46.959888,45.462977,1421936252,1421936252,0.503939,0.468229,0.00095,0.000556,0.000394,0,0,0.0,0.0,0,10,6,6,6,1,1,1,0
2,5,3,0,0,2,1e-05,114,0,254,0,0,0,0,45600000.0,0.0,2,0,0,0,0,0,57,0,0,0,0.0,0.0,1424240203,1424240203,0.01,0.0,0.0,0.0,0.0,0,2,,,2,44,44,44,45,44,20,44,1
4,1877,1,4,1,1,1.141161,1684,10168,31,29,3,5,3,10964.27246,67327.92188,14,18,255,255,279883865,281495713,120,565,1,3924,8839.106148,7740.974723,1421942508,1421942509,87.755382,67.079176,0.000961,0.000807,0.000154,0,0,1.0,0.0,0,3,1,4,4,2,1,1,0
3,8,11,6,53,2,8e-06,200,0,254,0,0,0,2,100000000.0,0.0,2,0,0,0,0,0,100,0,0,0,0.0,0.0,1424230228,1424230228,0.008,0.0,0.0,0.0,0.0,0,2,,,2,6,6,2,2,2,2,7,1
3,2,14,0,0,2,9e-06,114,0,254,0,0,0,0,50666664.0,0.0,2,0,0,0,0,0,57,0,0,0,0.0,0.0,1424246045,1424246045,0.009,0.0,0.0,0.0,0.0,0,2,,,2,29,29,22,23,22,22,29,1
12,1878,0,10,0,0,0.004898,568,312,31,29,0,0,2,695794.1875,382196.8125,4,4,0,0,0,0,142,78,0,0,1.85757,1.598297,1421943729,1421943729,1.321,1.138667,0.0,0.0,0.0,0,0,0.0,0.0,0,5,5,5,6,1,1,3,0
13,1879,0,9,1,1,0.006636,4908,2344,31,29,9,6,2,5743219.0,2708860.75,34,24,255,255,825890216,2971543267,144,98,0,0,0.0,0.367169,1424239886,1424239886,0.214065,0.258,0.000713,0.000582,0.000131,0,0,,,2,10,9,2,2,1,1,4,0
2,5,2,0,0,2,9e-06,114,0,254,0,0,0,0,50666664.0,0.0,2,0,0,0,0,0,57,0,0,0,0.0,0.0,1424251658,1424251658,0.009,0.0,0.0,0.0,0.0,0,2,,,2,37,37,34,34,34,18,37,1
9,1880,9,10,1,1,0.630865,564,354,254,252,2,1,2,6441.949219,3931.110596,10,8,255,255,2667376939,252464545,56,44,0,0,5464.76412,138.661141,1424244330,1424244331,69.504889,88.951289,0.054479,0.008203,0.046276,0,1,,,2,1,1,1,2,1,1,1,1
14,1881,10,9,1,1,0.004278,1036,2262,31,29,4,4,2,1776531.125,3878448.0,12,12,255,255,3289909056,3290219420,86,189,0,0,18.023462,0.395849,1421942431,1421942431,0.357273,0.331364,0.000779,0.000622,0.000157,0,0,0.0,0.0,0,12,2,1,5,2,1,1,0
14,1882,12,1,1,1,0.020421,2934,3740,31,29,11,15,1,1127466.75,1438127.375,52,54,255,255,2098819422,4245255213,56,69,0,0,27.202913,0.633719,1424225754,1424225754,0.410592,0.374717,0.000681,0.000558,0.000123,0,0,,1.0,3,2,2,11,12,2,1,10,0
9,8,15,6,79,2,1.008592,360,0,254,0,0,0,2,2141.599365,0.0,4,0,0,0,0,0,90,0,0,0,475.447063,0.0,1424258718,1424258719,336.197344,0.0,0.0,0.0,0.0,0,2,,,2,1,1,1,1,1,1,1,1
0,1883,19,683,1,1,0.021311,2854,30384,31,29,7,17,2,1048097.25,11168317.0,46,48,255,255,1611120998,3763994779,62,633,0,0,26.689573,25.130736,1421940592,1421940592,0.465933,0.440255,0.000771,0.000609,0.000162,0,0,0.0,0.0,0,8,9,4,4,1,1,1,0
19,2,21,0,0,2,2e-06,264,0,60,0,0,0,0,528000000.0,0.0,2,0,0,0,0,0,132,0,0,0,0.0,0.0,1424260966,1424260966,0.002,0.0,0.0,0.0,0.0,0,0,,,2,18,18,18,18,18,18,18,0
2,2,3,0,0,2,4e-06,114,0,254,0,0,0,0,114000000.0,0.0,2,0,0,0,0,0,57,0,0,0,0.0,0.0,1424238252,1424238252,0.004,0.0,0.0,0.0,0.0,0,2,,,2,19,19,20,21,19,19,20,1
3,5,14,0,0,2,1e-05,114,0,254,0,0,0,0,45600000.0,0.0,2,0,0,0,0,0,57,0,0,0,0.0,0.0,1424246409,1424246409,0.01,0.0,0.0,0.0,0.0,0,2,,,2,14,14,14,15,14,14,14,1
17,1884,18,0,0,0,0.001079,146,178,31,29,0,0,0,541241.9375,659870.25,2,2,0,0,0,0,73,89,0,0,0.0,0.0,1421968007,1421968007,0.011,0.008,0.0,0.0,0.0,0,0,0.0,0.0,0,3,2,1,10,1,1,1,0
3,1885,2,26,1,1,1.377673,774,642,254,252,4,3,2,4175.15625,3420.26001,14,12,255,255,1488138382,604954652,55,54,0,0,5759.63888,211.979016,1424240996,1424240998,102.298541,117.857633,0.212313,0.081238,0.131075,0,1,,,2,3,4,1,1,1,1,4,1
0,1886,20,8,1,1,0.590993,37274,3380,31,29,18,8,4,494868.8125,44670.58203,52,42,255,255,3006184558,3022072699,717,80,0,0,873.53343,27.759229,1424227455,1424227456,11.581216,14.401171,0.000652,0.000537,0.000115,0,0,,,2,2,2,2,4,1,1,3,0
0,533,10,8,1,1,0.496887,37232,3172,31,29,18,8,4,587916.375,49733.64063,52,38,255,255,3518986833,1370411241,716,83,0,0,989.666148,34.642992,1421935839,1421935839,9.73598,13.414784,0.000671,0.000535,0.000136,0,0,0.0,0.0,0,2,3,3,5,2,2,3,0
1,1887,8,30,1,1,0.00713,3728,5474,31,29,7,7,6,4052735.0,5886115.0,32,24,255,255,2127868290,4277759644,117,228,0,0,14.595902,0.401904,1421965053,1421965053,0.23,0.280261,0.000714,0.000579,0.000135,0,0,0.0,0.0,0,1,1,2,1,1,1,1,0
12,1888,4,9,1,1,0.007155,2062,2308,31,29,6,6,2,2210482.0,2473235.5,24,24,255,255,1742928296,1743171555,86,96,0,0,16.386508,19.468528,1424233767,1424233767,0.309818,0.299773,0.000694,0.000556,0.000138,0,0,,,2,4,2,1,7,1,1,1,0
14,1889,0,7,1,1,1.508019,11584,453695,31,29,17,147,2,61150.42578,2400229.75,200,364,255,255,2921551836,2927313201,58,1246,0,0,2024.998333,1498.360706,1421929284,1421929286,7.576397,4.152983,0.000612,0.00048,0.000132,0,0,0.0,0.0,0,9,10,2,7,2,1,2,0
2,5,2,0,0,2,7e-06,114,0,254,0,0,0,0,65142856.0,0.0,2,0,0,0,0,0,57,0,0,0,0.0,0.0,1424252929,1424252929,0.007,0.0,0.0,0.0,0.0,0,2,,,2,38,38,28,28,28,15,38,1
2,8,6,6,43,2,9e-06,200,0,254,0,0,0,2,88888888.0,0.0,2,0,0,0,0,0,100,0,0,0,0.0,0.0,1424237301,1424237301,0.009,0.0,0.0,0.0,0.0,0,2,,,2,3,3,2,4,2,2,3,1
14,1890,0,684,1,1,0.016897,2542,22128,31,29,7,14,2,1173699.5,10227614.0,40,42,255,255,311152255,2461043078,64,527,0,0,26.278329,24.712938,1424249792,1424249792,0.436447,0.406675,0.000766,0.000622,0.000144,0,0,,,2,4,5,3,2,1,1,1,0
0,1891,19,4,1,1,1.09873,1580,10168,31,29,3,5,3,10550.36328,69928.00781,12,18,255,255,2329852814,2335112610,132,565,1,3924,9573.722,7708.698569,1424252158,1424252159,99.853362,64.598586,0.000673,0.000551,0.000122,0,0,1.0,,2,2,1,2,2,2,1,4,0
3,1892,24,47,1,1,6.112769,3100,419649,62,252,7,162,7,3999.496826,547535.8125,70,328,255,255,377042021,3731870298,44,1279,0,0,4297.557549,2156.796038,1424251770,1424251776,88.590856,18.400187,0.169315,0.070479,0.098836,0,1,,,2,1,1,1,2,1,1,2,1
2,1893,17,10,0,2,1.1e-05,168,0,254,0,0,0,2,61090908.0,0.0,2,0,0,0,0,0,84,0,0,0,0.0,0.0,1421933252,1421933252,0.011,0.0,0.0,0.0,0.0,0,2,0.0,0.0,0,2,1,1,1,1,1,1,1
6,1894,6,685,1,1,0.557169,364,3754,62,252,1,3,5,4580.297852,48516.69531,8,10,255,255,762166554,3042779733,46,375,0,0,5166.633979,4495.14766,1421928888,1421928889,79.595571,55.877778,0.09435,0.035944,0.058406,0,1,0.0,0.0,0,1,1,2,2,1,1,2,1
1,1895,20,0,0,0,0.001103,146,178,31,29,0,0,0,529465.0625,645512.25,2,2,0,0,0,0,73,89,0,0,0.0,0.0,1424238205,1424238205,0.01,0.005,0.0,0.0,0.0,0,0,,,2,2,1,1,1,1,1,1,0
1,1896,20,10,0,0,0.004546,568,304,31,29,0,0,2,749670.0,401231.8438,4,4,0,0,0,0,142,76,0,0,1.710494,1.454754,1421950770,1421950770,1.217,1.037667,0.0,0.0,0.0,0,0,0.0,0.0,0,3,3,5,4,1,1,3,0
2,2,2,0,0,2,9e-06,114,0,254,0,0,0,0,50666664.0,0.0,2,0,0,0,0,0,57,0,0,0,0.0,0.0,1424254769,1424254769,0.009,0.0,0.0,0.0,0.0,0,2,,,2,21,21,16,16,16,16,21,1
2,2,3,0,0,2,3e-06,114,0,254,0,0,0,0,152000000.0,0.0,2,0,0,0,0,0,57,0,0,0,0.0,0.0,1424239494,1424239494,0.003,0.0,0.0,0.0,0.0,0,2,,,2,24,24,24,24,24,24,24,1
0,1897,18,30,1,1,2.027859,12648,13202,31,29,35,33,6,49502.45703,51664.34375,126,124,255,255,3415753683,1270658909,100,106,0,0,1340.556943,1352.40593,1424249622,1424249624,16.222872,16.481082,0.000713,0.000561,0.000152,0,0,,,2,1,2,5,2,1,1,3,0
2,5,3,0,0,2,3e-06,114,0,254,0,0,0,0,152000000.0,0.0,2,0,0,0,0,0,57,0,0,0,0.0,0.0,1424240625,1424240625,0.003,0.0,0.0,0.0,0.0,0,2,,,2,37,37,20,20,20,20,37,1
12,1898,8,4,1,1,0.003777,1038,820,31,29,2,2,3,1925337.625,1563145.375,8,10,255,255,1486047092,3632445194,130,82,1,81,31.600695,0.648449,1424254694,1424254694,0.489143,0.367556,0.000588,0.000463,0.000125,0,0,1.0,,2,2,1,4,9,1,1,1,0
3,408,2,354,0,2,1e-05,586,0,254,0,0,0,2,234400000.0,0.0,2,0,0,0,0,0,293,0,0,0,0.0,0.0,1424254486,1424254486,0.01,0.0,0.0,0.0,0.0,0,2,,,2,1,1,19,2,1,1,1,1
2,5,3,0,0,2,9e-06,114,0,254,0,0,0,0,50666664.0,0.0,2,0,0,0,0,0,57,0,0,0,0.0,0.0,1424238977,1424238977,0.009,0.0,0.0,0.0,0.0,0,2,,,2,45,45,20,19,19,19,45,1
3,5,3,0,0,2,8e-06,114,0,254,0,0,0,0,57000000.0,0.0,2,0,0,0,0,0,57,0,0,0,0.0,0.0,1424230731,1424230731,0.008,0.0,0.0,0.0,0.0,0,2,,,2,39,39,15,15,15,15,39,1
11,1899,12,4,1,1,0.01422,1040,824,31,29,2,2,3,511954.9688,417440.2188,8,10,255,255,1483063667,3634177605,130,82,1,83,118.413241,2.636115,1421935545,1421935545,1.978571,1.525444,0.000622,0.000487,0.000135,0,0,1.0,0.0,0,2,2,3,5,2,1,1,0
3,1900,16,4,1,1,1.035766,580,268,254,252,2,1,3,4031.798584,1730.120483,10,6,255,255,2952076777,3168036799,58,45,1,0,6155.316101,313.05725,1424248977,1424248979,115.085111,181.189203,0.253382,0.129174,0.124208,0,1,1.0,,2,1,1,2,2,1,1,4,1
2,5,2,0,0,2,8e-06,114,0,254,0,0,0,0,57000000.0,0.0,2,0,0,0,0,0,57,0,0,0,0.0,0.0,1424252047,1424252047,0.008,0.0,0.0,0.0,0.0,0,2,,,2,16,16,16,17,16,10,16,1
8,1901,8,686,1,1,0.084177,4238,63618,31,29,7,30,2,397258.1563,5964479.5,72,74,255,255,830639121,2995356170,59,860,0,0,0.0,85.598031,1424222867,1424222867,1.198014,1.146,0.000647,0.000516,0.000131,0,0,,,2,4,1,4,2,1,1,1,0
14,1902,19,7,1,1,2.093164,13662,548216,31,29,21,197,2,51997.83594,2090481.25,238,438,255,255,4173441899,2033121179,57,1252,0,0,3047.286931,2243.639122,1421970017,1421970019,8.830583,4.787018,0.001415,0.001234,0.000181,0,0,0.0,0.0,0,10,11,3,5,3,2,3,0
14,1903,20,687,1,1,0.03398,3598,47356,31,29,7,24,2,833196.0,10963390.0,60,60,255,255,731714639,732057305,60,789,0,0,32.87118,31.891993,1421962610,1421962610,0.58031,0.565136,0.000776,0.000626,0.00015,0,0,0.0,0.0,0,13,8,3,4,1,1,1,0
0,1904,13,688,1,1,0.047313,320,1874,31,29,1,2,2,45146.15234,277302.2188,6,8,255,255,4274371105,2160503836,53,234,0,0,654.515011,16.047125,1421955994,1421955994,9.394,6.681,0.000674,0.000542,0.000132,0,0,0.0,0.0,0,15,6,2,5,1,1,2,0
0,1905,0,689,1,1,0.034061,3390,44134,31,29,7,22,2,782126.1875,10187370.0,56,58,255,255,2832644961,687527006,61,761,0,0,36.51256,35.194683,1421930444,1421930444,0.613109,0.587702,0.000691,0.000556,0.000135,0,0,0.0,0.0,0,5,2,3,3,1,1,1,0
3,1906,17,10,0,2,9e-06,168,0,254,0,0,0,2,74666664.0,0.0,2,0,0,0,0,0,84,0,0,0,0.0,0.0,1424261890,1424261890,0.009,0.0,0.0,0.0,0.0,0,2,,,2,2,1,1,2,1,1,1,1
2,5,2,0,0,2,9e-06,114,0,254,0,0,0,0,50666664.0,0.0,2,0,0,0,0,0,57,0,0,0,0.0,0.0,1424252967,1424252967,0.009,0.0,0.0,0.0,0.0,0,2,,,2,33,33,32,30,30,17,33,1
0,1907,12,690,1,1,0.009885,2230,17466,31,29,7,12,2,1752149.75,13763885.0,34,38,255,255,1422860947,3572764246,66,460,0,0,16.645869,14.92866,1421963409,1421963409,0.289727,0.249622,0.000795,0.000638,0.000157,0,0,0.0,0.0,0,7,4,4,2,1,1,1,0
12,1908,4,7,1,1,0.325832,1540,1644,31,29,4,4,2,35453.85156,38130.07813,16,18,255,255,2667277156,567135292,96,91,0,0,1537.834836,32.729137,1424230429,1424230429,21.7004,19.139117,0.000583,0.000466,0.000117,0,0,,,2,8,6,4,4,1,1,2,0
3,5,3,0,0,2,9e-06,114,0,254,0,0,0,0,50666664.0,0.0,2,0,0,0,0,0,57,0,0,0,0.0,0.0,1424232176,1424232176,0.009,0.0,0.0,0.0,0.0,0,2,,,2,34,34,11,11,11,11,34,1
2,2,3,0,0,2,7e-06,114,0,254,0,0,0,0,65142856.0,0.0,2,0,0,0,0,0,57,0,0,0,0.0,0.0,1424239084,1424239084,0.007,0.0,0.0,0.0,0.0,0,2,,,2,38,38,38,38,38,20,38,1
10,1909,4,8,1,1,0.382715,37408,3380,31,29,18,8,4,766920.5625,68980.83594,52,42,255,255,223211346,2373829435,719,80,0,0,716.947806,23.718713,1424227805,1424227805,7.496784,9.320634,0.000714,0.000565,0.000149,0,0,,,2,1,1,2,3,1,1,2,0
12,1910,8,691,1,1,0.048923,2542,22546,31,29,7,14,2,405371.6875,3599125.0,40,42,255,255,1984737194,1997668255,64,537,0,0,84.187121,83.752924,1421966556,1421966556,1.245462,1.181268,0.000634,0.000486,0.000148,0,0,0.0,0.0,0,12,12,1,4,1,1,1,0
0,1911,10,692,1,1,0.013878,2334,16102,31,29,7,12,2,1308545.875,9038190.0,36,38,255,255,3504821600,1364518002,65,424,0,0,0.0,26.297871,1424259443,1424259443,0.387,0.359703,0.000705,0.000566,0.000139,0,0,,,2,3,2,1,2,1,1,1,0
6,1912,6,26,1,1,0.79482,534,258,254,252,1,0,2,4841.347656,2164.011963,10,6,255,255,3485075809,1471343844,53,43,0,0,5414.900035,84.461328,1421931756,1421931757,88.313333,60.848398,0.0,0.0,0.0,0,1,0.0,0.0,0,5,5,1,1,1,1,1,0
14,1913,20,7,1,1,0.026925,1540,1644,31,29,4,4,2,429043.6563,461429.9063,16,18,255,255,1052768427,3220088644,96,91,0,0,106.353759,2.819883,1421962839,1421962839,1.7734,1.547823,0.000755,0.000602,0.000153,0,0,0.0,0.0,0,9,22,14,7,5,1,5,0
10,1914,19,30,1,1,0.009757,3728,5474,31,29,7,7,6,2961566.0,4301322.0,32,24,255,255,2978463491,833355653,117,228,0,0,23.513579,0.595187,1421930623,1421930623,0.314742,0.396435,0.000622,0.000497,0.000125,0,0,0.0,0.0,0,2,1,1,5,1,1,1,0
17,1915,1,7,1,1,1.45375,4068,114238,31,29,8,44,2,22028.54688,622726.0625,62,106,255,255,3939401273,1818609694,66,1078,0,0,4429.529654,3393.466341,1424223058,1424223059,23.827001,13.833477,0.001398,0.001229,0.000169,0,0,,,2,5,8,4,3,2,1,5,0
2,8,6,6,80,2,9e-06,200,0,254,0,0,0,2,88888888.0,0.0,2,0,0,0,0,0,100,0,0,0,0.0,0.0,1424237297,1424237297,0.009,0.0,0.0,0.0,0.0,0,2,,,2,4,4,2,2,2,2,4,1
10,1916,18,693,1,1,0.067867,2958,33044,31,29,7,18,2,341491.4375,3817348.5,48,50,255,255,1166539107,1272530473,62,661,0,0,80.49921,78.930389,1421929192,1421929192,1.436894,1.373816,0.00068,0.000546,0.000134,0,0,0.0,0.0,0,9,6,3,5,1,1,1,0
6,8,17,6,54,2,8e-06,200,0,254,0,0,0,2,100000000.0,0.0,2,0,0,0,0,0,100,0,0,0,0.0,0.0,1424223231,1424223231,0.008,0.0,0.0,0.0,0.0,0,2,,,2,4,4,1,1,1,1,4,1
3,2,3,0,0,2,3.3e-05,114,0,254,0,0,0,0,13818182.0,0.0,2,0,0,0,0,0,57,0,0,0,0.0,0.0,1424231962,1424231962,0.033,0.0,0.0,0.0,0.0,0,2,,,2,31,31,24,24,24,24,31,1
6,1917,17,47,1,1,1.605716,1050,18384,62,252,7,13,7,4997.147949,88543.67969,22,30,255,255,1768483811,2317804068,48,613,0,0,3815.252161,3139.524229,1424228461,1424228463,76.462668,51.048102,0.146842,0.070994,0.075848,0,1,,,2,1,1,1,1,1,1,1,1
2,5,3,0,0,2,9e-06,114,0,254,0,0,0,0,50666664.0,0.0,2,0,0,0,0,0,57,0,0,0,0.0,0.0,1424238271,1424238271,0.009,0.0,0.0,0.0,0.0,0,2,,,2,42,42,18,19,18,18,43,1
2,2,2,0,0,2,3e-06,114,0,254,0,0,0,0,152000000.0,0.0,2,0,0,0,0,0,57,0,0,0,0.0,0.0,1424251795,1424251795,0.003,0.0,0.0,0.0,0.0,0,2,,,2,25,25,14,14,14,14,25,1
16,2,21,0,0,2,9e-06,264,0,60,0,0,0,0,117333328.0,0.0,2,0,0,0,0,0,132,0,0,0,0.0,0.0,1424224228,1424224228,0.009,0.0,0.0,0.0,0.0,0,0,,,2,10,10,8,8,8,8,10,0
2,5,3,0,0,2,8e-06,114,0,254,0,0,0,0,57000000.0,0.0,2,0,0,0,0,0,57,0,0,0,0.0,0.0,1421930954,1421930954,0.008,0.0,0.0,0.0,0.0,0,2,0.0,0.0,0,11,11,7,7,7,4,7,1
14,1918,1,30,1,1,0.700973,9400,12402,31,29,26,31,6,106275.1406,140330.6563,106,116,255,255,2780829161,635744728,89,107,0,0,354.777674,342.112113,1424252373,1424252374,6.672934,6.144246,0.000631,0.00052,0.000111,0,0,,,2,1,2,1,1,1,1,2,0
6,2,9,0,0,2,3e-06,114,0,254,0,0,0,0,152000000.0,0.0,2,0,0,0,0,0,57,0,0,0,0.0,0.0,1424223634,1424223634,0.003,0.0,0.0,0.0,0.0,0,2,,,2,26,26,9,9,9,7,26,1
15,5,5,0,0,2,4e-06,264,0,60,0,0,0,0,264000000.0,0.0,2,0,0,0,0,0,132,0,0,0,0.0,0.0,1424255029,1424255029,0.004,0.0,0.0,0.0,0.0,0,0,,,2,24,24,19,19,19,19,24,0
2,2,3,0,0,2,8e-06,114,0,254,0,0,0,0,57000000.0,0.0,2,0,0,0,0,0,57,0,0,0,0.0,0.0,1424238901,1424238901,0.008,0.0,0.0,0.0,0.0,0,2,,,2,38,38,24,24,24,24,38,1
6,2,6,0,0,2,9e-06,114,0,254,0,0,0,0,50666664.0,0.0,2,0,0,0,0,0,57,0,0,0,0.0,0.0,1424260693,1424260693,0.009,0.0,0.0,0.0,0.0,0,2,,,2,40,40,33,33,33,17,40,1
3,2,3,0,0,2,6e-06,114,0,254,0,0,0,0,76000000.0,0.0,2,0,0,0,0,0,57,0,0,0,0.0,0.0,1424232495,1424232495,0.006,0.0,0.0,0.0,0.0,0,2,,,2,13,13,6,7,6,6,13,1
2,2,3,0,0,2,6e-06,114,0,254,0,0,0,0,76000000.0,0.0,2,0,0,0,0,0,57,0,0,0,0.0,0.0,1424237556,1424237556,0.006,0.0,0.0,0.0,0.0,0,2,,,2,46,46,15,15,15,14,46,1
13,1919,18,4,1,1,1.177748,18994,1087890,31,29,2,370,3,128659.1094,7379725.0,356,746,255,255,1718005177,3864386973,53,1458,1,524288,186.220412,112.118686,1424245821,1424245823,3.316738,1.580152,0.000658,0.000531,0.000127,0,0,1.0,,2,1,1,1,1,1,1,1,0
6,2,9,0,0,2,9e-06,114,0,254,0,0,0,0,50666664.0,0.0,2,0,0,0,0,0,57,0,0,0,0.0,0.0,1424224667,1424224667,0.009,0.0,0.0,0.0,0.0,0,2,,,2,28,28,17,17,17,8,28,1
2,2,3,0,0,2,3e-06,114,0,254,0,0,0,0,152000000.0,0.0,2,0,0,0,0,0,57,0,0,0,0.0,0.0,1424237439,1424237439,0.003,0.0,0.0,0.0,0.0,0,2,,,2,33,33,13,13,13,13,33,1
6,1920,2,4,1,1,0.57942,836,1216,62,252,2,2,2,10396.60449,14690.55371,10,8,255,255,2110836743,2497487559,84,152,0,0,3443.597344,106.127672,1421933519,1421933519,64.38,67.20357,0.164137,0.108308,0.055829,0,1,0.0,0.0,0,6,5,1,1,1,1,1,0
2,5,3,0,0,2,9e-06,114,0,254,0,0,0,0,50666664.0,0.0,2,0,0,0,0,0,57,0,0,0,0.0,0.0,1424239002,1424239002,0.009,0.0,0.0,0.0,0.0,0,2,,,2,45,45,44,44,44,20,45,1
1,1921,8,694,1,1,0.223331,8928,320,31,29,4,1,5,296994.1563,9564.279297,14,6,255,255,4222879868,2386242918,638,53,0,0,1586.949864,67.980719,1424244792,1424244792,17.179307,44.53,0.000675,0.000551,0.000124,0,0,,,2,3,3,5,3,1,1,4,0
8,1922,1,0,0,0,0.00107,146,178,31,29,0,0,0,545794.375,665420.5625,2,2,0,0,0,0,73,89,0,0,0.0,0.0,1421943901,1421943901,0.01,0.008,0.0,0.0,0.0,0,0,0.0,0.0,0,1,2,3,2,1,1,1,0
6,2,6,0,0,2,9e-06,114,0,254,0,0,0,0,50666664.0,0.0,2,0,0,0,0,0,57,0,0,0,0.0,0.0,1424260024,1424260024,0.009,0.0,0.0,0.0,0.0,0,2,,,2,22,22,17,17,17,17,22,1
0,1923,13,695,1,1,0.036393,3494,42208,31,29,7,22,2,754870.4375,9112741.0,58,56,255,255,2890896544,745820065,60,754,0,0,40.346479,1.08555,1421954138,1421954138,0.63107,0.634473,0.001689,0.001487,0.000202,0,0,0.0,0.0,0,18,4,2,8,1,1,2,0
6,1924,15,12,0,2,5e-06,78,0,254,0,0,0,2,62400000.0,0.0,2,0,0,0,0,0,39,0,0,0,0.0,0.0,1424235493,1424235493,0.005,0.0,0.0,0.0,0.0,0,2,,,2,8,10,3,2,2,1,7,0
1,1925,18,10,0,0,0.00456,568,304,31,29,0,0,2,747368.4375,400000.0313,4,4,0,0,0,0,142,76,0,0,1.721807,1.451926,1421928932,1421928932,1.225,1.034667,0.0,0.0,0.0,0,0,0.0,0.0,0,6,11,2,2,1,1,2,0
17,1926,13,7,1,1,1.269996,13350,548216,31,29,21,197,2,83735.69531,3445459.5,232,438,255,255,4221331064,2079998688,58,1252,0,0,951.840212,690.303972,1421945478,1421945480,5.49642,2.91178,0.000581,0.000457,0.000124,0,0,0.0,0.0,0,17,17,18,19,11,5,11,0
6,5,6,0,0,2,3e-06,114,0,254,0,0,0,0,152000000.0,0.0,2,0,0,0,0,0,57,0,0,0,0.0,0.0,1424259035,1424259035,0.003,0.0,0.0,0.0,0.0,0,2,,,2,36,36,36,37,36,13,36,1
2,1927,2,18,1,1,1.93291,2304,283034,62,252,6,113,2,9337.216797,1166340.875,48,230,255,255,4140006889,2103160548,48,1231,0,0,2052.548165,925.438928,1424243438,1424243440,41.125744,8.370833,0.053391,0.007504,0.045887,0,1,,,2,1,2,2,1,1,1,1,1
2,5,3,0,0,2,1e-05,114,0,254,0,0,0,0,45600000.0,0.0,2,0,0,0,0,0,57,0,0,0,0.0,0.0,1421931875,1421931875,0.01,0.0,0.0,0.0,0.0,0,2,0.0,0.0,0,7,7,4,6,4,4,4,1
10,1928,10,4,1,1,2.774136,1580,10168,31,29,3,5,3,4178.598145,27695.83008,12,18,255,255,137517007,2313952995,132,565,1,3924,19323.93909,15547.04357,1424246259,1424246262,252.163545,163.151941,0.000685,0.000549,0.000136,0,0,1.0,,2,1,1,3,3,1,1,1,0
4,1929,18,696,1,1,0.039589,4862,81270,31,29,7,36,2,970976.8125,16231782.0,84,86,255,255,2073451839,4228343996,58,945,0,0,0.0,24.140207,1421961349,1421961349,0.472687,0.460035,0.000614,0.000482,0.000132,0,0,0.0,0.0,0,8,8,2,3,1,1,1,0
0,1930,12,697,1,1,0.022299,2854,29182,31,29,7,17,2,1001659.313,10251581.0,46,48,255,255,813262979,2981131997,62,608,0,0,32.806887,33.406175,1421954192,1421954192,0.487578,0.462255,0.000736,0.000569,0.000167,0,0,0.0,0.0,0,3,4,3,2,1,1,1,0
6,1931,3,8,1,1,5.783297,10520,1852,62,252,10,8,4,14033.51758,2434.597412,28,20,255,255,27501844,2812566333,376,93,0,0,19755.32297,598.387875,1424256425,1424256431,214.194412,299.868594,0.143357,0.085775,0.057582,0,1,,,2,2,1,1,1,1,1,1,1
6,5,6,0,0,2,8e-06,114,0,254,0,0,0,0,57000000.0,0.0,2,0,0,0,0,0,57,0,0,0,0.0,0.0,1424260339,1424260339,0.008,0.0,0.0,0.0,0.0,0,2,,,2,13,13,13,13,13,13,13,1
3,2,14,0,0,2,4e-06,114,0,254,0,0,0,0,114000000.0,0.0,2,0,0,0,0,0,57,0,0,0,0.0,0.0,1424246103,1424246103,0.004,0.0,0.0,0.0,0.0,0,2,,,2,31,31,22,22,22,22,31,1
1,1339,20,0,0,0,0.000899,130,162,31,29,0,0,0,578420.5,720800.9375,2,2,0,0,0,0,65,81,0,0,0.0,0.0,1424244168,1424244168,0.003,0.002,0.0,0.0,0.0,0,0,,,2,2,4,1,3,1,1,1,0
6,5,9,0,0,2,8e-06,114,0,254,0,0,0,0,57000000.0,0.0,2,0,0,0,0,0,57,0,0,0,0.0,0.0,1424224884,1424224884,0.008,0.0,0.0,0.0,0.0,0,2,,,2,25,25,17,18,17,9,25,1
2,2,2,0,0,2,9e-06,114,0,254,0,0,0,0,50666664.0,0.0,2,0,0,0,0,0,57,0,0,0,0.0,0.0,1424252769,1424252769,0.009,0.0,0.0,0.0,0.0,0,2,,,2,18,18,16,16,16,16,18,1
3,8,11,6,3,2,3e-06,200,0,254,0,0,0,2,266666656.0,0.0,2,0,0,0,0,0,100,0,0,0,0.0,0.0,1424230410,1424230410,0.003,0.0,0.0,0.0,0.0,0,2,,,2,3,3,1,1,1,1,3,1
3,2,3,0,0,2,8e-06,114,0,254,0,0,0,0,57000000.0,0.0,2,0,0,0,0,0,57,0,0,0,0.0,0.0,1424232142,1424232142,0.008,0.0,0.0,0.0,0.0,0,2,,,2,7,7,5,5,5,4,7,1
10,1932,20,0,0,0,0.001017,130,162,31,29,0,0,0,511307.7813,637168.1875,2,2,0,0,0,0,65,81,0,0,0.0,0.0,1424225097,1424225097,0.006,0.002,0.0,0.0,0.0,0,0,,,2,2,1,1,3,1,1,2,0
13,1933,19,0,0,0,0.001107,146,178,31,29,0,0,0,527551.9375,643179.75,2,2,0,0,0,0,73,89,0,0,0.0,0.0,1424244194,1424244194,0.01,0.01,0.0,0.0,0.0,0,0,,,2,1,1,1,1,1,1,1,0
2,2,3,0,0,2,9e-06,114,0,254,0,0,0,0,50666664.0,0.0,2,0,0,0,0,0,57,0,0,0,0.0,0.0,1424239051,1424239051,0.009,0.0,0.0,0.0,0.0,0,2,,,2,24,24,6,6,6,4,24,1
3,2,3,0,0,2,1e-06,114,0,254,0,0,0,0,456000000.0,0.0,2,0,0,0,0,0,57,0,0,0,0.0,0.0,1424232024,1424232024,0.001,0.0,0.0,0.0,0.0,0,2,,,2,45,45,42,42,42,24,45,1
1,1934,4,0,0,0,0.001139,146,178,31,29,0,0,0,512730.4375,625109.6875,2,2,0,0,0,0,73,89,0,0,0.0,0.0,1421964059,1421964059,0.004,0.011,0.0,0.0,0.0,0,0,0.0,0.0,0,2,4,5,6,2,1,2,0
1,1935,13,0,0,0,0.001054,146,178,31,29,0,0,0,554079.6875,675521.8125,2,2,0,0,0,0,73,89,0,0,0.0,0.0,1421959658,1421959658,0.011,0.008,0.0,0.0,0.0,0,0,0.0,0.0,0,1,3,1,1,1,1,1,0
3,2,14,0,0,2,3e-06,114,0,254,0,0,0,0,152000000.0,0.0,2,0,0,0,0,0,57,0,0,0,0.0,0.0,1424246683,1424246683,0.003,0.0,0.0,0.0,0.0,0,2,,,2,35,35,22,24,22,22,35,1
7,2,7,0,0,2,8e-06,264,0,60,0,0,0,0,132000000.0,0.0,2,0,0,0,0,0,132,0,0,0,0.0,0.0,1424246472,1424246472,0.008,0.0,0.0,0.0,0.0,0,0,,,2,28,28,23,23,23,23,28,0
2,5,3,0,0,2,9e-06,114,0,254,0,0,0,0,50666664.0,0.0,2,0,0,0,0,0,57,0,0,0,0.0,0.0,1424240016,1424240016,0.009,0.0,0.0,0.0,0.0,0,2,,,2,31,31,15,15,15,15,31,1
2,8,15,6,3,2,9e-06,200,0,254,0,0,0,2,88888888.0,0.0,2,0,0,0,0,0,100,0,0,0,0.0,0.0,1424244408,1424244408,0.009,0.0,0.0,0.0,0.0,0,2,,,2,11,11,5,5,4,4,14,1
3,2,3,0,0,2,5e-06,114,0,254,0,0,0,0,91200000.0,0.0,2,0,0,0,0,0,57,0,0,0,0.0,0.0,1424231735,1424231735,0.005,0.0,0.0,0.0,0.0,0,2,,,2,31,31,25,25,25,25,31,1
3,5,14,0,0,2,8e-06,114,0,254,0,0,0,0,57000000.0,0.0,2,0,0,0,0,0,57,0,0,0,0.0,0.0,1424245627,1424245627,0.008,0.0,0.0,0.0,0.0,0,2,,,2,29,29,7,7,7,7,29,1
14,1936,13,9,1,1,0.006333,1920,4312,31,29,6,6,2,2315490.25,5220906.5,22,24,255,255,3900671985,1751349862,87,180,0,0,17.899318,13.119595,1424250875,1424250875,0.285238,0.225435,0.001277,0.001142,0.000135,0,0,,,2,11,8,4,4,1,1,1,0
2,5,2,0,0,2,8e-06,114,0,254,0,0,0,0,57000000.0,0.0,2,0,0,0,0,0,57,0,0,0,0.0,0.0,1424253283,1424253283,0.008,0.0,0.0,0.0,0.0,0,2,,,2,25,25,13,13,13,8,25,1
2,1937,2,12,0,2,1e-05,1064,0,254,0,0,0,2,425600000.0,0.0,2,0,0,0,0,0,532,0,0,0,0.0,0.0,1424244134,1424244134,0.01,0.0,0.0,0.0,0.0,0,2,,,2,9,9,3,2,2,2,9,1
2,2,3,0,0,2,6e-06,114,0,254,0,0,0,0,76000000.0,0.0,2,0,0,0,0,0,57,0,0,0,0.0,0.0,1421931989,1421931989,0.006,0.0,0.0,0.0,0.0,0,2,0.0,0.0,0,12,12,1,1,1,1,1,1
12,1938,4,698,0,0,0.001759,528,304,31,29,0,0,2,1801023.25,1036952.813,4,4,0,0,0,0,132,76,0,0,0.621548,0.313722,1421946146,1421946146,0.446,0.226333,0.0,0.0,0.0,0,0,0.0,0.0,0,5,8,6,7,1,1,3,0
12,1939,8,0,0,0,0.001028,146,178,31,29,0,0,0,568093.375,692607.0,2,2,0,0,0,0,73,89,0,0,0.0,0.0,1424227179,1424227179,0.009,0.007,0.0,0.0,0.0,0,0,,,2,3,3,4,3,1,1,3,0
6,5,9,0,0,2,3e-06,114,0,254,0,0,0,0,152000000.0,0.0,2,0,0,0,0,0,57,0,0,0,0.0,0.0,1424224582,1424224582,0.003,0.0,0.0,0.0,0.0,0,2,,,2,17,17,9,10,9,9,17,1
29,8,25,6,5,0,37.044529,56,92,0,0,0,0,2,6.046777,9.93399,2,2,0,0,0,0,28,46,0,0,0.0,0.0,1421967528,1421967565,37043.54,37043.472,0.0,0.0,0.0,0,0,0.0,0.0,0,2,2,2,2,2,2,2,0
2,2,3,0,0,2,4e-06,114,0,254,0,0,0,0,114000000.0,0.0,2,0,0,0,0,0,57,0,0,0,0.0,0.0,1421932321,1421932321,0.004,0.0,0.0,0.0,0.0,0,2,0.0,0.0,0,10,10,3,5,3,3,3,1
2,5,2,0,0,2,4e-06,114,0,254,0,0,0,0,114000000.0,0.0,2,0,0,0,0,0,57,0,0,0,0.0,0.0,1424251743,1424251743,0.004,0.0,0.0,0.0,0.0,0,2,,,2,31,31,18,18,18,18,31,1
3,5,14,0,0,2,1e-05,114,0,254,0,0,0,0,45600000.0,0.0,2,0,0,0,0,0,57,0,0,0,0.0,0.0,1424247880,1424247880,0.01,0.0,0.0,0.0,0.0,0,2,,,2,39,39,39,39,39,17,39,1
14,1940,4,8,1,1,0.020838,37590,3276,31,29,18,8,4,14154142.0,1226605.25,52,40,255,255,985861907,3136379771,723,82,0,0,22.916577,0.991093,1421941081,1421941081,0.401726,0.519897,0.000721,0.000558,0.000163,0,0,0.0,0.0,0,1,2,5,2,1,1,1,0
2,5,3,0,0,2,7e-06,114,0,254,0,0,0,0,65142856.0,0.0,2,0,0,0,0,0,57,0,0,0,0.0,0.0,1421932131,1421932131,0.007,0.0,0.0,0.0,0.0,0,2,0.0,0.0,0,12,12,4,4,4,4,4,1
2,2,3,0,0,2,4e-06,114,0,254,0,0,0,0,114000000.0,0.0,2,0,0,0,0,0,57,0,0,0,0.0,0.0,1424237588,1424237588,0.004,0.0,0.0,0.0,0.0,0,2,,,2,42,42,29,29,29,20,42,1
12,1941,18,9,1,1,0.0062,1064,2260,31,29,4,4,2,1259354.75,2673548.25,12,12,255,255,3085953444,936635153,89,188,0,0,33.23423,0.818667,1424256955,1424256955,0.532909,0.519182,0.0006,0.000482,0.000118,0,0,,,2,8,6,3,3,1,1,5,0
4,1942,20,0,0,0,0.001085,146,178,31,29,0,0,2,538248.875,656221.1875,2,2,0,0,0,0,73,89,0,0,0.0,0.0,1421932944,1421932944,0.007,0.001,0.0,0.0,0.0,0,0,0.0,0.0,0,9,8,6,1,1,1,1,0
2,5,2,0,0,2,9e-06,114,0,254,0,0,0,0,50666664.0,0.0,2,0,0,0,0,0,57,0,0,0,0.0,0.0,1424254633,1424254633,0.009,0.0,0.0,0.0,0.0,0,2,,,2,24,24,24,26,24,11,24,1
8,1943,13,30,1,1,0.019945,5928,8010,31,29,14,17,6,2339634.0,3157483.25,62,58,255,255,1681751734,3831626805,96,138,0,0,29.602547,0.0,1424233509,1424233509,0.326967,0.346836,0.000682,0.000555,0.000127,0,0,,,2,1,1,1,2,1,1,1,0
8,1944,13,0,0,0,0.001076,132,164,31,29,0,0,0,490706.3125,609665.375,2,2,0,0,0,0,66,82,0,0,0.0,0.0,1421937791,1421937791,0.012,0.009,0.0,0.0,0.0,0,0,0.0,0.0,0,3,3,2,2,1,1,1,0
8,1945,13,18,1,1,0.772824,7810,15068,31,29,30,32,2,80183.84375,154746.75,122,126,255,255,2302615820,154010458,64,120,0,0,430.798442,426.356267,1424252938,1424252939,6.437467,6.227951,0.000703,0.000554,0.000149,0,0,,,2,1,3,7,2,1,1,2,0
8,1946,1,699,1,1,0.153883,4862,77300,31,29,7,36,2,249800.1875,3971952.75,84,86,255,255,4213000531,4244553136,58,899,0,0,94.968802,93.388952,1424236434,1424236434,1.872756,1.803424,0.000743,0.000589,0.000154,0,0,,,2,4,4,3,9,1,1,2,0
10,1947,4,0,0,0,0.001016,146,178,31,29,0,0,0,574803.125,700787.375,2,2,0,0,0,0,73,89,0,0,0.0,0.0,1421964417,1421964417,0.01,0.008,0.0,0.0,0.0,0,0,0.0,0.0,0,3,2,4,1,1,1,1,0
2,8,15,6,3,2,1e-05,200,0,254,0,0,0,2,80000000.0,0.0,2,0,0,0,0,0,100,0,0,0,0.0,0.0,1424244413,1424244413,0.01,0.0,0.0,0.0,0.0,0,2,,,2,7,7,5,6,4,4,10,1
12,1948,1,0,0,0,0.001115,146,178,31,29,0,0,0,523766.8125,638565.0,2,2,0,0,0,0,73,89,0,0,0.0,0.0,1421971042,1421971042,0.011,0.008,0.0,0.0,0.0,0,0,0.0,0.0,0,4,3,9,3,2,1,2,0
17,1949,10,700,1,1,0.348947,4464,3080,31,29,7,7,2,98696.9375,68273.98438,28,30,255,255,992803398,3143211092,159,103,0,0,719.712267,18.189908,1424253437,1424253437,12.91174,12.013414,0.000694,0.000555,0.000139,0,0,,,2,2,1,1,2,1,1,1,0
19,2,21,0,0,2,7e-06,264,0,60,0,0,0,0,150857136.0,0.0,2,0,0,0,0,0,132,0,0,0,0.0,0.0,1424260596,1424260596,0.007,0.0,0.0,0.0,0.0,0,0,,,2,37,37,37,37,37,18,37,0
13,1950,12,701,1,1,0.026913,2854,29104,31,29,7,17,2,829933.5,8471148.0,46,48,255,255,1043181724,3217686787,62,606,0,0,39.8384,39.314308,1421970592,1421970592,0.588733,0.573739,0.000649,0.000518,0.000131,0,0,0.0,0.0,0,6,5,4,4,1,1,2,0
6,2,6,0,0,2,8e-06,114,0,254,0,0,0,0,57000000.0,0.0,2,0,0,0,0,0,57,0,0,0,0.0,0.0,1424259718,1424259718,0.008,0.0,0.0,0.0,0.0,0,2,,,2,33,33,18,18,17,17,34,1
6,5,9,0,0,2,9e-06,114,0,254,0,0,0,0,50666664.0,0.0,2,0,0,0,0,0,57,0,0,0,0.0,0.0,1424223406,1424223406,0.009,0.0,0.0,0.0,0.0,0,2,,,2,23,23,9,9,9,9,23,1
12,1951,12,702,1,1,0.024993,3390,44426,31,29,7,22,2,1065898.375,13975433.0,56,58,255,255,1024358819,3174177976,61,766,0,0,25.377001,24.782971,1421952245,1421952245,0.448364,0.429561,0.000626,0.000502,0.000124,0,0,0.0,0.0,0,5,3,5,5,1,1,2,0
3,5,14,0,0,2,6e-06,114,0,254,0,0,0,0,76000000.0,0.0,2,0,0,0,0,0,57,0,0,0,0.0,0.0,1424244499,1424244499,0.006,0.0,0.0,0.0,0.0,0,2,,,2,17,17,17,18,17,17,18,1
11,1952,10,4,1,1,1.011331,1684,10168,31,29,3,5,3,12371.81543,75971.17188,14,18,255,255,2675430529,2672355845,120,565,1,3924,8773.989382,7682.548381,1421928493,1421928494,77.768,59.456941,0.000716,0.000558,0.000158,0,0,1.0,0.0,0,1,1,1,6,1,1,1,0
3,1953,11,4,1,1,0.260804,2502,268,254,252,2,1,3,69078.69531,6871.060547,10,6,255,255,3562740519,22791689,250,45,1,0,1344.096242,72.924227,1424229139,1424229139,26.155111,48.012199,0.077306,0.02074,0.056566,0,1,1.0,,2,1,1,1,1,1,1,1,1
0,1954,10,703,1,1,0.025343,2750,25310,31,29,7,15,2,848518.3125,7808073.0,44,44,255,255,2710395272,2710638309,63,575,0,0,0.0,1.09684,1424240240,1424240240,0.594857,0.591405,0.000625,0.0005,0.000125,0,0,,,2,5,2,1,3,1,1,2,0
15,2,5,0,0,2,3e-06,264,0,60,0,0,0,0,352000000.0,0.0,2,0,0,0,0,0,132,0,0,0,0.0,0.0,1424253961,1424253961,0.003,0.0,0.0,0.0,0.0,0,0,,,2,34,34,23,23,23,23,34,0
2,2,3,0,0,2,7e-06,114,0,254,0,0,0,0,65142856.0,0.0,2,0,0,0,0,0,57,0,0,0,0.0,0.0,1421931056,1421931056,0.007,0.0,0.0,0.0,0.0,0,2,0.0,0.0,0,7,7,7,7,7,3,7,1
17,1955,10,10,0,0,0.00467,568,312,31,29,0,0,2,729764.4375,400856.5313,4,4,0,0,0,0,142,78,0,0,1.732412,1.475748,1424224250,1424224250,1.233,1.059,0.0,0.0,0.0,0,0,,,2,8,7,6,4,1,1,4,0
14,1956,8,0,0,0,0.001021,146,178,31,29,0,0,0,571988.25,697355.5625,2,2,0,0,0,0,73,89,0,0,0.0,0.0,1421953819,1421953819,0.007,0.007,0.0,0.0,0.0,0,0,0.0,0.0,0,2,2,2,3,1,1,1,0
2,1957,9,64,0,2,4e-06,1232,0,254,0,0,0,2,1232000000.0,0.0,2,0,0,0,0,0,616,0,0,0,0.0,0.0,1421929204,1421929204,0.004,0.0,0.0,0.0,0.0,0,2,0.0,0.0,0,15,15,4,4,4,1,4,1
6,1325,16,704,1,1,0.196998,1058,268,254,252,2,1,2,38700.90234,9096.539062,10,6,255,255,903247493,2820045724,106,45,0,0,1065.830537,60.307934,1424243837,1424243837,20.038444,36.242602,0.061621,0.015775,0.045846,0,1,,,2,2,1,1,1,1,1,1,1
2,8,6,6,77,2,3e-06,200,0,254,0,0,0,2,266666656.0,0.0,2,0,0,0,0,0,100,0,0,0,0.0,0.0,1424237347,1424237347,0.003,0.0,0.0,0.0,0.0,0,2,,,2,4,4,2,16,2,2,4,1
8,1958,0,705,1,1,0.014349,2542,23432,31,29,7,14,2,1382117.25,12753502.0,40,42,255,255,4287558884,2142514336,64,558,0,0,20.676489,19.937333,1424242357,1424242357,0.367921,0.333024,0.000831,0.000685,0.000146,0,0,,,2,7,3,5,4,1,1,2,0
10,1409,4,706,1,1,0.210521,320,1976,31,29,1,2,5,10146.25586,65703.65625,6,8,255,255,3196911856,1246470771,53,247,0,0,2963.708056,73.173867,1421953265,1421953266,42.041,30.004857,0.000607,0.000484,0.000123,0,0,0.0,0.0,0,3,6,4,2,1,1,2,0
5,2,5,0,0,2,7e-06,264,0,60,0,0,0,0,150857136.0,0.0,2,0,0,0,0,0,132,0,0,0,0.0,0.0,1424239508,1424239508,0.007,0.0,0.0,0.0,0.0,0,0,,,2,27,27,27,27,27,14,27,0
3,5,14,0,0,2,9e-06,114,0,254,0,0,0,0,50666664.0,0.0,2,0,0,0,0,0,57,0,0,0,0.0,0.0,1424245507,1424245507,0.009,0.0,0.0,0.0,0.0,0,2,,,2,29,29,9,9,9,9,29,1
11,1959,20,7,1,1,2.624071,13558,548216,31,29,21,197,2,41160.47266,1667531.125,236,438,255,255,3025215479,885046895,57,1252,0,0,4171.120583,3058.784711,1421943590,1421943593,11.16488,6.003661,0.000626,0.000467,0.000159,0,0,0.0,0.0,0,4,10,3,1,1,1,1,0
13,1960,13,18,1,1,0.977814,7818,15428,31,29,30,32,2,63439.46875,125226.2656,122,126,255,255,1934734963,4088315507,64,122,0,0,488.496712,483.258247,1421965461,1421965462,8.07819,7.818368,0.000648,0.000513,0.000135,0,0,0.0,0.0,0,16,2,1,5,1,1,1,0
13,1961,13,4,1,1,1.254076,1684,10168,31,29,3,5,3,9977.066406,61265.82422,14,18,255,255,2421243376,300214393,120,565,1,3924,8984.755726,7903.736064,1421939985,1421939986,96.440387,73.738294,0.000775,0.000522,0.000253,0,0,1.0,0.0,0,3,2,3,2,1,1,1,0
10,1962,18,0,0,0,0.001053,146,178,31,29,0,0,0,554605.875,676163.375,2,2,0,0,0,0,73,89,0,0,0.0,0.0,1421958280,1421958280,0.008,0.008,0.0,0.0,0.0,0,0,0.0,0.0,0,3,1,1,2,2,1,1,0
4,1963,4,8,1,1,0.433859,37462,3276,31,29,18,8,4,677492.0,58913.15234,52,40,255,255,4158686768,4159681934,720,82,0,0,876.221578,29.693719,1424231287,1424231287,8.67028,11.110615,0.000711,0.000541,0.00017,0,0,,,2,1,1,4,4,1,1,3,0
4,1964,18,28,1,1,0.046827,320,1838,31,29,1,2,5,45614.71094,274884.1563,6,8,255,255,2353275281,2500782367,53,230,0,0,648.786728,15.781184,1421930031,1421930031,9.297,6.622571,0.000592,0.000465,0.000127,0,0,0.0,0.0,0,3,3,2,4,1,1,1,0
8,1965,0,0,0,0,0.00103,146,178,31,29,0,0,0,566990.25,691262.125,2,2,0,0,0,0,73,89,0,0,0.0,0.0,1421967654,1421967654,0.001,0.003,0.0,0.0,0.0,0,0,0.0,0.0,0,2,2,3,3,2,1,2,0
14,1966,19,707,1,1,0.123925,4238,61348,31,29,7,30,2,269840.625,3906814.5,72,74,255,255,3163798025,1038499315,59,829,0,0,93.404231,91.119188,1421941640,1421941640,1.741,1.68948,0.001015,0.000587,0.000428,0,0,0.0,0.0,0,7,8,2,5,1,1,1,0
2,2,3,0,0,2,9e-06,114,0,254,0,0,0,0,50666664.0,0.0,2,0,0,0,0,0,57,0,0,0,0.0,0.0,1424239173,1424239173,0.009,0.0,0.0,0.0,0.0,0,2,,,2,28,28,10,8,8,8,28,1
1,1967,1,4,1,1,1.049821,1580,10168,31,29,3,5,3,11041.88184,73185.80469,12,18,255,255,3870976569,1722515651,132,565,1,3924,9541.952966,7684.30902,1421954333,1421954334,95.406091,61.723821,0.00064,0.000514,0.000126,0,0,1.0,0.0,0,2,1,3,2,1,1,1,0
2,2,3,0,0,2,2e-06,114,0,254,0,0,0,0,228000000.0,0.0,2,0,0,0,0,0,57,0,0,0,0.0,0.0,1424239270,1424239270,0.002,0.0,0.0,0.0,0.0,0,2,,,2,11,11,8,9,8,8,11,1
4,1968,20,0,0,0,0.001144,130,162,31,29,0,0,0,454545.4688,566433.5625,2,2,0,0,0,0,65,81,0,0,0.0,0.0,1421947598,1421947598,0.011,0.009,0.0,0.0,0.0,0,0,0.0,0.0,0,3,2,3,3,1,1,1,0
4,1969,19,9,1,1,0.038148,2062,2528,31,29,6,7,2,414595.7813,511271.875,24,28,255,255,3136762396,3137054149,86,90,0,0,211.622362,0.0,1424254396,1424254396,1.643522,1.391519,0.000699,0.00057,0.000129,0,0,,,2,5,2,4,8,1,1,2,0
9,1970,14,26,1,1,0.844606,26648,728,254,252,13,3,2,244525.8594,6402.98584,32,14,255,255,3791483550,622208973,833,52,0,0,2371.295932,94.59968,1424236444,1424236444,26.106031,60.222383,0.117264,0.061709,0.055555,0,1,,,2,4,5,1,1,1,1,4,1
1,1971,10,0,0,0,0.001083,146,178,31,29,0,0,0,539242.875,657433.0625,2,2,0,0,0,0,73,89,0,0,0.0,0.0,1421927423,1421927423,0.011,0.008,0.0,0.0,0.0,0,0,0.0,0.0,0,5,7,1,1,1,1,1,0
14,1972,13,9,1,1,0.659101,2048,2410,31,29,6,7,2,23826.39258,28135.29297,24,26,255,255,881654414,881943229,85,93,0,0,1975.58669,1888.610697,1424234034,1424234034,28.638261,26.341919,0.000678,0.000543,0.000135,0,0,,,2,7,10,2,1,1,1,2,0
17,1973,0,708,0,0,0.002359,528,304,31,29,0,0,2,1342941.875,773209.0,4,4,0,0,0,0,132,76,0,0,0.656431,0.562625,1421939700,1421939700,0.468667,0.404333,0.0,0.0,0.0,0,0,0.0,0.0,0,8,11,8,3,1,1,3,0
13,1974,13,0,0,0,0.001017,132,164,31,29,0,0,0,519174.0625,645034.4375,2,2,0,0,0,0,66,82,0,0,0.0,0.0,1424227962,1424227962,0.009,0.005,0.0,0.0,0.0,0,0,,,2,1,1,1,2,1,1,1,0
2,5,3,0,0,2,9e-06,114,0,254,0,0,0,0,50666664.0,0.0,2,0,0,0,0,0,57,0,0,0,0.0,0.0,1424239952,1424239952,0.009,0.0,0.0,0.0,0.0,0,2,,,2,20,20,20,20,20,20,20,1
6,2,9,0,0,2,5e-06,114,0,254,0,0,0,0,91200000.0,0.0,2,0,0,0,0,0,57,0,0,0,0.0,0.0,1424224940,1424224940,0.005,0.0,0.0,0.0,0.0,0,2,,,2,21,21,4,4,4,4,21,1
2,2,3,0,0,2,3e-06,114,0,254,0,0,0,0,152000000.0,0.0,2,0,0,0,0,0,57,0,0,0,0.0,0.0,1421932526,1421932526,0.003,0.0,0.0,0.0,0.0,0,2,0.0,0.0,0,9,9,7,7,7,3,7,1
2,5,2,0,0,2,9e-06,114,0,254,0,0,0,0,50666664.0,0.0,2,0,0,0,0,0,57,0,0,0,0.0,0.0,1424254636,1424254636,0.009,0.0,0.0,0.0,0.0,0,2,,,2,27,27,11,11,11,11,28,1
1,1975,20,709,1,1,0.014049,2646,25470,31,29,7,15,2,1470852.0,14174390.0,42,44,255,255,4227382129,2078107190,63,579,0,0,18.879191,18.018478,1421965039,1421965039,0.342475,0.320167,0.000728,0.000591,0.000137,0,0,0.0,0.0,0,6,8,2,5,1,1,1,0
9,8,15,6,3,2,9e-06,200,0,254,0,0,0,2,88888888.0,0.0,2,0,0,0,0,0,100,0,0,0,0.0,0.0,1424258855,1424258855,0.009,0.0,0.0,0.0,0.0,0,2,,,2,6,6,2,3,2,2,6,1
6,2,9,0,0,2,9e-06,114,0,254,0,0,0,0,50666664.0,0.0,2,0,0,0,0,0,57,0,0,0,0.0,0.0,1424225624,1424225624,0.009,0.0,0.0,0.0,0.0,0,2,,,2,14,14,8,9,8,8,14,1
2,2,3,0,0,2,1e-05,114,0,254,0,0,0,0,45600000.0,0.0,2,0,0,0,0,0,57,0,0,0,0.0,0.0,1421932608,1421932608,0.01,0.0,0.0,0.0,0.0,0,2,0.0,0.0,0,7,7,7,7,7,3,7,1
15,5,5,0,0,2,1.2e-05,264,0,60,0,0,0,0,88000000.0,0.0,2,0,0,0,0,0,132,0,0,0,0.0,0.0,1424252150,1424252150,0.012,0.0,0.0,0.0,0.0,0,0,,,2,42,42,4,4,4,4,42,0
2,2,3,0,0,2,8e-06,114,0,254,0,0,0,0,57000000.0,0.0,2,0,0,0,0,0,57,0,0,0,0.0,0.0,1424238989,1424238989,0.008,0.0,0.0,0.0,0.0,0,2,,,2,30,30,21,21,21,21,30,1
6,8,17,6,3,2,8e-06,200,0,254,0,0,0,2,100000000.0,0.0,2,0,0,0,0,0,100,0,0,0,0.0,0.0,1424223254,1424223254,0.008,0.0,0.0,0.0,0.0,0,2,,,2,5,5,3,11,2,2,5,1
11,1976,1,1,1,1,10.310324,2796,3634,31,29,10,15,1,2126.800293,2766.159424,50,52,255,255,2449960479,399015614,56,70,0,0,15210.50907,394.456344,1421945175,1421945185,210.408403,202.154297,0.000574,0.000451,0.000123,0,0,0.0,1.0,5,16,16,21,29,16,16,18,0
7,5,7,0,0,2,2e-06,264,0,60,0,0,0,0,528000000.0,0.0,2,0,0,0,0,0,132,0,0,0,0.0,0.0,1424247885,1424247885,0.002,0.0,0.0,0.0,0.0,0,0,,,2,22,22,5,5,5,5,22,0
14,1977,20,4,1,1,1.007066,1684,10168,31,29,3,5,3,12424.20996,76292.91406,14,18,255,255,2158424132,9776926,120,565,1,3924,8765.552833,7675.617619,1424252021,1424252022,77.407767,59.206882,0.000673,0.000546,0.000127,0,0,1.0,,2,1,1,2,2,1,1,1,0
2,1978,17,26,1,1,0.701174,1282,354,254,252,2,1,2,13166.48926,3536.925049,10,8,255,255,3163407157,2183285258,128,44,0,0,5214.167639,132.626891,1421931127,1421931128,77.908222,86.084859,0.123098,0.057806,0.065292,0,1,0.0,0.0,0,4,4,2,4,2,1,2,1
8,1979,12,710,1,1,0.047771,2542,21450,31,29,7,14,2,415147.2813,3506730.0,40,42,255,255,4047690863,1991616343,64,511,0,0,76.45272,74.642922,1424260990,1424260991,1.245079,1.181425,0.000633,0.000511,0.000122,0,0,,,2,4,3,3,3,1,1,1,0
6,8,17,6,81,2,5e-06,200,0,254,0,0,0,2,160000000.0,0.0,2,0,0,0,0,0,100,0,0,0,0.0,0.0,1424223243,1424223243,0.005,0.0,0.0,0.0,0.0,0,2,,,2,5,5,2,2,2,2,5,1
2,1980,6,4,1,1,1.184547,842,1382,62,252,2,2,3,5119.256836,8171.900879,10,8,255,255,4086106650,4026489021,84,173,1,264,7469.998529,304.090312,1424230861,1424230862,131.616333,158.739,0.140147,0.072624,0.067523,0,1,1.0,,2,1,1,1,1,1,1,1,1
0,1981,1,0,0,0,0.001086,146,178,31,29,0,0,0,537753.25,655616.9375,2,2,0,0,0,0,73,89,0,0,0.0,0.0,1424241453,1424241453,0.006,0.009,0.0,0.0,0.0,0,0,,,2,4,2,2,1,1,1,2,0
6,2,6,0,0,2,8e-06,114,0,254,0,0,0,0,57000000.0,0.0,2,0,0,0,0,0,57,0,0,0,0.0,0.0,1424259052,1424259052,0.008,0.0,0.0,0.0,0.0,0,2,,,2,30,30,30,31,30,12,30,1
6,5,6,0,0,2,4e-06,114,0,254,0,0,0,0,114000000.0,0.0,2,0,0,0,0,0,57,0,0,0,0.0,0.0,1424260633,1424260633,0.004,0.0,0.0,0.0,0.0,0,2,,,2,33,33,34,33,33,16,33,1
2,2,3,0,0,2,9e-06,114,0,254,0,0,0,0,50666664.0,0.0,2,0,0,0,0,0,57,0,0,0,0.0,0.0,1424239079,1424239079,0.009,0.0,0.0,0.0,0.0,0,2,,,2,33,33,24,24,24,24,33,1
10,1982,10,7,1,1,0.137619,5488,192828,31,29,10,71,2,315421.5625,11141078.0,88,164,255,255,3235674784,1093931765,62,1176,0,0,91.629706,51.097436,1421935484,1421935484,1.578069,0.841313,0.00063,0.000482,0.000148,0,0,0.0,0.0,0,12,12,10,13,6,1,6,0
13,1983,13,0,0,0,0.000998,130,162,31,29,0,0,0,521042.0625,649298.5625,2,2,0,0,0,0,65,81,0,0,0.0,0.0,1421945191,1421945191,0.001,0.004,0.0,0.0,0.0,0,0,0.0,0.0,0,1,1,3,2,2,2,2,0
6,5,9,0,0,2,9e-06,114,0,254,0,0,0,0,50666664.0,0.0,2,0,0,0,0,0,57,0,0,0,0.0,0.0,1424224784,1424224784,0.009,0.0,0.0,0.0,0.0,0,2,,,2,28,28,7,7,7,7,28,1
13,1984,19,4,1,1,0.003871,1048,824,31,29,2,2,3,1895117.625,1533453.875,8,10,255,255,1572933632,1573968447,131,82,1,83,32.243335,0.674189,1424253466,1424253466,0.503429,0.374111,0.000637,0.000501,0.000136,0,0,1.0,,2,1,1,2,2,1,1,1,0
6,2,9,0,0,2,9e-06,114,0,254,0,0,0,0,50666664.0,0.0,2,0,0,0,0,0,57,0,0,0,0.0,0.0,1424223474,1424223474,0.009,0.0,0.0,0.0,0.0,0,2,,,2,28,28,18,18,18,6,28,1
6,2,6,0,0,2,8e-06,114,0,254,0,0,0,0,57000000.0,0.0,2,0,0,0,0,0,57,0,0,0,0.0,0.0,1424259510,1424259510,0.008,0.0,0.0,0.0,0.0,0,2,,,2,17,17,17,18,17,17,17,1
2,2,3,0,0,2,1e-06,114,0,254,0,0,0,0,456000000.0,0.0,2,0,0,0,0,0,57,0,0,0,0.0,0.0,1424239982,1424239982,0.001,0.0,0.0,0.0,0.0,0,2,,,2,24,24,25,25,24,24,24,1
4,1985,8,711,1,1,0.004793,3832,2456,31,29,7,7,2,6042145.0,3872313.75,18,18,255,255,3045575068,903268992,213,136,0,0,13.084546,0.330827,1424243562,1424243562,0.263706,0.251765,0.000644,0.000508,0.000136,0,0,,,2,7,12,5,8,1,1,5,0
1,1986,12,712,1,1,0.090848,3390,44906,31,29,7,22,2,293237.0625,3886227.5,56,58,255,255,297960255,316847779,61,774,0,0,91.096292,88.560753,1424261678,1424261679,1.676796,1.584982,0.000625,0.000501,0.000124,0,0,,,2,4,3,1,1,1,1,1,0
4,1987,10,713,1,1,0.359294,320,1834,31,29,1,2,5,5944.992188,35736.75,6,8,255,255,1293300153,1512866931,53,229,0,0,5067.022115,125.258969,1421946541,1421946541,71.7898,51.258715,0.000606,0.000476,0.00013,0,0,0.0,0.0,0,3,4,4,6,1,1,3,0
16,5,21,0,0,2,9e-06,264,0,60,0,0,0,0,117333328.0,0.0,2,0,0,0,0,0,132,0,0,0,0.0,0.0,1424223407,1424223407,0.009,0.0,0.0,0.0,0.0,0,0,,,2,24,24,16,16,16,8,24,0
6,1988,15,4,1,1,0.191931,1046,268,254,252,2,1,3,39264.11328,9336.689453,10,6,255,255,2958032318,1471079608,105,45,1,0,1027.917122,61.612379,1424241191,1424241191,19.176444,36.957801,0.052591,0.00714,0.045451,0,1,1.0,,2,1,1,1,1,1,1,1,1
6,2,6,0,0,2,3e-06,114,0,254,0,0,0,0,152000000.0,0.0,2,0,0,0,0,0,57,0,0,0,0.0,0.0,1424259274,1424259274,0.003,0.0,0.0,0.0,0.0,0,2,,,2,25,25,17,17,17,17,25,1
11,1989,1,4,1,1,4.209865,17070,1041605,31,29,2,349,3,32337.37891,1976578.25,319,711,255,255,1527284727,3680177302,54,1465,0,0,912.075892,572.125135,1421937016,1421937021,13.237478,5.928706,0.000584,0.000482,0.000102,0,0,0.0,0.0,0,1,1,2,2,1,1,1,0
4,1990,4,714,1,1,0.053041,2854,30654,31,29,7,17,2,421108.1875,4527215.0,46,48,255,255,2638046678,488767472,62,639,0,0,75.223789,73.010404,1421939463,1421939463,1.171933,1.115425,0.000778,0.000606,0.000172,0,0,0.0,0.0,0,8,3,1,4,1,1,1,0
14,1991,4,1,1,1,2.144818,2934,3742,31,29,11,15,1,10734.70996,13699.99609,52,54,255,255,2761004842,2781820680,56,69,0,0,3020.338258,99.071641,1421946500,1421946502,42.048175,40.457379,0.000708,0.000573,0.000135,0,0,0.0,1.0,3,1,2,4,3,1,1,2,0
12,1992,0,715,1,1,0.439464,424,8824,31,29,1,4,5,6753.681641,147252.1094,8,12,255,255,2873441931,3291639251,53,735,0,0,3730.032424,2968.46497,1424231056,1424231057,62.736859,39.900635,0.000693,0.000553,0.00014,0,0,,,2,2,2,1,1,1,1,3,0
9,1993,9,4,1,1,0.226563,3886,268,254,252,3,1,3,125810.4766,7909.499512,12,6,255,255,1284553157,571335915,324,45,1,0,1107.29145,59.989051,1424246114,1424246114,18.973364,36.500602,0.076173,0.044057,0.032116,0,1,1.0,,2,2,1,1,3,1,1,1,1
6,2,9,0,0,2,9e-06,114,0,254,0,0,0,0,50666664.0,0.0,2,0,0,0,0,0,57,0,0,0,0.0,0.0,1424224997,1424224997,0.009,0.0,0.0,0.0,0.0,0,2,,,2,27,27,9,9,9,2,27,1
10,1994,18,179,1,1,0.224037,8928,320,31,29,4,1,5,296058.2188,9534.139648,14,6,255,255,326707174,2567447219,638,53,0,0,1572.522993,67.447617,1421929774,1421929774,17.233615,44.687,0.000586,0.000463,0.000123,0,0,0.0,0.0,0,3,9,10,11,1,1,7,0
2,5,3,0,0,2,3e-06,114,0,254,0,0,0,0,152000000.0,0.0,2,0,0,0,0,0,57,0,0,0,0.0,0.0,1424240396,1424240396,0.003,0.0,0.0,0.0,0.0,0,2,,,2,35,35,21,21,20,20,36,1
8,1995,10,0,0,0,0.001054,146,178,31,29,0,0,0,554079.6875,675521.8125,2,2,0,0,0,0,73,89,0,0,0.0,0.0,1421945103,1421945103,0.01,0.003,0.0,0.0,0.0,0,0,0.0,0.0,0,6,3,25,19,6,3,3,0
2,8,9,6,48,2,1e-05,200,0,254,0,0,0,2,266666656.0,0.0,2,0,0,0,0,0,100,0,0,0,0.0,0.0,1421930715,1421930715,0.003,0.0,0.0,0.0,0.0,0,2,0.0,0.0,0,14,14,6,6,6,6,6,1
6,5,6,0,0,2,3e-06,114,0,254,0,0,0,0,152000000.0,0.0,2,0,0,0,0,0,57,0,0,0,0.0,0.0,1424260401,1424260401,0.003,0.0,0.0,0.0,0.0,0,2,,,2,27,27,10,10,10,10,27,1
14,329,1,716,1,1,0.184987,3406,40690,31,29,7,21,2,144702.0625,1728294.5,56,56,255,255,3237469876,3237758386,61,727,0,0,200.624007,5.398509,1424251268,1424251268,3.420074,3.353618,0.000651,0.00053,0.000121,0,0,,,2,6,4,3,3,1,1,3,0
15,5,5,0,0,2,2e-06,264,0,60,0,0,0,0,528000000.0,0.0,2,0,0,0,0,0,132,0,0,0,0.0,0.0,1424253701,1424253701,0.002,0.0,0.0,0.0,0.0,0,0,,,2,24,24,17,17,17,17,24,0
4,1996,13,7,1,1,0.019953,1540,1644,31,29,4,4,2,578960.5625,622663.25,16,18,255,255,2644257025,504025069,96,91,0,0,80.891849,2.156632,1421969646,1421969646,1.3092,1.145941,0.00059,0.000468,0.000122,0,0,0.0,0.0,0,16,9,10,9,6,1,7,0
9,1997,24,26,1,1,4.824303,22062,850,254,252,11,4,2,35365.9375,1321.641602,30,16,255,255,1350373337,3759491531,735,53,0,0,19296.83913,701.2035,1424235104,1424235109,166.33176,315.086937,0.168419,0.097991,0.070428,0,1,,,2,4,3,1,1,1,1,3,1
10,1998,19,8,1,1,0.032345,37366,3380,31,29,18,8,4,9064276.0,816200.3125,52,42,255,255,128720469,2275124904,719,80,0,0,45.944568,1.666499,1424254183,1424254183,0.62749,0.775659,0.000691,0.00054,0.000151,0,0,,,2,1,1,3,2,1,1,1,0
0,1999,12,7,1,1,4.656733,22112,978468,31,29,34,348,2,37890.94141,1678758.0,392,766,255,255,4083072146,1941680834,56,1277,0,0,4903.491424,3504.164843,1424246845,1424246850,11.909005,6.086626,0.000578,0.000459,0.000119,0,0,,,2,6,7,2,6,2,1,4,0
2,2,3,0,0,2,1.1e-05,114,0,254,0,0,0,0,41454544.0,0.0,2,0,0,0,0,0,57,0,0,0,0.0,0.0,1421930971,1421930971,0.011,0.0,0.0,0.0,0.0,0,2,0.0,0.0,0,18,18,7,8,7,3,7,1
6,2,6,0,0,2,9e-06,114,0,254,0,0,0,0,50666664.0,0.0,2,0,0,0,0,0,57,0,0,0,0.0,0.0,1424261621,1424261621,0.009,0.0,0.0,0.0,0.0,0,2,,,2,21,21,6,5,5,5,21,1
10,2000,18,0,0,0,0.001054,146,178,31,29,0,0,0,554079.6875,675521.8125,2,2,0,0,0,0,73,89,0,0,0.0,0.0,1424236335,1424236335,0.009,0.007,0.0,0.0,0.0,0,0,,,2,4,4,4,4,2,1,1,0
15,5,5,0,0,2,6e-06,264,0,60,0,0,0,0,176000000.0,0.0,2,0,0,0,0,0,132,0,0,0,0.0,0.0,1424254665,1424254665,0.006,0.0,0.0,0.0,0.0,0,0,,,2,23,23,15,15,15,15,23,0
2,2,3,0,0,2,1e-05,114,0,254,0,0,0,0,45600000.0,0.0,2,0,0,0,0,0,57,0,0,0,0.0,0.0,1424238477,1424238477,0.01,0.0,0.0,0.0,0.0,0,2,,,2,43,43,43,43,43,23,43,1
4,2001,8,18,1,1,0.038759,7816,15212,31,29,30,32,2,1600041.25,3115044.25,122,126,255,255,3291418243,3292456328,64,121,0,0,25.352397,19.85286,1424238998,1424238999,0.323729,0.311024,0.000654,0.000498,0.000156,0,0,,,2,2,2,1,1,1,1,4,0
0,2002,4,717,1,1,0.05184,3598,48874,31,29,7,24,2,546142.0,7420679.0,60,62,255,255,3052537411,3061888173,60,788,0,0,56.527294,55.659878,1424250734,1424250734,0.873373,0.841148,0.000654,0.000529,0.000125,0,0,,,2,2,7,2,3,1,1,1,0
6,2,6,0,0,2,8e-06,114,0,254,0,0,0,0,57000000.0,0.0,2,0,0,0,0,0,57,0,0,0,0.0,0.0,1424260245,1424260245,0.008,0.0,0.0,0.0,0.0,0,2,,,2,5,5,5,5,5,5,5,1
11,870,13,1,1,1,0.844589,2934,3742,31,29,11,15,1,27260.59766,34790.88672,52,54,255,255,3988158327,1839624918,56,69,0,0,1417.500286,52.871816,1424221870,1424221870,16.554373,15.927019,0.000571,0.000454,0.000117,0,0,,1.0,3,1,1,4,7,1,1,5,0
1,2003,4,0,0,0,0.001013,146,178,31,29,0,0,0,576505.4375,702862.75,2,2,0,0,0,0,73,89,0,0,0.0,0.0,1421930809,1421930809,0.009,0.005,0.0,0.0,0.0,0,0,0.0,0.0,0,3,2,2,6,2,1,1,0
6,2004,15,4,1,1,4.266629,1454,1802,62,252,2,2,3,2499.396973,2956.900879,12,8,255,255,365863709,3327721022,121,225,1,351,32372.22705,1232.110625,1424244943,1424244947,387.810733,602.015125,0.083835,0.052514,0.031321,0,1,1.0,,2,1,1,2,2,1,1,2,1
10,2005,0,8,1,1,0.028822,37446,3380,31,29,18,8,4,10193880.0,915967.0,52,42,255,255,4015036559,1870602033,720,80,0,0,31.173363,1.402333,1424258768,1424258768,0.56886,0.689756,0.000681,0.000538,0.000143,0,0,,,2,1,1,4,5,1,1,1,0
3,2,3,0,0,2,8e-06,114,0,254,0,0,0,0,57000000.0,0.0,2,0,0,0,0,0,57,0,0,0,0.0,0.0,1424232324,1424232324,0.008,0.0,0.0,0.0,0.0,0,2,,,2,36,36,25,26,25,25,36,1
12,2006,10,8,1,1,1.413946,37594,3380,31,29,18,8,4,208619.0,18671.15039,52,42,255,255,3713031810,1655657965,723,80,0,0,1908.751255,58.139418,1421946945,1421946947,27.717274,34.472707,0.000694,0.000562,0.000132,0,0,0.0,0.0,0,1,2,3,2,1,1,1,0
5,5,7,0,0,2,9e-06,264,0,60,0,0,0,0,117333328.0,0.0,2,0,0,0,0,0,132,0,0,0,0.0,0.0,1424231374,1424231374,0.009,0.0,0.0,0.0,0.0,0,0,,,2,36,36,12,12,12,12,36,0
1,2007,13,9,1,1,0.006565,4908,2344,31,29,9,6,2,5805331.5,2738157.0,34,24,255,255,4049834602,1900549283,144,98,0,0,13.320192,0.36536,1424244673,1424244673,0.205156,0.254174,0.000733,0.000589,0.000144,0,0,,,2,2,3,2,1,1,1,1,0
13,2008,19,4,1,1,1.00973,1684,10168,31,29,3,5,2,12391.43164,76091.63281,14,18,255,255,965354900,966408016,120,565,1,3924,8766.622087,7676.03063,1421955745,1421955746,77.645385,59.367882,0.000595,0.000472,0.000123,0,0,1.0,0.0,0,5,11,1,4,1,1,1,0
2,2,3,0,0,2,9e-06,114,0,254,0,0,0,0,50666664.0,0.0,2,0,0,0,0,0,57,0,0,0,0.0,0.0,1424239032,1424239032,0.009,0.0,0.0,0.0,0.0,0,2,,,2,45,45,42,42,42,22,45,1
2,2,3,0,0,2,1e-05,114,0,254,0,0,0,0,45600000.0,0.0,2,0,0,0,0,0,57,0,0,0,0.0,0.0,1424237594,1424237594,0.01,0.0,0.0,0.0,0.0,0,2,,,2,41,41,25,25,25,14,41,1
6,2009,6,26,1,1,0.453232,7858,268,254,252,4,1,2,128799.3828,3953.824951,14,6,255,255,2211141361,2162608650,561,45,0,0,1945.77198,109.541953,1424228170,1424228171,31.594846,77.469398,0.118854,0.065882,0.052972,0,1,,,2,10,3,1,2,1,1,3,1
2,2,2,0,0,2,8e-06,114,0,254,0,0,0,0,57000000.0,0.0,2,0,0,0,0,0,57,0,0,0,0.0,0.0,1424253001,1424253001,0.008,0.0,0.0,0.0,0.0,0,2,,,2,20,20,15,14,14,14,20,1
1,2010,12,8,1,1,0.0518,37198,3380,31,29,18,8,4,5634440.0,509652.5,52,42,255,255,3989385872,3990405436,715,80,0,0,66.12135,2.931587,1421960922,1421960922,1.008627,1.250122,0.000648,0.000541,0.000107,0,0,0.0,0.0,0,1,1,1,9,1,1,1,0
3,5,14,0,0,2,5e-06,114,0,254,0,0,0,0,91200000.0,0.0,2,0,0,0,0,0,57,0,0,0,0.0,0.0,1424247584,1424247584,0.005,0.0,0.0,0.0,0.0,0,2,,,2,17,17,17,18,17,17,17,1
3,2,14,0,0,2,9e-06,114,0,254,0,0,0,0,50666664.0,0.0,2,0,0,0,0,0,57,0,0,0,0.0,0.0,1424247869,1424247869,0.009,0.0,0.0,0.0,0.0,0,2,,,2,12,12,5,5,5,4,12,1
3,2011,11,4,1,1,1.204037,832,1100,62,252,2,2,3,4976.591309,6398.474609,10,8,255,255,508805832,2193366564,83,138,1,129,7722.095489,283.5345,1424254120,1424254121,133.781889,145.585281,0.283347,0.159696,0.123651,0,1,1.0,,2,4,3,1,1,1,1,3,1
2,2,2,0,0,2,3e-06,114,0,254,0,0,0,0,152000000.0,0.0,2,0,0,0,0,0,57,0,0,0,0.0,0.0,1424252912,1424252912,0.003,0.0,0.0,0.0,0.0,0,2,,,2,37,37,34,34,34,16,37,1
2,2012,16,718,1,1,0.938705,14774,354,254,252,6,1,2,118921.2734,2641.9375,18,8,255,255,1641323113,1162347295,821,44,0,0,3722.764858,222.683391,1424231144,1424231145,52.422119,119.334289,0.225243,0.103356,0.121887,0,1,,,2,2,1,1,2,1,1,1,1
4,2013,8,719,1,1,0.009853,2334,16438,31,29,7,12,2,1843093.5,12995839.0,36,38,255,255,3712175809,3724484154,65,433,0,0,0.0,15.971545,1421972475,1421972475,0.2726,0.252135,0.000656,0.00052,0.000136,0,0,0.0,0.0,0,8,5,1,2,1,1,1,0
12,2014,0,9,1,1,0.283083,2158,1918,31,29,6,5,2,58470.48438,51518.46094,24,20,255,255,3213482518,1068390207,90,96,0,0,790.031778,870.934771,1424225594,1424225595,12.307957,14.861053,0.000735,0.000596,0.000139,0,0,,,2,3,2,2,2,1,1,1,0
10,2015,18,720,1,1,0.06912,4056,2560,31,29,7,7,2,443402.7813,281481.5,18,20,255,255,1223794954,1226914022,225,128,0,0,499.725148,14.306043,1424237238,1424237238,4.047412,3.610105,0.00065,0.000525,0.000125,0,0,,,2,14,3,1,2,1,1,2,0
8,2016,19,0,0,0,0.001078,130,162,31,29,0,0,0,482374.7813,601113.1875,2,2,0,0,0,0,65,81,0,0,0.0,0.0,1421944486,1421944486,0.011,0.008,0.0,0.0,0.0,0,0,0.0,0.0,0,2,6,1,1,1,1,1,0
2,5,2,0,0,2,4e-06,114,0,254,0,0,0,0,114000000.0,0.0,2,0,0,0,0,0,57,0,0,0,0.0,0.0,1424252041,1424252041,0.004,0.0,0.0,0.0,0.0,0,2,,,2,18,18,18,19,18,18,18,1
2,2017,24,4,1,1,0.588786,800,1324,62,252,2,2,3,9782.84082,15747.65723,10,8,255,255,3734408195,3613078004,80,166,1,260,3249.065612,114.886852,1424225818,1424225819,65.420667,70.477711,0.162095,0.094775,0.06732,0,1,1.0,,2,2,2,1,5,1,1,2,0
2,5,3,0,0,2,1e-05,114,0,254,0,0,0,0,45600000.0,0.0,2,0,0,0,0,0,57,0,0,0,0.0,0.0,1424237531,1424237531,0.01,0.0,0.0,0.0,0.0,0,2,,,2,29,29,9,9,9,5,29,1
2,145,9,65,0,2,8e-06,1152,0,254,0,0,0,8,576000000.0,0.0,2,0,0,0,0,0,576,0,0,0,0.0,0.0,1424232938,1424232938,0.008,0.0,0.0,0.0,0.0,0,2,,,2,2,2,2,3,2,2,2,1
2,2,2,0,0,2,9e-06,114,0,254,0,0,0,0,50666664.0,0.0,2,0,0,0,0,0,57,0,0,0,0.0,0.0,1424254957,1424254957,0.009,0.0,0.0,0.0,0.0,0,2,,,2,25,25,25,25,25,11,25,1
8,2018,20,721,1,1,0.013881,2542,21294,31,29,7,14,2,1428715.5,11980117.0,40,42,255,255,1779825760,3930914462,64,507,0,0,0.0,21.728017,1421953989,1421953989,0.347718,0.326073,0.000638,0.000508,0.00013,0,0,0.0,0.0,0,10,7,4,11,1,1,1,0
15,164,21,655,0,3,59.122383,7540,0,60,0,0,0,2,1011.461243,0.0,116,0,0,0,0,0,65,0,0,0,608.68625,0.0,1424259785,1424259844,520.432906,0.0,0.0,0.0,0.0,0,0,,,2,2,2,2,2,2,2,2,0
2,2,3,0,0,2,5e-06,114,0,254,0,0,0,0,91200000.0,0.0,2,0,0,0,0,0,57,0,0,0,0.0,0.0,1421932920,1421932920,0.005,0.0,0.0,0.0,0.0,0,2,0.0,0.0,0,14,14,3,3,3,3,3,1
2,2,3,0,0,2,8e-06,114,0,254,0,0,0,0,57000000.0,0.0,2,0,0,0,0,0,57,0,0,0,0.0,0.0,1424238875,1424238875,0.008,0.0,0.0,0.0,0.0,0,2,,,2,44,44,44,44,44,24,44,1
3,2019,3,722,1,1,1.02788,35200,4660,254,252,16,4,11,267112.9063,33684.86719,40,14,255,255,3875603169,2849559686,880,333,0,0,2139.670962,5106.163964,1424246028,1424246029,26.355897,76.742923,0.053065,0.02954,0.023525,0,1,,,2,1,1,1,17,1,1,1,1
3,2,14,0,0,2,9e-06,114,0,254,0,0,0,0,50666664.0,0.0,2,0,0,0,0,0,57,0,0,0,0.0,0.0,1424245681,1424245681,0.009,0.0,0.0,0.0,0.0,0,2,,,2,34,34,22,24,22,22,34,1
6,5,6,0,0,2,9e-06,114,0,254,0,0,0,0,50666664.0,0.0,2,0,0,0,0,0,57,0,0,0,0.0,0.0,1424259436,1424259436,0.009,0.0,0.0,0.0,0.0,0,2,,,2,4,4,5,4,4,4,4,1
2,2,3,0,0,2,3e-06,114,0,254,0,0,0,0,152000000.0,0.0,2,0,0,0,0,0,57,0,0,0,0.0,0.0,1424238757,1424238757,0.003,0.0,0.0,0.0,0.0,0,2,,,2,36,36,18,19,18,18,36,1
0,2020,8,8,1,1,0.043382,37164,3380,31,29,18,8,4,6721682.0,608547.3125,52,42,255,255,2641486183,2638297000,715,80,0,0,55.597473,2.353895,1421969764,1421969764,0.842882,1.045561,0.000679,0.000509,0.00017,0,0,0.0,0.0,0,1,2,3,2,1,1,1,0
11,2021,20,723,1,1,0.009804,2334,16822,31,29,7,12,2,1852305.125,13365973.0,36,38,255,255,3935249437,3943331084,65,443,0,0,0.0,15.948619,1424253889,1424253889,0.271257,0.252081,0.000607,0.000474,0.000133,0,0,,,2,5,2,3,5,1,1,2,0
14,2022,13,4,1,1,1.009852,1580,10168,31,29,3,5,3,11478.90918,76082.42969,12,18,255,255,1978646723,1979694554,132,565,1,3924,9530.894306,7676.236902,1421972337,1421972338,91.772821,59.371002,0.000694,0.000541,0.000153,0,0,1.0,0.0,0,1,1,5,6,1,1,4,0
3,2,3,0,0,2,5e-06,114,0,254,0,0,0,0,91200000.0,0.0,2,0,0,0,0,0,57,0,0,0,0.0,0.0,1424233186,1424233186,0.005,0.0,0.0,0.0,0.0,0,2,,,2,20,20,20,20,20,20,20,1
12,2023,18,724,1,1,0.051695,2974,30516,31,29,7,18,2,450797.9375,4628068.5,48,50,255,255,3907199801,1757910351,62,610,0,0,69.680626,66.840543,1421949676,1421949676,1.092468,1.043163,0.000722,0.00057,0.000152,0,0,0.0,0.0,0,7,9,3,6,1,1,1,0
2,2,2,0,0,2,9e-06,114,0,254,0,0,0,0,50666664.0,0.0,2,0,0,0,0,0,57,0,0,0,0.0,0.0,1424253229,1424253229,0.009,0.0,0.0,0.0,0.0,0,2,,,2,44,44,14,14,14,14,44,1
2,2,3,0,0,2,1.6e-05,114,0,254,0,0,0,0,28500000.0,0.0,2,0,0,0,0,0,57,0,0,0,0.0,0.0,1424239580,1424239580,0.016,0.0,0.0,0.0,0.0,0,2,,,2,38,38,18,19,18,18,38,1
2,2,2,0,0,2,3e-06,114,0,254,0,0,0,0,152000000.0,0.0,2,0,0,0,0,0,57,0,0,0,0.0,0.0,1424253349,1424253349,0.003,0.0,0.0,0.0,0.0,0,2,,,2,34,34,34,34,34,16,34,1
2,2024,24,64,0,2,1e-05,1838,0,254,0,0,0,2,735200000.0,0.0,2,0,0,0,0,0,919,0,0,0,0.0,0.0,1424254713,1424254713,0.01,0.0,0.0,0.0,0.0,0,2,,,2,2,2,1,18,1,1,2,1
6,2025,17,10,0,2,8e-06,168,0,254,0,0,0,2,84000000.0,0.0,2,0,0,0,0,0,84,0,0,0,0.0,0.0,1424262002,1424262002,0.008,0.0,0.0,0.0,0.0,0,2,,,2,1,1,1,1,1,1,1,1
2,2,3,0,0,2,4e-06,114,0,254,0,0,0,0,114000000.0,0.0,2,0,0,0,0,0,57,0,0,0,0.0,0.0,1424237574,1424237574,0.004,0.0,0.0,0.0,0.0,0,2,,,2,42,42,20,20,20,9,42,1
4,2026,19,725,1,1,0.401846,5016,3080,31,29,7,7,2,96295.60156,59286.39453,28,30,255,255,1242081882,3390765380,179,103,0,0,880.82903,22.866678,1421942442,1421942442,14.870889,13.837689,0.00069,0.000549,0.000141,0,0,0.0,0.0,0,6,8,6,5,1,1,3,0
3,2,3,0,0,2,8e-06,114,0,254,0,0,0,0,57000000.0,0.0,2,0,0,0,0,0,57,0,0,0,0.0,0.0,1424233837,1424233837,0.008,0.0,0.0,0.0,0.0,0,2,,,2,54,54,38,38,38,22,54,1
4,2027,12,4,1,1,1.086859,1684,10168,31,29,3,5,3,11512.07324,70691.78125,14,18,255,255,3631428719,3628811236,120,565,1,3924,8794.300195,7700.431644,1424251587,1424251588,83.578846,63.901353,0.000685,0.000533,0.000152,0,0,2.0,,2,5,3,4,2,2,2,3,0
17,2028,13,726,1,1,0.127928,2854,29648,31,29,7,17,2,174598.2031,1815458.625,46,48,255,255,534817067,2762690102,62,618,0,0,152.345279,148.912895,1424240197,1424240197,2.835955,2.710979,0.000773,0.000508,0.000265,0,0,,,2,6,5,5,6,1,1,5,0
1,2029,20,7,1,1,0.01894,1540,1644,31,29,4,4,2,609926.0625,655966.1875,16,18,255,255,1085711967,1091327841,96,91,0,0,75.440912,2.056239,1424261733,1424261733,1.242267,1.087235,0.000567,0.000452,0.000115,0,0,,,2,5,6,4,4,4,1,5,0
9,2030,6,10,0,2,3e-06,168,0,254,0,0,0,2,224000000.0,0.0,2,0,0,0,0,0,84,0,0,0,0.0,0.0,1424249381,1424249381,0.003,0.0,0.0,0.0,0.0,0,2,,,2,3,1,1,2,1,1,1,1
3,2,14,0,0,2,3e-06,114,0,254,0,0,0,0,152000000.0,0.0,2,0,0,0,0,0,57,0,0,0,0.0,0.0,1424247045,1424247045,0.003,0.0,0.0,0.0,0.0,0,2,,,2,5,5,5,5,5,5,6,1
10,1100,4,727,0,0,0.002466,512,304,31,29,0,0,2,1245742.125,739659.375,4,4,0,0,0,0,128,76,0,0,0.577708,0.673874,1421950027,1421950027,0.414,0.483,0.0,0.0,0.0,0,0,0.0,0.0,0,4,6,2,2,1,1,2,0
3,5,14,0,0,2,9e-06,114,0,254,0,0,0,0,50666664.0,0.0,2,0,0,0,0,0,57,0,0,0,0.0,0.0,1424245843,1424245843,0.009,0.0,0.0,0.0,0.0,0,2,,,2,31,31,31,31,31,12,31,1
12,2031,20,4,1,0,0.050175,890,6216,31,29,2,3,2,124205.2813,867204.8125,8,8,255,255,2498824992,376657274,111,777,1,2636,455.013799,442.680179,1421945651,1421945651,7.167857,7.06,0.000698,0.000536,0.000162,0,0,3.0,0.0,0,9,20,13,10,7,3,3,0
11,2032,4,10,0,0,0.087074,568,304,31,29,0,0,2,39139.125,20947.70117,4,4,0,0,0,0,142,76,0,0,33.924863,33.838125,1424258883,1424258883,23.996,23.929666,0.0,0.0,0.0,0,0,,,2,3,8,4,4,1,1,3,0
9,8,15,6,82,2,9e-06,200,0,254,0,0,0,2,88888888.0,0.0,2,0,0,0,0,0,100,0,0,0,0.0,0.0,1424258911,1424258911,0.009,0.0,0.0,0.0,0.0,0,2,,,2,6,6,3,8,3,3,6,1
2,2,3,0,0,2,8e-06,114,0,254,0,0,0,0,57000000.0,0.0,2,0,0,0,0,0,57,0,0,0,0.0,0.0,1424237817,1424237817,0.008,0.0,0.0,0.0,0.0,0,2,,,2,27,27,7,7,7,7,27,1
10,2033,10,0,0,0,0.001095,130,162,31,29,0,0,0,474885.875,591780.875,2,2,0,0,0,0,65,81,0,0,0.0,0.0,1421942489,1421942489,0.007,0.008,0.0,0.0,0.0,0,0,0.0,0.0,0,1,5,5,2,1,1,1,0
0,2034,19,0,0,0,0.001118,146,178,31,29,0,0,0,522361.3438,636851.5,2,2,0,0,0,0,73,89,0,0,0.0,0.0,1424223945,1424223945,0.009,0.008,0.0,0.0,0.0,0,0,,,2,2,2,4,1,1,1,1,0
6,2,6,0,0,2,7e-06,114,0,254,0,0,0,0,65142856.0,0.0,2,0,0,0,0,0,57,0,0,0,0.0,0.0,1424261606,1424261606,0.007,0.0,0.0,0.0,0.0,0,2,,,2,10,10,11,11,10,10,13,1
14,2035,20,9,1,1,1.241412,1920,4312,31,29,6,6,2,11812.35547,26634.1875,22,24,255,255,524572259,524865708,87,180,0,0,5377.592092,5143.292266,1424256013,1424256014,59.097859,53.95,0.000687,0.000554,0.000133,0,0,,,2,3,4,3,3,1,1,1,0
14,2036,1,728,1,1,0.044636,2646,21848,31,29,7,14,2,462944.7188,3822564.75,42,42,255,255,3085599684,3085878711,63,520,0,0,82.626406,2.27263,1424249217,1424249217,1.08061,1.075122,0.000682,0.000548,0.000134,0,0,,,2,5,1,1,2,1,1,1,0
2,2037,17,12,0,2,3e-06,104,0,254,0,0,0,2,138666656.0,0.0,2,0,0,0,0,0,52,0,0,0,0.0,0.0,1424228161,1424228161,0.003,0.0,0.0,0.0,0.0,0,2,,,2,4,4,1,1,1,1,4,1
0,2038,18,729,1,1,0.286617,4120,2976,31,29,7,7,2,110586.5938,80106.89844,26,28,255,255,1316582007,3465406357,158,106,0,0,671.197444,17.351725,1421939049,1421939049,11.45212,10.595481,0.000661,0.000535,0.000126,0,0,0.0,0.0,0,5,6,4,3,1,1,3,0
6,2039,11,730,1,1,1.087347,364,646,62,252,1,2,5,2346.996826,4164.263672,8,8,255,255,720317330,2149676654,46,81,0,0,10056.1242,266.947781,1424255733,1424255735,155.335286,138.030141,0.204639,0.120368,0.084271,0,1,,,2,1,1,2,2,1,1,2,1
10,2040,10,10,0,0,0.004967,568,320,31,29,0,0,2,686128.4375,386551.25,4,4,0,0,0,0,142,80,0,0,1.798646,1.569306,1421947377,1421947377,1.279333,1.117667,0.0,0.0,0.0,0,0,0.0,0.0,0,5,5,6,3,1,1,3,0
3,2,14,0,0,2,8e-06,114,0,254,0,0,0,0,57000000.0,0.0,2,0,0,0,0,0,57,0,0,0,0.0,0.0,1424246163,1424246163,0.008,0.0,0.0,0.0,0.0,0,2,,,2,38,38,21,21,21,21,38,1
12,2041,19,731,0,0,0.00173,544,304,31,29,0,0,2,1886705.125,1054335.25,4,4,0,0,0,0,136,76,0,0,0.631918,0.296517,1424259611,1424259611,0.450333,0.214667,0.0,0.0,0.0,0,0,,,2,8,8,3,3,1,1,3,0
9,2042,3,4,1,1,0.244358,904,268,254,252,2,1,3,26649.42383,7333.502441,10,6,255,255,337456567,91453848,90,45,0,0,1251.292739,49.819922,1424233378,1424233378,24.427444,36.215602,0.08628,0.063272,0.023008,0,1,,,2,1,1,1,1,1,1,1,1
11,2043,4,0,0,0,0.000974,130,162,31,29,0,0,0,533880.875,665297.75,2,2,0,0,0,0,65,81,0,0,0.0,0.0,1424228269,1424228269,0.001,0.002,0.0,0.0,0.0,0,0,,,2,1,3,2,7,1,1,3,0
2,2,3,0,0,2,6e-06,114,0,254,0,0,0,0,76000000.0,0.0,2,0,0,0,0,0,57,0,0,0,0.0,0.0,1424237560,1424237560,0.006,0.0,0.0,0.0,0.0,0,2,,,2,55,55,45,45,45,30,55,1
2,8,15,6,3,2,9e-06,200,0,254,0,0,0,2,88888888.0,0.0,2,0,0,0,0,0,100,0,0,0,0.0,0.0,1424244414,1424244414,0.009,0.0,0.0,0.0,0.0,0,2,,,2,7,7,4,5,3,3,10,1
10,2044,4,4,1,1,0.021414,1038,820,31,29,2,2,3,339590.9063,275707.4688,8,10,255,255,1152252783,3308837137,130,82,1,81,192.743039,4.252954,1424254958,1424254958,3.009714,2.321,0.000653,0.00052,0.000133,0,0,1.0,,2,1,3,2,7,1,1,1,0
10,2045,12,9,1,1,0.004258,1470,1728,31,29,5,4,2,2637858.25,3015500.25,22,14,255,255,1010102845,3155807122,67,123,0,0,12.488121,0.363172,1424228769,1424228769,0.202762,0.270462,0.000759,0.000613,0.000146,0,0,,,2,6,15,1,3,1,1,1,0
3,5,3,0,0,2,1e-05,114,0,254,0,0,0,0,45600000.0,0.0,2,0,0,0,0,0,57,0,0,0,0.0,0.0,1424231864,1424231864,0.01,0.0,0.0,0.0,0.0,0,2,,,2,26,26,18,18,18,18,26,1
4,2046,1,732,1,1,0.045833,3390,41686,31,29,7,22,2,581240.625,7150830.5,56,58,255,255,1638469777,3846332891,61,719,0,0,53.905901,52.528172,1424257414,1424257414,0.842852,0.810054,0.000576,0.000467,0.000109,0,0,,,2,5,5,1,1,1,1,2,0
10,2047,8,7,1,1,0.688839,13246,548216,31,29,21,197,2,153173.6719,6352311.5,230,438,255,255,3645597601,3667049949,58,1252,0,0,196.142406,152.695521,1421941487,1421941487,3.006659,1.575146,0.00062,0.000497,0.000123,0,0,0.0,0.0,0,13,11,6,10,4,1,4,0
2,2048,17,10,0,2,1e-05,168,0,254,0,0,0,2,67200000.0,0.0,2,0,0,0,0,0,84,0,0,0,0.0,0.0,1421929116,1421929116,0.01,0.0,0.0,0.0,0.0,0,2,0.0,0.0,0,1,1,1,1,1,1,1,1
2,8,6,6,3,2,9e-06,200,0,254,0,0,0,2,88888888.0,0.0,2,0,0,0,0,0,100,0,0,0,0.0,0.0,1424237406,1424237406,0.009,0.0,0.0,0.0,0.0,0,2,,,2,6,6,3,3,3,3,6,1
3,2,14,0,0,2,1e-06,114,0,254,0,0,0,0,456000000.0,0.0,2,0,0,0,0,0,57,0,0,0,0.0,0.0,1424245704,1424245704,0.001,0.0,0.0,0.0,0.0,0,2,,,2,46,46,39,39,39,22,46,1
1,2049,13,733,1,1,0.224184,424,8824,31,29,1,4,5,13239.125,288655.75,8,12,255,255,2461610400,2567444547,53,735,0,0,2170.732766,1726.246386,1421957205,1421957205,31.963858,20.329636,0.000699,0.000552,0.000147,0,0,0.0,0.0,0,2,2,4,2,1,1,2,0
3,2,14,0,0,2,4e-06,114,0,254,0,0,0,0,114000000.0,0.0,2,0,0,0,0,0,57,0,0,0,0.0,0.0,1424247546,1424247546,0.004,0.0,0.0,0.0,0.0,0,2,,,2,22,22,22,22,22,22,22,1
17,2050,12,734,1,1,0.02892,3078,30506,31,29,7,18,2,834578.125,8269986.0,50,50,255,255,1521184212,3666911699,62,610,0,0,38.553449,1.103083,1424220251,1424220251,0.583469,0.577918,0.000715,0.000593,0.000122,0,0,,,2,5,7,2,2,1,1,1,0
19,5,21,0,0,2,4e-06,264,0,60,0,0,0,0,264000000.0,0.0,2,0,0,0,0,0,132,0,0,0,0.0,0.0,1424261268,1424261268,0.004,0.0,0.0,0.0,0.0,0,0,,,2,13,13,13,13,13,13,13,0
3,2,3,0,0,2,9e-06,114,0,254,0,0,0,0,50666664.0,0.0,2,0,0,0,0,0,57,0,0,0,0.0,0.0,1424231352,1424231352,0.009,0.0,0.0,0.0,0.0,0,2,,,2,21,20,8,8,8,6,20,1
19,5,21,0,0,2,1e-06,264,0,60,0,0,0,0,1056000000.0,0.0,2,0,0,0,0,0,132,0,0,0,0.0,0.0,1424260309,1424260309,0.001,0.0,0.0,0.0,0.0,0,0,,,2,24,24,19,19,19,19,24,0
3,2051,16,12,0,2,6e-06,104,0,254,0,0,0,2,69333328.0,0.0,2,0,0,0,0,0,52,0,0,0,0.0,0.0,1424242523,1424242523,0.006,0.0,0.0,0.0,0.0,0,2,,,2,6,6,1,1,1,1,6,1
1,2052,13,8,1,1,1.022744,37210,3380,31,29,18,8,4,285467.3125,25812.91016,52,42,255,255,508116938,695737649,716,80,0,0,1533.15504,48.486297,1421960727,1421960728,20.046941,24.926219,0.000892,0.000766,0.000126,0,0,0.0,0.0,0,2,2,2,4,1,1,1,0
3,2,14,0,0,2,4e-06,114,0,254,0,0,0,0,114000000.0,0.0,2,0,0,0,0,0,57,0,0,0,0.0,0.0,1424244805,1424244805,0.004,0.0,0.0,0.0,0.0,0,2,,,2,35,35,18,18,18,18,35,1
3,2,3,0,0,2,3e-06,114,0,254,0,0,0,0,152000000.0,0.0,2,0,0,0,0,0,57,0,0,0,0.0,0.0,1424230641,1424230641,0.003,0.0,0.0,0.0,0.0,0,2,,,2,9,9,9,9,9,9,9,1
12,2053,1,7,1,1,0.020605,1540,1644,31,29,4,4,2,560640.625,602960.4375,16,18,255,255,1134612259,3294843184,96,91,0,0,83.100036,2.286544,1421928222,1421928222,1.352867,1.183235,0.00066,0.000486,0.000174,0,0,0.0,0.0,0,7,11,6,6,4,1,4,0
6,8,17,6,7,2,3e-06,200,0,254,0,0,0,2,266666656.0,0.0,2,0,0,0,0,0,100,0,0,0,0.0,0.0,1424223225,1424223225,0.003,0.0,0.0,0.0,0.0,0,2,,,2,5,5,2,2,2,2,5,1
6,2054,16,10,1,1,0.758151,564,354,254,252,2,1,2,5360.409668,3271.116211,10,8,255,255,2798221375,285691303,56,44,0,0,5669.994245,152.690266,1424223114,1424223115,84.239,105.639289,0.048204,0.018062,0.030142,0,1,,,2,1,1,1,1,1,1,1,1
5,5,7,0,0,2,7e-06,264,0,60,0,0,0,0,150857136.0,0.0,2,0,0,0,0,0,132,0,0,0,0.0,0.0,1424230490,1424230490,0.007,0.0,0.0,0.0,0.0,0,0,,,2,47,47,13,13,13,7,47,0
7,5,7,0,0,2,4e-06,264,0,60,0,0,0,0,264000000.0,0.0,2,0,0,0,0,0,132,0,0,0,0.0,0.0,1424244429,1424244429,0.004,0.0,0.0,0.0,0.0,0,0,,,2,30,30,14,14,14,14,30,0
8,2055,8,735,1,1,0.441315,320,1864,31,29,1,2,5,4840.080078,29566.18359,6,8,255,255,861028604,1513786527,53,233,0,0,6228.057883,153.962531,1424250861,1424250861,88.2016,62.97957,0.000563,0.000455,0.000108,0,0,,,2,2,4,2,2,1,1,2,0
8,2056,4,7,1,1,1.198169,13142,548216,31,29,21,197,2,87366.64063,3652005.75,228,438,255,255,1300905878,3454767167,58,1252,0,0,1070.002401,770.21324,1421962979,1421962981,5.276718,2.740698,0.000611,0.00048,0.000131,0,0,0.0,0.0,0,6,5,4,4,2,1,2,0
14,2057,18,9,1,1,0.007014,2062,2424,31,29,6,7,2,2254918.75,2658682.75,24,26,255,255,3211052457,3211395276,86,93,0,0,16.542028,0.0,1421939027,1421939027,0.288826,0.2538,0.000796,0.000658,0.000138,0,0,0.0,0.0,0,3,8,3,1,1,1,1,0
2,2,3,0,0,2,1e-05,114,0,254,0,0,0,0,45600000.0,0.0,2,0,0,0,0,0,57,0,0,0,0.0,0.0,1421932583,1421932583,0.01,0.0,0.0,0.0,0.0,0,2,0.0,0.0,0,7,7,7,7,7,3,7,1
6,2,9,0,0,2,1e-05,114,0,254,0,0,0,0,45600000.0,0.0,2,0,0,0,0,0,57,0,0,0,0.0,0.0,1424225993,1424225993,0.01,0.0,0.0,0.0,0.0,0,2,,,2,11,11,9,9,8,8,11,1
6,8,15,6,3,2,9e-06,200,0,254,0,0,0,2,88888888.0,0.0,2,0,0,0,0,0,100,0,0,0,0.0,0.0,1424251703,1424251703,0.009,0.0,0.0,0.0,0.0,0,2,,,2,1,1,1,1,1,1,1,1
9,8,15,6,43,2,9e-06,200,0,254,0,0,0,2,88888888.0,0.0,2,0,0,0,0,0,100,0,0,0,0.0,0.0,1424258795,1424258795,0.009,0.0,0.0,0.0,0.0,0,2,,,2,6,6,3,4,3,3,6,1
0,2058,1,736,0,0,0.001677,528,304,31,29,0,0,2,1889087.75,1087656.5,4,4,0,0,0,0,132,76,0,0,0.608583,0.270587,1424245537,1424245537,0.433333,0.196333,0.0,0.0,0.0,0,0,,,2,5,6,6,5,1,1,3,0
3,2,14,0,0,2,9e-06,114,0,254,0,0,0,0,50666664.0,0.0,2,0,0,0,0,0,57,0,0,0,0.0,0.0,1424245989,1424245989,0.009,0.0,0.0,0.0,0.0,0,2,,,2,24,24,2,2,2,2,24,1
0,2059,19,8,1,1,0.061672,37242,3380,31,29,18,8,4,4738098.5,428071.0938,52,42,255,255,1952863052,4099341123,716,80,0,0,76.28639,3.469097,1421943710,1421943710,1.200843,1.487781,0.000815,0.000669,0.000146,0,0,0.0,0.0,0,1,2,5,5,1,1,1,0
3,2,3,0,0,2,9e-06,114,0,254,0,0,0,0,50666664.0,0.0,2,0,0,0,0,0,57,0,0,0,0.0,0.0,1424233836,1424233836,0.009,0.0,0.0,0.0,0.0,0,2,,,2,54,54,16,16,16,16,54,1
4,2060,1,737,1,1,0.222339,8928,320,31,29,4,1,5,298319.2188,9606.951172,14,6,255,255,868861583,3331011893,638,53,0,0,1642.857592,67.524453,1424256404,1424256404,18.528249,44.355,0.000562,0.000446,0.000116,0,0,,,2,5,6,3,3,1,1,3,0
9,8,15,6,83,2,9e-06,200,0,254,0,0,0,2,88888888.0,0.0,2,0,0,0,0,0,100,0,0,0,0.0,0.0,1424258767,1424258767,0.009,0.0,0.0,0.0,0.0,0,2,,,2,6,6,1,3,1,1,6,1
13,2061,19,0,0,0,0.001072,146,178,31,29,0,0,0,544776.125,664179.125,2,2,0,0,0,0,73,89,0,0,0.0,0.0,1421946316,1421946316,0.011,0.008,0.0,0.0,0.0,0,0,0.0,0.0,0,3,4,4,2,2,1,1,0
3,5,3,0,0,2,6e-06,114,0,254,0,0,0,0,76000000.0,0.0,2,0,0,0,0,0,57,0,0,0,0.0,0.0,1424231848,1424231848,0.006,0.0,0.0,0.0,0.0,0,2,,,2,45,45,40,40,40,18,45,1
4,2062,20,0,0,0,0.001014,146,178,31,29,0,0,0,575936.875,702169.625,2,2,0,0,0,0,73,89,0,0,0.0,0.0,1421929456,1421929456,0.001,0.007,0.0,0.0,0.0,0,0,0.0,0.0,0,5,4,4,3,2,1,1,0
2,2,3,0,0,2,4e-06,114,0,254,0,0,0,0,114000000.0,0.0,2,0,0,0,0,0,57,0,0,0,0.0,0.0,1424237607,1424237607,0.004,0.0,0.0,0.0,0.0,0,2,,,2,50,50,38,38,38,22,50,1
3,2,14,0,0,2,8e-06,114,0,254,0,0,0,0,57000000.0,0.0,2,0,0,0,0,0,57,0,0,0,0.0,0.0,1424245908,1424245908,0.008,0.0,0.0,0.0,0.0,0,2,,,2,35,35,21,24,21,21,35,1
10,2063,13,738,1,1,0.004839,4104,2456,31,29,7,7,2,6407936.0,3835503.25,18,18,255,255,2461109345,2464997582,228,136,0,0,13.193686,0.330501,1421945057,1421945057,0.265941,0.254059,0.000653,0.000519,0.000134,0,0,0.0,0.0,0,9,6,4,7,3,3,4,0
3,2,14,0,0,2,4e-06,114,0,254,0,0,0,0,114000000.0,0.0,2,0,0,0,0,0,57,0,0,0,0.0,0.0,1424244663,1424244663,0.004,0.0,0.0,0.0,0.0,0,2,,,2,32,32,10,10,10,6,32,1
13,2064,1,8,1,1,0.494025,37296,3380,31,29,18,8,4,592342.5,53438.59375,52,42,255,255,3881551672,3887224341,717,80,0,0,783.128203,25.187627,1421963585,1421963586,9.679667,12.036293,0.000669,0.000536,0.000133,0,0,0.0,0.0,0,1,1,4,1,1,1,1,0
13,2065,12,10,0,0,0.331445,568,320,31,29,0,0,2,10282.24902,5792.815918,4,4,0,0,0,0,142,80,0,0,148.988344,129.151164,1424245951,1424245951,105.355664,91.331664,0.0,0.0,0.0,0,0,,,2,10,6,3,5,2,1,2,0
3,5,14,0,0,2,3e-06,114,0,254,0,0,0,0,152000000.0,0.0,2,0,0,0,0,0,57,0,0,0,0.0,0.0,1424244676,1424244676,0.003,0.0,0.0,0.0,0.0,0,2,,,2,32,32,33,32,32,15,32,1
3,2066,9,47,1,1,3.610207,1060,33120,62,252,7,18,7,2242.530762,71557.11719,22,40,255,255,1942804513,181790187,48,828,0,0,11664.46648,8313.85319,1424256175,1424256178,171.83814,89.24523,0.202876,0.129638,0.073238,0,1,,,2,1,1,1,2,1,1,1,1
23,8,27,6,13,3,50.004395,384,0,1,0,0,0,2,51.195499,0.0,6,0,0,0,0,0,64,0,0,0,0.0,0.0,1424225562,1424225612,10000.865,0.0,0.0,0.0,0.0,0,0,,,2,1,2,2,1,1,2,1,0
10,2067,4,739,1,1,0.022016,2750,27620,31,29,7,16,2,976744.1875,9818314.0,44,46,255,255,229045822,2374750656,63,600,0,0,36.469662,35.123986,1424226348,1424226348,0.504302,0.485886,0.000775,0.000628,0.000147,0,0,,,2,14,9,4,6,1,1,4,0
19,2,21,0,0,2,9e-06,264,0,60,0,0,0,0,117333328.0,0.0,2,0,0,0,0,0,132,0,0,0,0.0,0.0,1424259081,1424259081,0.009,0.0,0.0,0.0,0.0,0,0,,,2,41,41,12,12,12,9,41,0
10,2068,8,740,1,1,0.063832,2854,29196,31,29,7,17,2,349918.5313,3582905.25,46,48,255,255,4088451080,4148196155,62,608,0,0,80.941843,79.707384,1421969649,1421969649,1.410356,1.347511,0.000619,0.000494,0.000125,0,0,0.0,0.0,0,12,2,3,4,1,1,2,0
2,2,3,0,0,2,5e-06,114,0,254,0,0,0,0,91200000.0,0.0,2,0,0,0,0,0,57,0,0,0,0.0,0.0,1424238336,1424238336,0.005,0.0,0.0,0.0,0.0,0,2,,,2,40,40,20,20,20,20,40,1
17,2069,0,10,0,0,0.004723,568,312,31,29,0,0,2,721575.3125,396358.25,4,4,0,0,0,0,142,78,0,0,1.782618,1.467011,1421942217,1421942217,1.268,1.045333,0.0,0.0,0.0,0,0,0.0,0.0,0,6,8,5,3,1,1,3,0
8,2070,12,4,1,1,1.009911,1684,10168,31,29,3,5,3,12389.21094,76077.99219,14,18,255,255,76500679,2227132480,120,565,1,3924,8765.760931,7676.409289,1421927540,1421927541,77.657382,59.374471,0.00068,0.00054,0.00014,0,0,1.0,0.0,0,2,3,1,6,1,1,1,0
8,2071,0,741,1,1,0.016168,2646,23604,31,29,7,15,2,1278080.125,11414151.0,42,44,255,255,4099431331,4121368536,63,536,0,0,22.932781,23.367162,1421943968,1421943968,0.386122,0.362442,0.000836,0.000578,0.000258,0,0,0.0,0.0,0,9,6,2,4,1,1,1,0
6,2,6,0,0,2,6e-06,114,0,254,0,0,0,0,76000000.0,0.0,2,0,0,0,0,0,57,0,0,0,0.0,0.0,1424261579,1424261579,0.006,0.0,0.0,0.0,0.0,0,2,,,2,17,17,17,17,17,17,19,1
16,5,21,0,0,2,6e-06,264,0,60,0,0,0,0,176000000.0,0.0,2,0,0,0,0,0,132,0,0,0,0.0,0.0,1424225054,1424225054,0.006,0.0,0.0,0.0,0.0,0,0,,,2,23,23,16,16,16,8,23,0
11,2072,20,8,1,1,0.027486,37274,3380,31,29,18,8,2,10640471.0,960489.0,52,42,255,255,927243946,928302024,717,80,0,0,28.907778,1.37236,1421934270,1421934270,0.532451,0.656927,0.000688,0.000545,0.000143,0,0,0.0,0.0,0,11,5,2,8,1,1,1,0
9,2073,16,12,0,2,1e-05,1066,0,254,0,0,0,2,426400000.0,0.0,2,0,0,0,0,0,533,0,0,0,0.0,0.0,1424251009,1424251009,0.01,0.0,0.0,0.0,0.0,0,2,,,2,21,21,6,6,6,1,21,1
14,2074,1,0,0,0,0.001126,146,178,31,29,0,0,0,518650.0938,632326.8125,2,2,0,0,0,0,73,89,0,0,0.0,0.0,1421929229,1421929229,0.01,0.008,0.0,0.0,0.0,0,0,0.0,0.0,0,5,2,1,4,1,1,1,0
13,2075,4,1,1,1,0.845693,2934,3742,31,29,11,15,1,27225.00977,34745.46875,52,54,255,255,2343436889,2344412032,56,69,0,0,1430.429813,52.850988,1424226853,1424226854,16.90766,15.947377,0.000574,0.000456,0.000118,0,0,,1.0,3,1,1,3,5,1,1,6,0
3,2,3,0,0,2,8e-06,114,0,254,0,0,0,0,57000000.0,0.0,2,0,0,0,0,0,57,0,0,0,0.0,0.0,1424232265,1424232265,0.008,0.0,0.0,0.0,0.0,0,2,,,2,38,38,20,20,20,20,38,1
17,2076,4,18,1,1,1.583856,7816,15876,31,29,30,32,2,39155.07422,79552.6875,122,126,255,255,371377443,2517788872,64,126,0,0,798.394765,789.380627,1424228499,1424228501,13.086834,12.66664,0.000657,0.000523,0.000134,0,0,,,2,5,12,2,6,1,1,1,0
2,5,3,0,0,2,9e-06,114,0,254,0,0,0,0,50666664.0,0.0,2,0,0,0,0,0,57,0,0,0,0.0,0.0,1424237508,1424237508,0.009,0.0,0.0,0.0,0.0,0,2,,,2,28,28,4,4,4,4,28,1
6,2077,9,14,0,2,1.2e-05,1208,0,254,0,0,0,2,402666656.0,0.0,2,0,0,0,0,0,604,0,0,0,0.0,0.0,1424240525,1424240525,0.012,0.0,0.0,0.0,0.0,0,2,,,2,2,1,1,2,1,1,1,1
3,2,3,0,0,2,3e-06,114,0,254,0,0,0,0,152000000.0,0.0,2,0,0,0,0,0,57,0,0,0,0.0,0.0,1424233051,1424233051,0.003,0.0,0.0,0.0,0.0,0,2,,,2,43,43,43,43,43,25,43,1
7,2,7,0,0,2,2e-06,264,0,60,0,0,0,0,528000000.0,0.0,2,0,0,0,0,0,132,0,0,0,0.0,0.0,1424247682,1424247682,0.002,0.0,0.0,0.0,0.0,0,0,,,2,41,41,19,19,19,19,41,0
9,8,15,6,3,2,3e-06,200,0,254,0,0,0,2,266666656.0,0.0,2,0,0,0,0,0,100,0,0,0,0.0,0.0,1424258879,1424258879,0.003,0.0,0.0,0.0,0.0,0,2,,,2,3,3,1,3,1,1,3,1
6,2078,24,4,1,1,0.202388,934,268,254,252,2,1,3,33243.07813,8854.279297,10,6,255,255,1955278800,3406961199,93,45,1,0,1031.346645,45.657391,1421929724,1421929724,19.444778,32.6184,0.067933,0.039285,0.028648,0,1,1.0,0.0,0,1,1,1,1,1,1,1,1
2,5,3,0,0,2,3e-06,114,0,254,0,0,0,0,152000000.0,0.0,2,0,0,0,0,0,57,0,0,0,0.0,0.0,1424239021,1424239021,0.003,0.0,0.0,0.0,0.0,0,2,,,2,51,51,29,29,29,12,51,1
3,2,14,0,0,2,3e-06,114,0,254,0,0,0,0,152000000.0,0.0,2,0,0,0,0,0,57,0,0,0,0.0,0.0,1424247328,1424247328,0.003,0.0,0.0,0.0,0.0,0,2,,,2,24,24,22,22,22,22,25,1
1,2079,4,742,0,0,0.001746,528,304,31,29,0,0,2,1814433.0,1044673.5,4,4,0,0,0,0,132,76,0,0,0.613297,0.300289,1424227514,1424227514,0.436667,0.217333,0.0,0.0,0.0,0,0,,,2,9,4,5,4,1,1,3,0
7,2,7,0,0,2,7e-06,264,0,60,0,0,0,0,150857136.0,0.0,2,0,0,0,0,0,132,0,0,0,0.0,0.0,1424247853,1424247853,0.007,0.0,0.0,0.0,0.0,0,0,,,2,27,27,14,14,14,8,27,0
6,5,6,0,0,2,8e-06,114,0,254,0,0,0,0,57000000.0,0.0,2,0,0,0,0,0,57,0,0,0,0.0,0.0,1424259051,1424259051,0.008,0.0,0.0,0.0,0.0,0,2,,,2,42,42,30,30,30,15,42,1
3,2080,3,26,1,1,0.776566,534,354,254,252,2,1,2,4955.148438,3193.546875,10,8,255,255,3026790482,383970244,53,44,0,0,4422.121139,156.557312,1424234868,1424234869,77.160667,95.313711,0.148946,0.109363,0.039583,0,1,,,2,10,4,1,2,2,1,3,1
2,5,3,0,0,2,6e-06,114,0,254,0,0,0,0,76000000.0,0.0,2,0,0,0,0,0,57,0,0,0,0.0,0.0,1424239350,1424239350,0.006,0.0,0.0,0.0,0.0,0,2,,,2,22,22,20,20,20,20,22,1
2,2081,15,37,1,1,1.0787,2516,354,254,252,2,1,2,16797.99805,2299.063721,10,8,255,255,902506730,1326899487,252,44,0,0,6227.776467,255.419172,1424225768,1424225769,119.855556,139.500141,0.164672,0.101198,0.063474,0,1,,,2,2,1,1,1,1,1,1,0
13,2082,12,743,1,1,0.027812,3598,48874,31,29,7,24,2,1017977.813,13831727.0,60,62,255,255,2987950891,3001483118,60,788,0,0,25.816058,23.860808,1424250648,1424250648,0.482368,0.447033,0.000694,0.00054,0.000154,0,0,,,2,4,3,4,2,1,1,1,0
12,2083,10,744,1,1,0.017694,2542,22432,31,29,7,14,2,1120831.875,9900757.0,40,42,255,255,845580273,877064196,64,534,0,0,27.063689,23.628309,1421944850,1421944850,0.445821,0.416732,0.000748,0.000602,0.000146,0,0,0.0,0.0,0,9,18,21,11,4,4,4,0
2,2,2,0,0,2,2e-06,114,0,254,0,0,0,0,228000000.0,0.0,2,0,0,0,0,0,57,0,0,0,0.0,0.0,1424253115,1424253115,0.002,0.0,0.0,0.0,0.0,0,2,,,2,22,22,9,9,9,9,22,1
1,2084,1,745,1,1,0.012253,2542,22592,31,29,7,14,2,1618542.375,14399738.0,40,42,255,255,2564256170,432968731,64,538,0,0,0.0,15.957821,1421951041,1421951041,0.304872,0.286049,0.000683,0.000522,0.000161,0,0,0.0,0.0,0,10,4,4,2,1,1,2,0
3,2085,15,10,0,2,7e-06,168,0,254,0,0,0,2,96000000.0,0.0,2,0,0,0,0,0,84,0,0,0,0.0,0.0,1421932857,1421932857,0.007,0.0,0.0,0.0,0.0,0,2,0.0,0.0,0,1,1,1,1,1,1,1,1
12,2086,0,7,1,1,0.018831,1540,1644,31,29,4,4,2,613456.5625,659763.1875,16,18,255,255,594600374,599634069,96,91,0,0,75.003032,2.119411,1421963240,1421963240,1.233867,1.080529,0.000579,0.000458,0.000121,0,0,0.0,0.0,0,14,10,8,9,6,1,6,0
14,2087,12,0,0,0,0.001054,146,178,31,29,0,0,0,554079.6875,675521.8125,2,2,0,0,0,0,73,89,0,0,0.0,0.0,1421959061,1421959061,0.011,0.009,0.0,0.0,0.0,0,0,0.0,0.0,0,2,1,3,1,1,1,1,0
15,5,5,0,0,2,8e-06,264,0,60,0,0,0,0,132000000.0,0.0,2,0,0,0,0,0,132,0,0,0,0.0,0.0,1424251745,1424251745,0.008,0.0,0.0,0.0,0.0,0,0,,,2,24,24,19,19,19,19,24,0
3,5,3,0,0,2,9e-06,114,0,254,0,0,0,0,50666664.0,0.0,2,0,0,0,0,0,57,0,0,0,0.0,0.0,1424232302,1424232302,0.009,0.0,0.0,0.0,0.0,0,2,,,2,34,34,18,18,18,18,34,1
2,5,3,0,0,2,1e-05,114,0,254,0,0,0,0,45600000.0,0.0,2,0,0,0,0,0,57,0,0,0,0.0,0.0,1424240526,1424240526,0.01,0.0,0.0,0.0,0.0,0,2,,,2,35,35,32,32,32,16,35,1
5,2,5,0,0,2,1e-05,264,0,60,0,0,0,0,105600000.0,0.0,2,0,0,0,0,0,132,0,0,0,0.0,0.0,1424237588,1424237588,0.01,0.0,0.0,0.0,0.0,0,0,,,2,24,24,20,20,20,17,24,0
2,2,2,0,0,2,7e-06,114,0,254,0,0,0,0,65142856.0,0.0,2,0,0,0,0,0,57,0,0,0,0.0,0.0,1424253728,1424253728,0.007,0.0,0.0,0.0,0.0,0,2,,,2,17,17,16,16,16,16,17,1
4,2088,1,746,1,1,0.027296,3390,44722,31,29,7,22,2,975967.1875,12881302.0,56,58,255,255,2540523781,2541050694,61,771,0,0,27.820244,27.415047,1421956421,1421956421,0.489582,0.46207,0.00108,0.000948,0.000132,0,0,0.0,0.0,0,4,8,3,5,1,1,2,0
5,2,5,0,0,2,4e-06,264,0,60,0,0,0,0,264000000.0,0.0,2,0,0,0,0,0,132,0,0,0,0.0,0.0,1424237627,1424237627,0.004,0.0,0.0,0.0,0.0,0,0,,,2,25,25,14,14,14,14,25,0
2,5,3,0,0,2,1e-06,114,0,254,0,0,0,0,456000000.0,0.0,2,0,0,0,0,0,57,0,0,0,0.0,0.0,1424240327,1424240327,0.001,0.0,0.0,0.0,0.0,0,2,,,2,29,29,20,21,20,20,29,1
14,2089,18,747,1,1,0.086941,4966,82930,31,29,7,36,2,451708.6563,7542218.5,86,86,255,255,1644224698,3813527635,58,964,0,0,58.517615,1.532888,1421931422,1421931422,1.018588,1.015929,0.000719,0.000583,0.000136,0,0,0.0,0.0,0,6,6,1,1,1,1,1,0
10,2090,1,9,1,1,2.324875,1470,1832,31,29,5,4,2,4831.227051,5911.715332,22,16,255,255,3408791708,3409029704,67,115,0,0,7657.891152,241.129641,1424236236,1424236238,110.708336,154.951266,0.000598,0.000482,0.000116,0,0,,,2,2,7,5,2,1,1,1,0
11,2091,4,7,1,1,0.069449,3964,117444,31,29,8,45,2,449020.1563,13403447.0,60,108,255,255,2466584643,2474286902,66,1087,0,0,65.395272,41.225773,1424261840,1424261840,1.192052,0.644159,0.000654,0.000522,0.000132,0,0,,,2,13,6,9,14,6,1,9,0
16,5,21,0,0,2,7e-06,264,0,60,0,0,0,0,150857136.0,0.0,2,0,0,0,0,0,132,0,0,0,0.0,0.0,1424223373,1424223373,0.007,0.0,0.0,0.0,0.0,0,0,,,2,19,19,8,8,8,8,19,0
3,2092,16,4,1,1,0.476206,792,354,254,252,2,1,3,11978.00977,5207.830078,10,8,255,255,1006285546,3900485523,79,44,0,0,3184.486915,127.53807,1424233411,1424233411,52.911778,61.193855,0.074294,0.032773,0.041521,0,1,,,2,1,1,1,18,1,1,1,1
3,5,14,0,0,2,1e-06,114,0,254,0,0,0,0,456000000.0,0.0,2,0,0,0,0,0,57,0,0,0,0.0,0.0,1424244538,1424244538,0.001,0.0,0.0,0.0,0.0,0,2,,,2,24,24,17,17,17,17,24,1
3,2,3,0,0,2,8e-06,114,0,254,0,0,0,0,57000000.0,0.0,2,0,0,0,0,0,57,0,0,0,0.0,0.0,1424233809,1424233809,0.008,0.0,0.0,0.0,0.0,0,2,,,2,41,41,23,24,23,23,41,1
6,2,6,0,0,2,8e-06,114,0,254,0,0,0,0,57000000.0,0.0,2,0,0,0,0,0,57,0,0,0,0.0,0.0,1424259259,1424259259,0.008,0.0,0.0,0.0,0.0,0,2,,,2,38,38,33,34,33,17,38,1
9,2093,2,8,1,1,1.43199,146482,2576,62,252,61,8,4,811949.8125,13994.51074,128,36,255,255,3993316013,3986392556,1144,72,0,0,1070.62503,49.469086,1424250192,1424250194,11.365,40.171059,0.075497,0.025294,0.050203,0,1,,,2,1,1,2,1,1,1,2,1
2,2,3,0,0,2,8e-06,114,0,254,0,0,0,0,57000000.0,0.0,2,0,0,0,0,0,57,0,0,0,0.0,0.0,1424237733,1424237733,0.008,0.0,0.0,0.0,0.0,0,2,,,2,41,41,17,17,16,8,41,1
2,2094,15,33,1,1,1.193747,3026,746,254,252,3,2,2,18590.20313,4376.136719,12,8,255,255,3293374493,1378976474,252,93,0,0,5657.405809,227.091031,1424227577,1424227579,108.432001,148.842281,0.250476,0.15185,0.098626,0,1,,,2,5,2,1,1,1,1,2,1
1,2095,0,748,1,1,0.028114,2974,33572,31,29,7,18,2,828910.875,9362168.0,48,50,255,255,559758495,2705434626,62,671,0,0,38.571618,37.769614,1424224316,1424224316,0.603761,0.573271,0.000752,0.000589,0.000163,0,0,,,2,2,1,3,3,1,1,1,0
17,2096,12,749,1,1,0.063978,2646,26176,31,29,7,15,2,322986.0313,3198849.5,42,44,255,255,3873700940,1724422219,63,595,0,0,98.96193,98.354051,1421958760,1421958760,1.552463,1.474326,0.000707,0.000571,0.000136,0,0,0.0,0.0,0,8,6,1,3,1,1,1,0
3,8,3,6,13,2,44.300476,12832,0,254,0,0,0,2,2234.55835,0.0,28,0,0,0,0,0,458,0,0,0,1908.435625,0.0,1424231161,1424231205,1640.758375,0.0,0.0,0.0,0.0,0,2,,,2,1,1,19,19,1,1,19,1
8,2097,0,0,0,0,0.001007,130,162,31,29,0,0,0,516385.3125,643495.5625,2,2,0,0,0,0,65,81,0,0,0.0,0.0,1424254000,1424254000,0.01,0.004,0.0,0.0,0.0,0,0,,,2,2,1,2,4,2,1,1,0
2,2,3,0,0,2,3e-06,114,0,254,0,0,0,0,152000000.0,0.0,2,0,0,0,0,0,57,0,0,0,0.0,0.0,1424238946,1424238946,0.003,0.0,0.0,0.0,0.0,0,2,,,2,33,33,24,24,24,24,33,1
17,2098,0,10,0,0,0.004825,568,304,31,29,0,0,2,706321.1875,378031.0625,4,4,0,0,0,0,142,76,0,0,1.798408,1.586278,1424241196,1424241196,1.276667,1.126667,0.0,0.0,0.0,0,0,,,2,6,10,4,3,1,1,5,0
14,2099,20,4,1,1,1.133832,1684,10168,31,29,3,5,3,11035.14453,67763.125,14,18,255,255,1489509642,3640106425,120,565,1,3924,8833.776995,7734.611764,1424246150,1424246151,87.191077,66.665471,0.000649,0.000516,0.000133,0,0,1.0,,2,1,4,3,3,1,1,2,0
6,5,6,0,0,2,9e-06,114,0,254,0,0,0,0,50666664.0,0.0,2,0,0,0,0,0,57,0,0,0,0.0,0.0,1424259110,1424259110,0.009,0.0,0.0,0.0,0.0,0,2,,,2,33,33,9,8,8,8,34,1
3,2,14,0,0,2,9e-06,114,0,254,0,0,0,0,50666664.0,0.0,2,0,0,0,0,0,57,0,0,0,0.0,0.0,1424245741,1424245741,0.009,0.0,0.0,0.0,0.0,0,2,,,2,16,16,8,7,7,7,16,1
17,2100,18,750,1,1,0.015776,2542,22592,31,29,7,14,2,1257099.375,11184076.0,40,42,255,255,3850256565,3863236790,64,538,0,0,23.443677,22.61784,1424243123,1424243123,0.406895,0.371951,0.000648,0.000523,0.000125,0,0,,,2,10,9,2,7,1,1,4,0
1,2101,10,9,1,1,0.00566,2054,2478,31,29,6,6,2,2771731.5,3356890.5,22,24,255,255,2662522216,513177532,93,103,0,0,15.037705,13.441152,1421938801,1421938801,0.253095,0.223304,0.000673,0.000521,0.000152,0,0,0.0,0.0,0,5,4,1,1,1,1,1,0
2,2,2,0,0,2,8e-06,114,0,254,0,0,0,0,57000000.0,0.0,2,0,0,0,0,0,57,0,0,0,0.0,0.0,1424253816,1424253816,0.008,0.0,0.0,0.0,0.0,0,2,,,2,24,24,19,16,16,16,24,1
6,8,15,6,38,2,2e-06,200,0,254,0,0,0,2,400000000.0,0.0,2,0,0,0,0,0,100,0,0,0,0.0,0.0,1424251595,1424251595,0.002,0.0,0.0,0.0,0.0,0,2,,,2,6,6,1,1,1,1,6,1
4,2102,0,751,1,1,0.011887,2542,21006,31,29,7,14,2,1668377.25,13800623.0,40,42,255,255,2866931171,2867225207,64,500,0,0,17.445845,16.736879,1424227072,1424227072,0.304316,0.283375,0.000664,0.000543,0.000121,0,0,,,2,8,2,3,5,1,1,1,0
3,5,3,0,0,2,3e-06,114,0,254,0,0,0,0,152000000.0,0.0,2,0,0,0,0,0,57,0,0,0,0.0,0.0,1424232977,1424232977,0.003,0.0,0.0,0.0,0.0,0,2,,,2,39,39,18,20,18,18,39,1
3,5,14,0,0,2,9e-06,114,0,254,0,0,0,0,50666664.0,0.0,2,0,0,0,0,0,57,0,0,0,0.0,0.0,1424245878,1424245878,0.009,0.0,0.0,0.0,0.0,0,2,,,2,38,38,23,23,23,10,38,1
6,5,9,0,0,2,1e-06,114,0,254,0,0,0,0,456000000.0,0.0,2,0,0,0,0,0,57,0,0,0,0.0,0.0,1424225873,1424225873,0.001,0.0,0.0,0.0,0.0,0,2,,,2,17,17,9,9,9,9,17,1
6,2,6,0,0,2,9e-06,114,0,254,0,0,0,0,50666664.0,0.0,2,0,0,0,0,0,57,0,0,0,0.0,0.0,1424259555,1424259555,0.009,0.0,0.0,0.0,0.0,0,2,,,2,30,30,14,14,14,14,30,1
10,2103,12,752,1,1,0.072875,3910,53914,31,29,7,26,2,422751.2813,5828940.0,66,66,255,255,3529658663,1380399933,59,817,0,0,81.157292,2.437207,1424231500,1424231501,1.133828,1.129656,0.000692,0.000568,0.000124,0,0,,,2,2,3,2,4,1,1,2,0
12,2104,13,0,0,0,0.001093,146,178,31,29,0,0,0,534309.1875,651418.0625,2,2,0,0,0,0,73,89,0,0,0.0,0.0,1421945651,1421945651,0.004,0.011,0.0,0.0,0.0,0,0,0.0,0.0,0,1,1,3,10,3,3,3,0
14,1189,10,190,1,1,0.341166,8928,320,31,29,4,1,2,194415.625,6260.881836,14,6,255,255,1768038856,2527996738,638,53,0,0,2094.564329,83.442031,1421944842,1421944842,26.243539,68.103203,0.000651,0.000518,0.000133,0,0,0.0,0.0,0,5,5,7,8,2,2,5,0
0,2105,12,1,1,1,0.022084,2934,3742,31,29,11,15,1,1042564.75,1330556.125,52,54,255,255,1588760239,1589900864,56,69,0,0,28.98702,0.686869,1421966888,1421966888,0.426647,0.402849,0.000891,0.000726,0.000165,0,0,0.0,1.0,3,1,1,5,5,1,1,4,0
6,5,9,0,0,2,9e-06,114,0,254,0,0,0,0,50666664.0,0.0,2,0,0,0,0,0,57,0,0,0,0.0,0.0,1424223476,1424223476,0.009,0.0,0.0,0.0,0.0,0,2,,,2,39,39,24,24,24,17,39,1
0,2106,13,753,1,1,0.004659,4056,2456,31,29,7,7,2,6578236.0,3983687.5,18,18,255,255,374935409,378141529,225,136,0,0,12.662026,0.316507,1424246242,1424246242,0.255235,0.241235,0.000681,0.000555,0.000126,0,0,,,2,3,3,3,3,1,1,3,0
2,2107,14,12,0,2,9e-06,104,0,254,0,0,0,2,46222220.0,0.0,2,0,0,0,0,0,52,0,0,0,0.0,0.0,1424253030,1424253030,0.009,0.0,0.0,0.0,0.0,0,2,,,2,3,2,1,17,1,1,2,1
4,2108,19,0,0,0,0.00108,146,178,31,29,0,0,0,540740.75,659259.3125,2,2,0,0,0,0,73,89,0,0,0.0,0.0,1424257544,1424257544,0.009,0.007,0.0,0.0,0.0,0,0,,,2,2,3,1,1,1,1,2,0
2,2,3,0,0,2,5e-06,114,0,254,0,0,0,0,91200000.0,0.0,2,0,0,0,0,0,57,0,0,0,0.0,0.0,1421932153,1421932153,0.005,0.0,0.0,0.0,0.0,0,2,0.0,0.0,0,18,18,7,7,7,3,7,1
0,2109,12,665,1,1,0.061943,3806,53914,31,29,7,26,2,483928.7813,6857659.5,64,66,255,255,4178031302,2032939923,59,817,0,0,73.315791,79.667758,1421938191,1421938191,0.977841,0.944369,0.000706,0.000548,0.000158,0,0,0.0,0.0,0,13,3,1,7,1,1,1,0
12,2110,18,1,1,1,1.46785,2934,3742,31,29,11,15,1,15685.52637,20018.39453,52,54,255,255,2752037731,2777527615,56,69,0,0,2002.157151,64.321379,1424241693,1424241694,28.775216,27.686113,0.000607,0.000483,0.000124,0,0,,1.0,3,1,2,5,6,1,1,4,0
10,2111,19,754,1,1,0.036972,4862,76316,31,29,7,36,2,1039705.688,16321324.0,84,86,255,255,1682329029,1682665176,58,887,0,0,23.458035,22.993393,1421932102,1421932102,0.44147,0.4278,0.000758,0.000597,0.000161,0,0,0.0,0.0,0,3,3,4,4,1,1,1,0
1,2112,10,0,0,0,0.00105,146,178,31,29,0,0,0,556190.5,678095.25,2,2,0,0,0,0,73,89,0,0,0.0,0.0,1424239103,1424239103,0.009,0.007,0.0,0.0,0.0,0,0,,,2,2,2,1,7,2,1,1,0
2,2,2,0,0,2,9e-06,114,0,254,0,0,0,0,50666664.0,0.0,2,0,0,0,0,0,57,0,0,0,0.0,0.0,1424254935,1424254935,0.009,0.0,0.0,0.0,0.0,0,2,,,2,12,12,12,12,12,12,12,1
11,2113,1,0,0,0,0.000996,130,162,31,29,0,0,0,522088.3438,650602.375,2,2,0,0,0,0,65,81,0,0,0.0,0.0,1421965226,1421965226,0.01,0.006,0.0,0.0,0.0,0,0,0.0,0.0,0,2,4,2,2,1,1,1,0
3,2,3,0,0,2,5e-06,114,0,254,0,0,0,0,91200000.0,0.0,2,0,0,0,0,0,57,0,0,0,0.0,0.0,1424230928,1424230928,0.005,0.0,0.0,0.0,0.0,0,2,,,2,22,22,22,24,22,22,22,1
10,2114,0,4,1,1,1.253715,19306,1087890,31,29,2,370,3,122854.0703,6932561.0,362,746,255,255,4035337124,4036350278,53,1458,1,524288,183.540126,105.057195,1421942525,1421942527,3.472019,1.682189,0.000602,0.000481,0.000121,0,0,1.0,0.0,0,2,3,7,3,1,1,1,0
17,2115,19,18,1,1,2.606805,7816,14874,31,29,30,32,2,23790.04102,45284.55078,122,126,255,255,4210089913,4219453344,64,118,0,0,1415.976461,1394.437256,1424232142,1424232145,21.540991,20.85052,0.0006,0.000484,0.000116,0,0,,,2,4,9,3,2,1,1,1,0
11,2116,19,755,0,0,0.002405,528,304,31,29,0,0,2,1317255.75,758420.0,4,4,0,0,0,0,132,76,0,0,0.589021,0.643234,1421934555,1421934555,0.423,0.460333,0.0,0.0,0.0,0,0,0.0,0.0,0,5,12,1,1,1,1,1,0
9,8,15,6,2,2,9e-06,180,0,254,0,0,0,2,80000000.0,0.0,2,0,0,0,0,0,90,0,0,0,0.0,0.0,1424258741,1424258741,0.009,0.0,0.0,0.0,0.0,0,2,,,2,10,10,9,8,8,8,10,1
0,2117,0,756,1,1,0.007305,4528,2456,31,29,7,7,2,4683915.0,2540725.5,18,18,255,255,2321835348,175550332,252,136,0,0,20.087526,0.508649,1421927705,1421927705,0.409353,0.394118,0.000734,0.000604,0.00013,0,0,0.0,0.0,0,6,6,5,5,1,1,4,0
2,2,2,0,0,2,1e-05,114,0,254,0,0,0,0,45600000.0,0.0,2,0,0,0,0,0,57,0,0,0,0.0,0.0,1424254673,1424254673,0.01,0.0,0.0,0.0,0.0,0,2,,,2,32,32,32,32,32,15,32,1
14,2118,4,757,0,0,0.001723,528,304,31,29,0,0,2,1838653.5,1058618.75,4,4,0,0,0,0,132,76,0,0,0.629325,0.292514,1424231171,1424231171,0.449,0.211333,0.0,0.0,0.0,0,0,,,2,4,7,4,3,1,1,3,0
2,8,15,6,84,2,1.150377,400,0,254,0,0,0,2,2086.272461,0.0,4,0,0,0,0,0,100,0,0,0,542.280875,0.0,1424244360,1424244361,383.459,0.0,0.0,0.0,0.0,0,2,,,2,3,3,4,4,1,1,9,1
3,2,14,0,0,2,9e-06,114,0,254,0,0,0,0,50666664.0,0.0,2,0,0,0,0,0,57,0,0,0,0.0,0.0,1424245479,1424245479,0.009,0.0,0.0,0.0,0.0,0,2,,,2,37,37,37,39,37,21,37,1
8,2119,10,758,1,1,0.04802,4238,65288,31,29,7,30,2,696376.5,10729862.0,72,74,255,255,2210193397,60896775,59,882,0,0,47.881045,47.069417,1424225596,1424225596,0.670211,0.64974,0.000722,0.000581,0.000141,0,0,,,2,9,12,6,5,1,1,3,0
6,8,15,6,13,2,1.213061,3024,0,254,0,0,0,2,19230.68945,0.0,28,0,0,0,0,0,108,0,0,0,48.961914,0.0,1424227183,1424227184,44.928184,0.0,0.0,0.0,0.0,0,2,,,2,1,1,1,1,1,1,1,1
2,2,3,0,0,2,6e-06,114,0,254,0,0,0,0,76000000.0,0.0,2,0,0,0,0,0,57,0,0,0,0.0,0.0,1424238503,1424238503,0.006,0.0,0.0,0.0,0.0,0,2,,,2,24,24,24,24,24,24,24,1
10,2120,10,4,1,1,1.005863,1684,10168,31,29,3,5,3,12439.07031,76384.16406,14,18,255,255,1233130161,3383722672,120,565,1,3924,8765.504164,7675.030005,1424244206,1424244207,77.347692,59.139529,0.00061,0.000487,0.000123,0,0,1.0,,2,2,3,2,2,1,1,2,0
0,2121,4,246,1,1,0.066407,320,1898,31,29,1,2,5,32165.2832,200099.375,6,8,255,255,2715006192,2943001940,53,237,0,0,923.896236,22.705566,1424239606,1424239606,13.214,9.403571,0.000717,0.000577,0.00014,0,0,,,2,1,1,4,2,1,1,2,0
8,2122,8,759,0,0,0.080883,536,304,31,29,0,0,2,39761.13672,22551.09375,4,4,0,0,0,0,134,76,0,0,30.564219,10.841125,1424231929,1424231929,21.617666,7.667333,0.0,0.0,0.0,0,0,,,2,2,2,2,2,1,1,1,0
13,2123,13,0,0,0,0.001083,132,164,31,29,0,0,0,487534.625,605724.875,2,2,0,0,0,0,66,82,0,0,0.0,0.0,1421949058,1421949058,0.011,0.008,0.0,0.0,0.0,0,0,0.0,0.0,0,3,3,1,5,1,1,1,0
6,2124,16,10,1,1,0.812315,564,354,254,252,2,1,2,5002.985352,3053.00293,10,8,255,255,2835612692,984892656,56,44,0,0,6233.013854,158.748938,1424253588,1424253588,87.132333,112.779711,0.074848,0.022851,0.051997,0,1,,,2,1,1,1,1,1,1,1,1
2,2125,15,33,1,1,0.971701,1112,742,254,252,3,2,2,8397.644531,5351.44043,12,8,255,255,1289900866,226160078,93,93,0,0,4627.154055,191.782906,1424227375,1424227376,88.324726,126.81743,0.16571,0.083976,0.081734,0,1,,,2,4,6,2,2,1,1,3,1
13,2126,0,9,1,1,0.027124,2054,2478,31,29,6,6,2,578380.75,700486.625,22,24,255,255,1119077287,1119414875,93,103,0,0,154.394534,139.988229,1421946164,1421946164,1.274667,1.151304,0.000771,0.000633,0.000138,0,0,0.0,0.0,0,2,5,2,4,1,1,1,0
13,2127,12,18,1,1,0.032462,7814,16086,31,29,30,32,2,1909925.375,3932967.75,122,126,255,255,3072567238,924025556,64,128,0,0,16.984673,14.762716,1424230494,1424230494,0.274607,0.255424,0.00068,0.000531,0.000149,0,0,,,2,2,1,2,4,1,1,2,0
6,5,9,0,0,2,9e-06,114,0,254,0,0,0,0,50666664.0,0.0,2,0,0,0,0,0,57,0,0,0,0.0,0.0,1424224291,1424224291,0.009,0.0,0.0,0.0,0.0,0,2,,,2,28,28,9,9,9,9,28,1
0,2128,20,4,1,1,6.086641,19202,1087890,31,29,2,370,3,25168.5625,1427956.125,360,746,255,255,2007656429,4154085297,53,1458,1,524288,1162.122998,766.915514,1424239179,1424239185,17.000908,8.169311,0.000686,0.000501,0.000185,0,0,1.0,,2,1,2,1,3,1,1,1,0
4,2129,13,9,1,1,0.180387,1920,4312,31,29,6,6,2,81291.89063,183294.7969,22,24,255,255,3169729656,1020470818,87,180,0,0,506.073043,482.940676,1421963362,1421963362,8.572524,7.817043,0.000743,0.000584,0.000159,0,0,0.0,0.0,0,7,6,1,2,1,1,1,0
15,5,5,0,0,2,9e-06,264,0,60,0,0,0,0,117333328.0,0.0,2,0,0,0,0,0,132,0,0,0,0.0,0.0,1424251689,1424251689,0.009,0.0,0.0,0.0,0.0,0,0,,,2,42,42,42,42,42,19,42,0
2,2130,17,33,1,1,0.5385,2030,746,254,252,3,2,2,27647.16797,9701.021484,12,8,255,255,2107621701,3126713863,169,93,0,0,2427.307865,92.288609,1421933946,1421933946,46.225545,70.54657,0.090633,0.04467,0.045963,0,1,0.0,0.0,0,4,3,2,3,2,1,2,1
3,2,14,0,0,2,9e-06,114,0,254,0,0,0,0,50666664.0,0.0,2,0,0,0,0,0,57,0,0,0,0.0,0.0,1424247901,1424247901,0.009,0.0,0.0,0.0,0.0,0,2,,,2,36,36,19,19,19,19,36,1
3,2,3,0,0,2,4e-06,114,0,254,0,0,0,0,114000000.0,0.0,2,0,0,0,0,0,57,0,0,0,0.0,0.0,1424233662,1424233662,0.004,0.0,0.0,0.0,0.0,0,2,,,2,43,43,43,44,43,25,43,1
3,5,14,0,0,2,7e-06,114,0,254,0,0,0,0,65142856.0,0.0,2,0,0,0,0,0,57,0,0,0,0.0,0.0,1424246587,1424246587,0.007,0.0,0.0,0.0,0.0,0,2,,,2,17,17,17,17,17,17,17,1
1,2131,13,760,0,0,0.036145,536,304,31,29,0,0,2,88974.96094,50463.41016,4,4,0,0,0,0,134,76,0,0,9.895017,10.844194,1424262020,1424262020,7.005333,7.687,0.0,0.0,0.0,0,0,,,2,11,6,4,3,1,1,6,0
2,2,2,0,0,2,1e-05,114,0,254,0,0,0,0,45600000.0,0.0,2,0,0,0,0,0,57,0,0,0,0.0,0.0,1424255246,1424255246,0.01,0.0,0.0,0.0,0.0,0,2,,,2,34,34,16,16,16,16,34,1
2,5,3,0,0,2,3e-06,114,0,254,0,0,0,0,152000000.0,0.0,2,0,0,0,0,0,57,0,0,0,0.0,0.0,1424239109,1424239109,0.003,0.0,0.0,0.0,0.0,0,2,,,2,44,44,44,45,44,20,44,1
2,2,2,0,0,2,9e-06,114,0,254,0,0,0,0,50666664.0,0.0,2,0,0,0,0,0,57,0,0,0,0.0,0.0,1424252267,1424252267,0.009,0.0,0.0,0.0,0.0,0,2,,,2,28,28,17,17,16,16,29,1
6,2132,17,12,0,2,5e-06,104,0,254,0,0,0,2,83200000.0,0.0,2,0,0,0,0,0,52,0,0,0,0.0,0.0,1424256952,1424256952,0.005,0.0,0.0,0.0,0.0,0,2,,,2,6,4,1,1,1,1,3,1
14,2133,1,30,1,1,0.719683,3728,5474,31,29,7,7,6,40151.01172,58314.5625,32,24,255,255,236876372,2382563449,117,228,0,0,1741.684238,55.774984,1424231892,1424231893,23.215581,31.259652,0.000731,0.000584,0.000147,0,0,,,2,1,1,1,2,1,1,1,0
12,2134,1,18,1,1,0.031506,7816,15582,31,29,30,32,2,1968387.125,3925347.75,122,126,255,255,1803268492,3953766825,64,124,0,0,16.404806,14.210483,1424255729,1424255729,0.263975,0.247536,0.0007,0.000561,0.000139,0,0,,,2,4,5,2,4,1,1,1,0
4,2135,20,761,1,1,0.024325,3302,37226,31,29,7,21,2,1065899.25,12024501.0,54,56,255,255,44078447,55747311,61,665,0,0,0.0,23.940179,1421945615,1421945615,0.451509,0.432545,0.000671,0.000531,0.00014,0,0,0.0,0.0,0,16,10,11,18,4,4,4,0
7,5,7,0,0,2,7e-06,264,0,60,0,0,0,0,150857136.0,0.0,2,0,0,0,0,0,132,0,0,0,0.0,0.0,1424248097,1424248097,0.007,0.0,0.0,0.0,0.0,0,0,,,2,15,15,15,15,15,15,15,0
11,2136,12,762,1,1,0.049727,2542,19138,31,29,7,13,2,398817.5313,3001990.75,40,40,255,255,3567091038,3627242790,64,478,0,0,72.829792,1.822844,1424236780,1424236780,1.299,1.259897,0.000716,0.000588,0.000128,0,0,,,2,14,4,1,3,1,1,2,0
2,2,3,0,0,2,2e-06,114,0,254,0,0,0,0,228000000.0,0.0,2,0,0,0,0,0,57,0,0,0,0.0,0.0,1421933557,1421933557,0.002,0.0,0.0,0.0,0.0,0,2,0.0,0.0,0,9,9,1,1,1,1,1,1
3,5,14,0,0,2,7e-06,114,0,254,0,0,0,0,65142856.0,0.0,2,0,0,0,0,0,57,0,0,0,0.0,0.0,1424246587,1424246587,0.007,0.0,0.0,0.0,0.0,0,2,,,2,17,17,17,17,17,17,17,1
13,2137,19,0,0,0,0.000946,146,178,31,29,0,0,0,617336.1875,752642.6875,2,2,0,0,0,0,73,89,0,0,0.0,0.0,1421951071,1421951071,0.001,0.01,0.0,0.0,0.0,0,0,0.0,0.0,0,3,5,3,2,1,1,1,0
14,2138,4,763,1,1,0.013245,2334,16736,31,29,7,12,2,1371083.5,9856097.0,36,40,255,255,3458099563,3474663438,65,418,0,0,23.450294,22.422329,1424256154,1424256154,0.367114,0.326026,0.000652,0.000527,0.000125,0,0,,,2,15,6,2,5,1,1,2,0
2,5,3,0,0,2,9e-06,114,0,254,0,0,0,0,50666664.0,0.0,2,0,0,0,0,0,57,0,0,0,0.0,0.0,1421932208,1421932208,0.009,0.0,0.0,0.0,0.0,0,2,0.0,0.0,0,7,7,4,4,4,4,4,1
7,2,7,0,0,2,9e-06,264,0,60,0,0,0,0,117333328.0,0.0,2,0,0,0,0,0,132,0,0,0,0.0,0.0,1424245958,1424245958,0.009,0.0,0.0,0.0,0.0,0,0,,,2,23,23,9,9,9,9,23,0
6,2139,14,37,1,1,0.7205,756,268,254,252,2,1,2,7561.415527,2487.161621,10,6,255,255,4039600508,1192930228,76,45,0,0,5511.165675,235.202031,1424239217,1424239218,79.952,136.275406,0.067449,0.039114,0.028335,0,1,,,2,2,2,1,1,1,1,2,1
14,2140,4,764,1,1,0.027648,3926,54818,31,29,7,27,2,1118923.625,15628472.0,66,68,255,255,3627337092,3633757855,59,806,0,0,0.0,23.234717,1424239747,1424239747,0.427156,0.405075,0.000628,0.000505,0.000123,0,0,,,2,4,3,1,2,1,1,1,0
1,2141,4,765,1,1,0.017085,2334,14816,31,29,7,11,2,1062920.625,6745097.5,36,36,255,255,2819073786,673955200,65,412,0,0,0.0,0.864029,1424226270,1424226270,0.435182,0.487471,0.000635,0.000509,0.000126,0,0,,,2,6,10,6,3,1,1,1,0
3,2,14,0,0,2,5e-06,114,0,254,0,0,0,0,91200000.0,0.0,2,0,0,0,0,0,57,0,0,0,0.0,0.0,1424247516,1424247516,0.005,0.0,0.0,0.0,0.0,0,2,,,2,19,19,19,19,19,19,19,1
2,2,2,0,0,2,9e-06,114,0,254,0,0,0,0,50666664.0,0.0,2,0,0,0,0,0,57,0,0,0,0.0,0.0,1424254788,1424254788,0.009,0.0,0.0,0.0,0.0,0,2,,,2,28,28,6,6,6,6,28,1
14,2142,12,1,1,1,1.59003,2934,3740,31,29,11,15,1,14480.23047,18470.0918,52,54,255,255,1114144469,3377999715,56,69,0,0,2375.022344,75.212836,1421945631,1421945633,31.170058,29.989811,0.000709,0.000569,0.00014,0,0,0.0,1.0,3,2,2,8,2,2,2,2,0
3,2,14,0,0,2,6e-06,114,0,254,0,0,0,0,76000000.0,0.0,2,0,0,0,0,0,57,0,0,0,0.0,0.0,1424244627,1424244627,0.006,0.0,0.0,0.0,0.0,0,2,,,2,25,25,23,23,23,15,25,1
2,2143,6,4,1,1,0.560402,788,9810,62,252,2,5,3,10135.58203,130049.5078,10,14,255,255,3894523234,708284217,79,701,0,0,5017.22315,4403.348022,1424233607,1424233607,62.266889,42.466308,0.022751,0.007697,0.015054,0,1,,,2,1,1,1,1,1,1,1,1
10,2144,18,766,1,1,0.031938,3614,43086,31,29,7,24,2,890224.75,10618573.0,60,62,255,255,890046369,3039900528,60,695,0,0,32.540823,31.209663,1421952395,1421952395,0.536136,0.513525,0.000773,0.000607,0.000166,0,0,0.0,0.0,0,10,8,3,2,1,1,2,0
11,2145,18,767,1,1,0.221077,4248,2768,31,29,7,7,2,147315.1875,96002.75,24,24,255,255,1655210251,3807960797,177,115,0,0,685.158055,19.287385,1424221680,1424221680,9.598435,9.588869,0.000666,0.000529,0.000137,0,0,,,2,5,1,1,1,1,1,2,0
4,2146,20,8,1,1,0.535887,37462,3276,31,29,18,8,4,548503.6875,47696.62109,52,40,255,255,2802099392,2821658119,720,82,0,0,921.652702,30.607221,1424231310,1424231310,10.500804,13.72841,0.000596,0.000476,0.00012,0,0,,,2,2,2,3,1,1,1,2,0
3,2,14,0,0,2,1e-05,114,0,254,0,0,0,0,45600000.0,0.0,2,0,0,0,0,0,57,0,0,0,0.0,0.0,1424247385,1424247385,0.01,0.0,0.0,0.0,0.0,0,2,,,2,33,33,16,16,16,16,33,1
1,2147,18,768,1,1,0.127429,5174,90266,31,29,7,39,2,321245.5625,5605318.0,90,92,255,255,3973670959,4006014948,57,981,0,0,86.718369,88.025745,1421971710,1421971710,1.428213,1.394703,0.000646,0.000508,0.000138,0,0,0.0,0.0,0,3,9,4,2,1,1,2,0
17,2148,1,10,0,0,0.004739,568,312,31,29,0,0,2,719139.0625,395020.0313,4,4,0,0,0,0,142,78,0,0,1.731234,1.537486,1424230861,1424230861,1.230667,1.092667,0.0,0.0,0.0,0,0,,,2,5,5,5,7,1,1,5,0
1,2149,12,769,1,1,0.017964,2542,22128,31,29,7,14,2,1103985.75,9620129.0,40,42,255,255,1494257004,1494562775,64,527,0,0,30.236328,29.661395,1424249926,1424249926,0.452667,0.433775,0.000748,0.000606,0.000142,0,0,,,2,11,11,7,5,1,1,1,0
17,2150,19,7,1,1,3.225816,13420,547978,31,29,20,196,2,33140.14063,1355851.625,234,434,255,255,3263053914,1119856701,57,1263,0,0,4361.178983,3217.902605,1421967918,1421967922,13.842918,7.44885,0.000585,0.00046,0.000125,0,0,0.0,0.0,0,12,7,7,9,1,1,3,0
3,2,14,0,0,2,3e-06,114,0,254,0,0,0,0,152000000.0,0.0,2,0,0,0,0,0,57,0,0,0,0.0,0.0,1424246285,1424246285,0.003,0.0,0.0,0.0,0.0,0,2,,,2,37,37,37,37,37,20,37,1
3,5,14,0,0,2,9e-06,114,0,254,0,0,0,0,50666664.0,0.0,2,0,0,0,0,0,57,0,0,0,0.0,0.0,1424246398,1424246398,0.009,0.0,0.0,0.0,0.0,0,2,,,2,10,10,10,10,10,10,10,1
3,5,14,0,0,2,5e-06,114,0,254,0,0,0,0,91200000.0,0.0,2,0,0,0,0,0,57,0,0,0,0.0,0.0,1424246679,1424246679,0.005,0.0,0.0,0.0,0.0,0,2,,,2,35,35,35,35,35,14,36,1
2,5,3,0,0,2,4e-06,114,0,254,0,0,0,0,114000000.0,0.0,2,0,0,0,0,0,57,0,0,0,0.0,0.0,1421932221,1421932221,0.004,0.0,0.0,0.0,0.0,0,2,0.0,0.0,0,9,9,5,5,5,3,5,1
14,2151,18,770,1,1,0.00333,320,1936,31,29,1,2,5,641441.4375,4069669.75,6,8,255,255,3536274271,3544623077,53,242,0,0,34.544855,0.692924,1421938899,1421938899,0.6028,0.401857,0.000648,0.000513,0.000135,0,0,0.0,0.0,0,3,3,5,8,1,1,4,0
6,2,6,0,0,2,5e-06,114,0,254,0,0,0,0,91200000.0,0.0,2,0,0,0,0,0,57,0,0,0,0.0,0.0,1424260667,1424260667,0.005,0.0,0.0,0.0,0.0,0,2,,,2,28,28,20,21,20,11,28,1
0,2152,18,771,1,1,0.011099,2438,20006,31,29,7,13,2,1711145.125,14059644.0,38,40,255,255,2457391016,308134151,64,500,0,0,17.858116,16.523217,1421957924,1421957924,0.291649,0.268282,0.000765,0.000628,0.000137,0,0,0.0,0.0,0,10,6,3,2,1,1,1,0
0,2153,19,772,1,1,0.054957,2766,28404,31,29,7,16,2,393616.8438,4044908.0,44,46,255,255,3378377976,1342486667,63,617,0,0,78.877406,75.709313,1421962342,1421962342,1.270674,1.209089,0.000661,0.00054,0.000121,0,0,0.0,0.0,0,8,5,1,2,1,1,1,0
2,2154,16,26,1,1,0.823815,582,268,254,252,2,1,2,5088.520996,2175.245605,10,6,255,255,3587731999,341181989,58,45,0,0,5391.61002,267.2685,1424237930,1424237931,89.492,156.149406,0.11458,0.043067,0.071513,0,1,,,2,3,2,1,1,1,1,2,1
3,2,14,0,0,2,4e-06,114,0,254,0,0,0,0,114000000.0,0.0,2,0,0,0,0,0,57,0,0,0,0.0,0.0,1424247920,1424247920,0.004,0.0,0.0,0.0,0.0,0,2,,,2,29,29,29,30,29,15,29,1
3,2,3,0,0,2,4e-06,114,0,254,0,0,0,0,114000000.0,0.0,2,0,0,0,0,0,57,0,0,0,0.0,0.0,1424233610,1424233610,0.004,0.0,0.0,0.0,0.0,0,2,,,2,43,43,43,43,43,25,43,1
13,2155,18,773,1,1,0.018797,2750,26584,31,29,7,16,2,1144012.25,11068574.0,44,46,255,255,4125940540,4126262789,63,578,0,0,27.263718,27.246813,1424233971,1424233971,0.429512,0.415318,0.000633,0.000514,0.000119,0,0,,,2,9,5,3,4,1,1,1,0
7,5,7,0,0,2,7e-06,264,0,60,0,0,0,0,150857136.0,0.0,2,0,0,0,0,0,132,0,0,0,0.0,0.0,1424246985,1424246985,0.007,0.0,0.0,0.0,0.0,0,0,,,2,22,22,22,22,22,22,22,0
7,2,7,0,0,2,7e-06,264,0,60,0,0,0,0,150857136.0,0.0,2,0,0,0,0,0,132,0,0,0,0.0,0.0,1424247157,1424247157,0.007,0.0,0.0,0.0,0.0,0,0,,,2,33,33,23,23,23,23,33,0
2,5,2,0,0,2,9e-06,114,0,254,0,0,0,0,50666664.0,0.0,2,0,0,0,0,0,57,0,0,0,0.0,0.0,1424252701,1424252701,0.009,0.0,0.0,0.0,0.0,0,2,,,2,33,33,33,33,33,17,33,1
2,5,2,0,0,2,9e-06,114,0,254,0,0,0,0,50666664.0,0.0,2,0,0,0,0,0,57,0,0,0,0.0,0.0,1424253267,1424253267,0.009,0.0,0.0,0.0,0.0,0,2,,,2,25,25,15,15,15,15,25,1
6,5,6,0,0,2,8e-06,114,0,254,0,0,0,0,57000000.0,0.0,2,0,0,0,0,0,57,0,0,0,0.0,0.0,1424259462,1424259462,0.008,0.0,0.0,0.0,0.0,0,2,,,2,16,16,16,17,16,16,16,1
11,2156,18,774,1,1,0.004697,3928,2456,31,29,7,7,2,6318927.0,3951458.25,18,18,255,255,2617641429,2624861874,218,136,0,0,12.890037,0.323106,1424236352,1424236352,0.258412,0.243588,0.000674,0.000553,0.000121,0,0,,,2,6,7,4,3,1,1,4,0
3,2,14,0,0,2,4e-06,114,0,254,0,0,0,0,114000000.0,0.0,2,0,0,0,0,0,57,0,0,0,0.0,0.0,1424244439,1424244439,0.004,0.0,0.0,0.0,0.0,0,2,,,2,30,30,22,23,22,22,31,1
6,1870,6,680,1,0,59.939983,292432,15652,254,252,392,0,2,38980.19141,2083.283936,784,364,255,255,2091166975,1200223257,373,43,0,0,3971.217296,178.213141,1424256596,1424256656,76.595728,165.099594,0.124746,0.052634,0.072112,0,0,,,2,4,1,1,3,1,1,1,1
6,8,17,6,3,2,8e-06,200,0,254,0,0,0,2,100000000.0,0.0,2,0,0,0,0,0,100,0,0,0,0.0,0.0,1424223258,1424223258,0.008,0.0,0.0,0.0,0.0,0,2,,,2,5,5,3,3,3,3,5,1
13,2157,10,775,1,1,0.032919,2230,14042,31,29,7,11,2,526139.875,3317719.25,34,36,255,255,619247431,2788968340,66,390,0,0,63.680481,62.720447,1421928142,1421928142,0.988,0.924857,0.000698,0.000546,0.000152,0,0,0.0,0.0,0,8,3,3,5,1,1,1,0
13,2158,4,776,1,1,0.019005,2766,25812,31,29,7,16,2,1138226.75,10629203.0,44,46,255,255,1110026111,1110304843,63,561,0,0,26.202645,26.869977,1424235867,1424235867,0.434209,0.409533,0.000835,0.000567,0.000268,0,0,,,2,8,10,5,2,1,1,4,0
1,2159,1,777,1,1,0.02784,3614,43086,31,29,7,24,2,1021264.375,12181609.0,60,62,255,255,1084751643,1085361562,60,695,0,0,29.924525,26.444471,1421952331,1421952331,0.466492,0.437098,0.001303,0.001169,0.000134,0,0,0.0,0.0,0,7,4,2,7,1,1,2,0
3,2160,14,12,0,2,9e-06,104,0,254,0,0,0,2,46222220.0,0.0,2,0,0,0,0,0,52,0,0,0,0.0,0.0,1424259899,1424259899,0.009,0.0,0.0,0.0,0.0,0,2,,,2,2,4,2,2,1,1,1,0
3,2,14,0,0,2,9e-06,114,0,254,0,0,0,0,50666664.0,0.0,2,0,0,0,0,0,57,0,0,0,0.0,0.0,1424247796,1424247796,0.009,0.0,0.0,0.0,0.0,0,2,,,2,15,15,15,15,15,15,15,1
2,2161,16,4,1,1,0.249831,842,3670,62,252,2,3,3,24272.4082,105767.5,10,10,255,255,1103683780,3451759363,84,367,1,1380,1417.319603,1641.32086,1424226165,1424226165,27.759,24.528667,0.05308,0.028349,0.024731,0,1,1.0,,2,3,1,1,1,1,1,1,1
13,1053,4,778,1,1,0.059527,2870,27852,31,29,7,16,2,377374.9688,3661800.5,46,46,255,255,645192193,2903138631,62,605,0,0,0.0,1.970326,1424245204,1424245204,1.345,1.310044,0.00071,0.000572,0.000138,0,0,,,2,5,5,6,7,1,1,3,0
2,5,3,0,0,2,6e-06,114,0,254,0,0,0,0,76000000.0,0.0,2,0,0,0,0,0,57,0,0,0,0.0,0.0,1424240319,1424240319,0.006,0.0,0.0,0.0,0.0,0,2,,,2,32,32,20,20,20,20,32,1
10,2162,10,0,0,0,0.001039,146,178,31,29,0,0,0,562078.9375,685274.3125,2,2,0,0,0,0,73,89,0,0,0.0,0.0,1424259633,1424259633,0.009,0.006,0.0,0.0,0.0,0,0,,,2,2,1,4,1,1,1,1,0
0,2163,4,779,1,1,0.007819,2126,12340,31,29,7,10,2,2107686.5,12255276.0,32,34,255,255,6883955,7199843,66,363,0,0,14.264792,13.186072,1421963740,1421963740,0.242226,0.219061,0.000741,0.000579,0.000162,0,0,0.0,0.0,0,12,5,2,4,1,1,1,0
10,2164,20,780,1,1,0.051848,5174,87222,31,29,7,39,2,789538.625,13311834.0,90,92,255,255,674025827,2819734991,57,948,0,0,32.147414,31.948652,1424258630,1424258630,0.579056,0.562956,0.000736,0.000611,0.000125,0,0,,,2,8,8,2,3,1,1,2,0
19,2,21,0,0,2,2e-06,264,0,60,0,0,0,0,528000000.0,0.0,2,0,0,0,0,0,132,0,0,0,0.0,0.0,1424259912,1424259912,0.002,0.0,0.0,0.0,0.0,0,0,,,2,18,18,18,18,18,18,18,0
6,2165,3,8,1,1,1.710252,283906,2918,62,252,114,8,4,1322345.5,13378.14551,234,50,255,255,3494581979,2942685778,1213,58,0,0,805.09525,44.512363,1424235767,1424235768,7.371776,34.658246,0.05323,0.007216,0.046014,0,1,,,2,1,1,2,2,1,1,2,1
9,2166,16,10,0,2,8e-06,168,0,254,0,0,0,2,84000000.0,0.0,2,0,0,0,0,0,84,0,0,0,0.0,0.0,1424259257,1424259257,0.008,0.0,0.0,0.0,0.0,0,2,,,2,1,1,1,1,1,1,1,1
0,2167,10,4,1,1,1.11841,1684,10168,31,29,3,5,3,11187.31055,68697.52344,14,18,255,255,1248031683,1248998255,120,565,1,3924,8844.588281,7745.373276,1421963445,1421963446,86.004079,65.76,0.00063,0.000487,0.000143,0,0,1.0,0.0,0,1,1,2,3,1,1,1,0
4,2168,1,0,0,0,0.001042,146,178,31,29,0,0,0,560460.625,683301.3125,2,2,0,0,0,0,73,89,0,0,0.0,0.0,1421945052,1421945052,0.009,0.007,0.0,0.0,0.0,0,0,0.0,0.0,0,4,4,8,7,4,2,2,0
0,2169,8,1,1,1,1.858817,2934,3742,31,29,11,15,1,12386.37305,15807.90332,52,54,255,255,1376366456,3577877565,56,69,0,0,3053.021693,95.921656,1424244368,1424244370,37.170239,35.063,0.000596,0.000475,0.000121,0,0,,1.0,3,1,1,4,1,1,1,1,0
9,2170,9,4,1,1,1.683282,792,6524,62,252,2,4,3,3388.618164,28791.37305,10,14,255,255,923838848,2634955577,79,466,1,2723,10763.54628,9466.337818,1424254088,1424254090,187.012778,120.766457,0.234375,0.113295,0.12108,0,1,1.0,,2,1,1,2,3,1,1,1,1
3,2,14,0,0,2,1e-06,114,0,254,0,0,0,0,456000000.0,0.0,2,0,0,0,0,0,57,0,0,0,0.0,0.0,1424247699,1424247699,0.001,0.0,0.0,0.0,0.0,0,2,,,2,39,39,22,22,22,22,39,1
14,2171,12,781,1,1,0.032954,3614,47158,31,29,7,24,2,862778.4375,11263701.0,60,62,255,255,761314408,2907017011,60,761,0,0,31.750785,30.839508,1421969636,1421969636,0.553017,0.53018,0.000791,0.000602,0.000189,0,0,0.0,0.0,0,12,10,11,10,1,1,1,0
8,2172,18,782,1,1,0.043849,5486,92746,31,29,7,42,2,990490.125,16748387.0,96,98,255,255,2502659643,367166142,57,946,0,0,23.875516,23.38681,1424228872,1424228872,0.463021,0.44699,0.000603,0.000488,0.000115,0,0,,,2,10,8,6,4,1,1,3,0
2,5,2,0,0,2,1e-06,114,0,254,0,0,0,0,456000000.0,0.0,2,0,0,0,0,0,57,0,0,0,0.0,0.0,1424253793,1424253793,0.001,0.0,0.0,0.0,0.0,0,2,,,2,16,16,16,16,16,16,16,1
17,2173,0,10,0,0,0.004581,568,320,31,29,0,0,2,743942.3125,419122.4375,4,4,0,0,0,0,142,80,0,0,1.659109,1.461825,1424225422,1424225422,1.178667,1.040667,0.0,0.0,0.0,0,0,,,2,5,6,4,3,1,1,3,0
8,2174,18,4,1,1,1.005715,1580,10168,31,29,3,5,3,11526.12793,76395.39844,12,18,255,255,1792191855,3938540328,132,565,1,3924,9530.133455,7674.033183,1424237435,1424237436,91.397089,59.128177,0.000667,0.000532,0.000135,0,0,4.0,,2,3,2,3,12,3,2,3,0
6,5,6,0,0,2,6e-06,114,0,254,0,0,0,0,76000000.0,0.0,2,0,0,0,0,0,57,0,0,0,0.0,0.0,1424262059,1424262059,0.006,0.0,0.0,0.0,0.0,0,2,,,2,22,22,16,16,16,16,23,1
9,2175,16,14,0,2,1.2e-05,1258,0,254,0,0,0,2,419333312.0,0.0,2,0,0,0,0,0,629,0,0,0,0.0,0.0,1424221996,1424221996,0.012,0.0,0.0,0.0,0.0,0,2,,,2,2,2,1,1,1,1,1,1
6,5,6,0,0,2,9e-06,114,0,254,0,0,0,0,50666664.0,0.0,2,0,0,0,0,0,57,0,0,0,0.0,0.0,1424260876,1424260876,0.009,0.0,0.0,0.0,0.0,0,2,,,2,24,24,16,16,16,16,24,1
2,5,2,0,0,2,9e-06,114,0,254,0,0,0,0,50666664.0,0.0,2,0,0,0,0,0,57,0,0,0,0.0,0.0,1424253298,1424253298,0.009,0.0,0.0,0.0,0.0,0,2,,,2,28,28,14,14,14,14,28,1
2,8,15,6,12,0,27.230862,248562,1652,254,60,0,0,2,72731.59375,465.35434,250,24,0,0,0,0,994,69,0,0,161.546219,453.78075,1424245975,1424246003,109.360898,395.649969,0.0,0.0,0.0,0,0,,,2,1,1,1,1,1,1,1,1
12,2176,10,4,1,1,1.097936,1684,10168,31,29,3,5,3,11395.92773,69978.57813,14,18,255,255,949547845,3095961353,120,565,1,3924,8803.128958,7708.552816,1421929850,1421929851,84.427387,64.555529,0.000613,0.000487,0.000126,0,0,1.0,0.0,0,2,1,3,3,1,1,1,0
2,2,2,0,0,2,9e-06,114,0,254,0,0,0,0,50666664.0,0.0,2,0,0,0,0,0,57,0,0,0,0.0,0.0,1424253755,1424253755,0.009,0.0,0.0,0.0,0.0,0,2,,,2,23,23,16,16,16,16,23,1
12,2177,1,8,1,1,0.740397,37198,3380,31,29,18,8,4,394199.3438,35656.54688,52,42,255,255,877658825,3069222606,715,80,0,0,1263.304401,40.998379,1421960627,1421960628,14.511,18.046928,0.000597,0.000469,0.000128,0,0,0.0,0.0,0,2,1,1,1,1,1,1,0
3,5,3,0,0,2,9e-06,114,0,254,0,0,0,0,50666664.0,0.0,2,0,0,0,0,0,57,0,0,0,0.0,0.0,1424233877,1424233877,0.009,0.0,0.0,0.0,0.0,0,2,,,2,34,34,18,19,18,18,34,1
6,8,17,6,13,3,1e-05,544,0,254,0,0,0,2,217600000.0,0.0,2,0,0,0,0,0,272,0,0,0,1118.1825,0.0,1424254586,1424254586,1118.1925,0.0,0.0,0.0,0.0,0,6,,,2,1,1,1,1,1,1,1,1
14,2178,20,783,0,0,0.021565,512,304,31,29,0,0,2,142453.0469,84581.5,4,4,0,0,0,0,128,76,0,0,3.000962,9.614295,1421971815,1421971815,2.129,6.805333,0.0,0.0,0.0,0,0,0.0,0.0,0,5,2,2,2,1,1,2,0
17,2179,13,784,1,1,0.003858,320,1910,31,29,1,2,5,553654.75,3467081.25,6,8,255,255,278401804,282399879,53,239,0,0,41.414639,0.841945,1421947655,1421947655,0.7052,0.476429,0.000653,0.000519,0.000134,0,0,0.0,0.0,0,3,3,8,6,1,1,5,0
3,2,14,0,0,2,1e-05,114,0,254,0,0,0,0,45600000.0,0.0,2,0,0,0,0,0,57,0,0,0,0.0,0.0,1424247356,1424247356,0.01,0.0,0.0,0.0,0.0,0,2,,,2,39,39,23,22,22,22,39,1
4,2180,18,10,0,0,0.035217,568,304,31,29,0,0,2,96771.45313,51793.17188,4,4,0,0,0,0,142,76,0,0,9.432098,15.911081,1421928892,1421928892,6.676,11.260333,0.0,0.0,0.0,0,0,0.0,0.0,0,13,5,2,10,2,1,2,0
4,2181,18,785,1,1,0.365028,4896,3080,31,29,7,7,2,103487.9531,65266.22656,28,30,255,255,298804710,302009428,175,103,0,0,801.916665,20.823396,1421941725,1421941725,13.506926,12.563414,0.000838,0.000684,0.000154,0,0,0.0,0.0,0,6,13,4,4,1,1,3,0
3,5,14,0,0,2,3e-06,114,0,254,0,0,0,0,152000000.0,0.0,2,0,0,0,0,0,57,0,0,0,0.0,0.0,1424246270,1424246270,0.003,0.0,0.0,0.0,0.0,0,2,,,2,25,25,7,7,7,7,25,1
3,2182,2,786,0,2,6e-06,2596,0,254,0,0,0,2,1730666624.0,0.0,2,0,0,0,0,0,1298,0,0,0,0.0,0.0,1424222102,1424222102,0.006,0.0,0.0,0.0,0.0,0,2,,,2,2,1,1,2,1,1,1,1
16,2,21,0,0,2,8e-06,264,0,60,0,0,0,0,132000000.0,0.0,2,0,0,0,0,0,132,0,0,0,0.0,0.0,1424224644,1424224644,0.008,0.0,0.0,0.0,0.0,0,0,,,2,17,17,4,4,4,4,17,0
8,2183,4,787,0,0,0.001707,520,304,31,29,0,0,2,1827768.0,1068541.375,4,4,0,0,0,0,130,76,0,0,0.62249,0.272239,1421948642,1421948642,0.444667,0.199,0.0,0.0,0.0,0,0,0.0,0.0,0,3,10,6,4,1,1,4,0
8,2184,19,1,1,1,0.937739,2934,3742,31,29,11,15,1,24552.67383,31334.94531,52,54,255,255,388941379,419353474,56,69,0,0,1430.493806,52.508984,1421953246,1421953247,18.380785,17.683547,0.000661,0.000507,0.000154,0,0,0.0,1.0,3,1,2,1,1,1,1,1,0
10,1225,0,319,1,1,0.009566,8928,320,31,29,4,1,5,6933724.0,223290.8281,14,6,255,255,3651299579,3667977204,638,53,0,0,41.680362,3.238569,1424241161,1424241161,0.735846,1.7556,0.000627,0.000505,0.000122,0,0,,,2,6,3,7,8,1,1,6,0
17,2185,0,788,1,1,0.038984,2750,26406,31,29,7,16,2,551610.9375,5301046.5,44,46,255,255,1074772571,3224662828,63,574,0,0,62.8982,60.891417,1421939202,1421939203,0.899279,0.8526,0.000758,0.000603,0.000155,0,0,0.0,0.0,0,8,7,4,5,1,1,3,0
3,2,14,0,0,2,8e-06,114,0,254,0,0,0,0,57000000.0,0.0,2,0,0,0,0,0,57,0,0,0,0.0,0.0,1424244641,1424244641,0.008,0.0,0.0,0.0,0.0,0,2,,,2,33,33,25,24,24,16,33,1
2,2,2,0,0,2,9e-06,114,0,254,0,0,0,0,50666664.0,0.0,2,0,0,0,0,0,57,0,0,0,0.0,0.0,1424252050,1424252050,0.009,0.0,0.0,0.0,0.0,0,2,,,2,34,34,34,35,34,16,34,1
8,2186,18,4,1,1,16.553778,15978,1087900,31,29,2,370,3,7696.128418,525048.5,298,746,255,255,3949745576,1874400599,54,1458,1,524288,2749.716832,1676.754114,1424236992,1424237008,55.735586,22.21921,0.000602,0.000465,0.000137,0,0,1.0,,2,2,2,2,1,1,1,1,0
2,5,3,0,0,2,9e-06,114,0,254,0,0,0,0,50666664.0,0.0,2,0,0,0,0,0,57,0,0,0,0.0,0.0,1424238638,1424238638,0.009,0.0,0.0,0.0,0.0,0,2,,,2,44,44,45,44,44,20,44,1
4,2187,8,0,0,0,0.000969,146,178,31,29,0,0,0,602683.1875,734778.125,2,2,0,0,0,0,73,89,0,0,0.0,0.0,1424224631,1424224631,0.001,0.005,0.0,0.0,0.0,0,0,,,2,2,3,6,2,1,1,1,0
11,2188,13,789,1,1,0.077625,5486,94690,31,29,7,42,2,559510.5,9659156.0,96,98,255,255,2502892354,362046739,57,966,0,0,50.021313,50.970206,1421950920,1421950920,0.813579,0.794124,0.000757,0.00059,0.000167,0,0,0.0,0.0,0,9,7,5,12,1,1,2,0
5,5,7,0,0,2,8e-06,264,0,60,0,0,0,0,132000000.0,0.0,2,0,0,0,0,0,132,0,0,0,0.0,0.0,1424230520,1424230520,0.008,0.0,0.0,0.0,0.0,0,0,,,2,43,43,26,26,26,13,43,0
3,5,3,0,0,2,7e-06,114,0,254,0,0,0,0,65142856.0,0.0,2,0,0,0,0,0,57,0,0,0,0.0,0.0,1424233383,1424233383,0.007,0.0,0.0,0.0,0.0,0,2,,,2,10,10,10,10,10,7,10,1
4,2189,19,790,1,1,0.019861,3182,39076,31,29,7,20,2,1257137.125,15448568.0,52,54,255,255,3714137606,3714491806,61,724,0,0,21.098256,20.154046,1424222632,1424222632,0.383176,0.362075,0.000825,0.00067,0.000155,0,0,,,2,11,6,4,2,1,1,2,0
2,2,3,0,0,2,5e-06,114,0,254,0,0,0,0,91200000.0,0.0,2,0,0,0,0,0,57,0,0,0,0.0,0.0,1424238170,1424238170,0.005,0.0,0.0,0.0,0.0,0,2,,,2,24,24,24,24,24,24,24,1
12,2190,0,791,1,1,0.04504,2854,31538,31,29,7,17,2,495914.75,5485080.0,46,48,255,255,3623299498,1503714965,62,657,0,0,0.0,58.473891,1421953198,1421953198,0.993689,0.843489,0.005593,0.005393,0.0002,0,0,0.0,0.0,0,9,6,2,4,1,1,2,0
9,2191,24,26,1,1,0.724569,936,268,254,252,2,1,2,9307.601562,2473.194336,10,6,255,255,1822233083,952302151,94,45,0,0,4230.453814,222.501531,1424256646,1424256646,76.191556,132.704406,0.12084,0.061044,0.059796,0,1,,,2,4,2,2,3,2,2,2,1
3,2,14,0,0,2,3e-06,114,0,254,0,0,0,0,152000000.0,0.0,2,0,0,0,0,0,57,0,0,0,0.0,0.0,1424248214,1424248214,0.003,0.0,0.0,0.0,0.0,0,2,,,2,44,44,16,16,16,9,44,1
6,5,9,0,0,2,4e-06,114,0,254,0,0,0,0,114000000.0,0.0,2,0,0,0,0,0,57,0,0,0,0.0,0.0,1424223452,1424223452,0.004,0.0,0.0,0.0,0.0,0,2,,,2,33,33,3,3,3,2,33,1
10,2192,0,4,1,1,1.079038,1580,10168,31,29,3,5,3,10742.90234,71204.16406,12,18,255,255,2038950636,4189562882,132,565,1,3924,10069.88106,8113.494882,1424254784,1424254785,98.063183,63.438765,0.000714,0.000575,0.000139,0,0,1.0,,2,2,1,4,3,1,1,2,0
12,2193,4,792,1,1,0.005042,4304,2456,31,29,7,7,2,6449821.0,3681078.75,18,18,255,255,3268433035,3275625331,239,136,0,0,13.694442,0.334954,1421939371,1421939371,0.278059,0.261529,0.000744,0.000592,0.000152,0,0,0.0,0.0,0,11,8,5,5,1,1,3,0
11,2194,10,793,1,1,0.009853,2334,16102,31,29,7,12,2,1843093.5,12730336.0,36,38,255,255,1723236973,3879679666,65,424,0,0,19.00299,18.126732,1421967322,1421967322,0.272514,0.253108,0.000625,0.000481,0.000144,0,0,0.0,0.0,0,12,7,2,5,1,1,2,0
11,2195,8,794,0,0,0.002129,536,304,31,29,0,0,2,1510568.375,856740.3125,4,4,0,0,0,0,134,76,0,0,0.797381,0.302405,1421927954,1421927954,0.568333,0.219333,0.0,0.0,0.0,0,0,0.0,0.0,0,6,10,4,4,1,1,3,0
2,2196,15,37,1,1,0.784718,2516,268,254,252,2,1,2,23091.09766,2283.623047,10,6,255,255,312615166,4223691724,252,45,0,0,4691.455446,230.860641,1424225710,1424225711,91.471,142.995203,0.14679,0.069733,0.077057,0,1,,,2,7,3,1,2,1,1,4,1
3,5,14,0,0,2,4e-06,114,0,254,0,0,0,0,114000000.0,0.0,2,0,0,0,0,0,57,0,0,0,0.0,0.0,1424246136,1424246136,0.004,0.0,0.0,0.0,0.0,0,2,,,2,18,18,17,17,17,17,18,1
3,2197,16,4,1,1,0.306747,45578,18600,254,252,17,8,3,1160383.0,464878.25,42,24,255,255,1729204642,2455216977,1085,775,1,8446,658.378014,1048.743473,1424242849,1424242849,7.481634,12.967609,0.053545,0.00786,0.045685,0,1,1.0,,2,1,1,1,1,1,1,1,1
5,5,7,0,0,2,5e-06,264,0,60,0,0,0,0,211200000.0,0.0,2,0,0,0,0,0,132,0,0,0,0.0,0.0,1424230713,1424230713,0.005,0.0,0.0,0.0,0.0,0,0,,,2,38,38,14,14,14,14,38,0
12,2198,20,0,0,0,0.000946,130,162,31,29,0,0,0,549682.875,684989.4375,2,2,0,0,0,0,65,81,0,0,0.0,0.0,1421942541,1421942541,0.01,0.006,0.0,0.0,0.0,0,0,0.0,0.0,0,1,2,3,3,1,1,1,0
17,2199,8,0,0,0,0.001072,146,178,31,29,0,0,0,544776.125,664179.125,2,2,0,0,0,0,73,89,0,0,0.0,0.0,1421964473,1421964473,0.01,0.008,0.0,0.0,0.0,0,0,0.0,0.0,0,3,2,3,4,2,1,1,0
9,2200,17,4,1,1,0.260897,842,944,62,252,2,2,3,23242.88867,25328.00195,10,8,255,255,1767080420,2665530410,84,118,0,0,1570.031005,59.44523,1421929367,1421929368,28.988556,33.92657,0.064558,0.013673,0.050885,0,1,0.0,0.0,0,1,1,1,1,1,1,1,1
3,2,3,0,0,2,3e-06,114,0,254,0,0,0,0,152000000.0,0.0,2,0,0,0,0,0,57,0,0,0,0.0,0.0,1424233783,1424233783,0.003,0.0,0.0,0.0,0.0,0,2,,,2,38,38,23,25,23,23,38,1
6,2,6,0,0,2,3e-06,114,0,254,0,0,0,0,152000000.0,0.0,2,0,0,0,0,0,57,0,0,0,0.0,0.0,1424261743,1424261743,0.003,0.0,0.0,0.0,0.0,0,2,,,2,17,17,18,17,17,17,17,1
3,2201,2,10,1,1,1.590633,564,354,254,252,2,1,2,2554.95752,1559.127686,10,8,255,255,562438782,1671175703,56,44,0,0,10701.41487,284.238969,1424248776,1424248778,167.744333,216.444859,0.1578,0.075512,0.082288,0,1,,,2,1,3,2,1,1,1,1,1
11,2202,10,795,1,1,0.0599,4342,66846,31,29,7,30,2,572153.5625,8807078.0,74,74,255,255,371961448,372245700,59,903,0,0,54.652728,1.506586,1421958286,1421958286,0.815918,0.812534,0.000733,0.000575,0.000158,0,0,0.0,0.0,0,14,3,1,1,1,1,1,0
2,8,15,6,3,2,9e-06,200,0,254,0,0,0,2,88888888.0,0.0,2,0,0,0,0,0,100,0,0,0,0.0,0.0,1424244420,1424244420,0.009,0.0,0.0,0.0,0.0,0,2,,,2,8,8,4,4,2,2,13,1
8,500,10,290,1,1,1.998375,8928,320,31,29,4,1,5,33190.96484,1068.868408,14,6,255,255,234802455,1501899262,638,53,0,0,16130.06122,719.794875,1424254425,1424254427,153.721159,399.558,0.000582,0.000461,0.000121,0,0,,,2,2,3,2,5,2,1,2,0
11,2203,0,0,0,0,0.001085,146,178,31,29,0,0,0,538248.875,656221.1875,2,2,0,0,0,0,73,89,0,0,0.0,0.0,1424253463,1424253463,0.009,0.007,0.0,0.0,0.0,0,0,,,2,1,2,3,1,1,1,1,0
2,2,3,0,0,2,8e-06,114,0,254,0,0,0,0,57000000.0,0.0,2,0,0,0,0,0,57,0,0,0,0.0,0.0,1424240245,1424240245,0.008,0.0,0.0,0.0,0.0,0,2,,,2,28,28,17,18,17,17,28,1
12,2204,10,796,1,1,0.01843,2974,33668,31,29,7,18,2,1264460.125,14322300.0,48,50,255,255,1476708745,1491656141,62,673,0,0,0.0,19.816567,1421959873,1421959873,0.385064,0.372583,0.000672,0.000542,0.00013,0,0,0.0,0.0,0,17,12,4,10,1,1,2,0
10,2205,4,486,1,1,1.118462,320,1922,31,29,1,2,5,1909.765381,12030.80664,6,8,255,255,188061049,1301664197,53,240,0,0,15802.28502,390.853875,1421953602,1421953603,223.6176,159.715578,0.000576,0.000452,0.000124,0,0,0.0,0.0,0,1,3,3,3,1,1,1,0
3,5,14,0,0,2,9e-06,114,0,254,0,0,0,0,50666664.0,0.0,2,0,0,0,0,0,57,0,0,0,0.0,0.0,1424244657,1424244657,0.009,0.0,0.0,0.0,0.0,0,2,,,2,35,35,35,35,35,15,35,1
6,8,15,6,3,2,9e-06,200,0,254,0,0,0,2,88888888.0,0.0,2,0,0,0,0,0,100,0,0,0,0.0,0.0,1424251724,1424251724,0.009,0.0,0.0,0.0,0.0,0,2,,,2,5,5,4,6,4,4,5,1
5,2,7,0,0,2,1e-06,264,0,60,0,0,0,0,1056000000.0,0.0,2,0,0,0,0,0,132,0,0,0,0.0,0.0,1424232275,1424232275,0.001,0.0,0.0,0.0,0.0,0,0,,,2,36,36,11,11,11,11,36,0
3,2,14,0,0,2,9e-06,114,0,254,0,0,0,0,50666664.0,0.0,2,0,0,0,0,0,57,0,0,0,0.0,0.0,1424244666,1424244666,0.009,0.0,0.0,0.0,0.0,0,2,,,2,43,43,22,23,22,12,43,1
13,2206,13,8,1,1,0.488924,37146,3380,31,29,18,8,4,596117.1875,53996.12109,52,42,255,255,2928052254,783623772,714,80,0,0,798.503677,25.952635,1424241915,1424241915,9.7714,11.912024,0.000655,0.000527,0.000128,0,0,,,2,1,1,2,2,1,1,3,0
2,5,3,0,0,2,5e-06,114,0,254,0,0,0,0,91200000.0,0.0,2,0,0,0,0,0,57,0,0,0,0.0,0.0,1424238600,1424238600,0.005,0.0,0.0,0.0,0.0,0,2,,,2,31,31,17,17,17,17,31,1
3,5,3,0,0,2,8e-06,114,0,254,0,0,0,0,57000000.0,0.0,2,0,0,0,0,0,57,0,0,0,0.0,0.0,1424233218,1424233218,0.008,0.0,0.0,0.0,0.0,0,2,,,2,19,19,18,18,18,18,20,1
8,2207,12,0,0,0,0.001023,146,178,31,29,0,0,0,570870.0,695992.1875,2,2,0,0,0,0,73,89,0,0,0.0,0.0,1421951891,1421951891,0.011,0.007,0.0,0.0,0.0,0,0,0.0,0.0,0,8,3,3,1,1,1,1,0
1,2208,10,0,0,0,0.001062,146,178,31,29,0,0,0,549905.8125,670433.125,2,2,0,0,0,0,73,89,0,0,0.0,0.0,1421952197,1421952197,0.007,0.008,0.0,0.0,0.0,0,0,0.0,0.0,0,4,4,2,2,1,1,1,0
2,2,3,0,0,2,8e-06,114,0,254,0,0,0,0,57000000.0,0.0,2,0,0,0,0,0,57,0,0,0,0.0,0.0,1424237817,1424237817,0.008,0.0,0.0,0.0,0.0,0,2,,,2,26,26,17,17,17,17,26,1
2,2,3,0,0,2,1e-05,114,0,254,0,0,0,0,45600000.0,0.0,2,0,0,0,0,0,57,0,0,0,0.0,0.0,1424237567,1424237567,0.01,0.0,0.0,0.0,0.0,0,2,,,2,43,43,31,31,31,20,43,1
2,2,2,0,0,2,4e-06,114,0,254,0,0,0,0,114000000.0,0.0,2,0,0,0,0,0,57,0,0,0,0.0,0.0,1424254612,1424254612,0.004,0.0,0.0,0.0,0.0,0,2,,,2,27,27,27,27,27,13,27,1
6,2,6,0,0,2,9e-06,114,0,254,0,0,0,0,50666664.0,0.0,2,0,0,0,0,0,57,0,0,0,0.0,0.0,1424261687,1424261687,0.009,0.0,0.0,0.0,0.0,0,2,,,2,33,33,19,18,17,17,34,1
4,2209,20,797,1,1,0.019372,2438,19186,31,29,7,13,2,980384.0625,7725377.0,38,40,255,255,1879170893,4039298702,64,480,0,0,34.198878,34.076524,1424252096,1424252096,0.514568,0.483359,0.000663,0.000517,0.000146,0,0,,,2,3,1,2,3,1,1,2,0
2,2,3,0,0,2,4e-06,114,0,254,0,0,0,0,114000000.0,0.0,2,0,0,0,0,0,57,0,0,0,0.0,0.0,1421931513,1421931513,0.004,0.0,0.0,0.0,0.0,0,2,0.0,0.0,0,3,3,3,4,3,3,3,1
6,2,9,0,0,2,9e-06,114,0,254,0,0,0,0,50666664.0,0.0,2,0,0,0,0,0,57,0,0,0,0.0,0.0,1424224879,1424224879,0.009,0.0,0.0,0.0,0.0,0,2,,,2,23,23,8,9,8,8,23,1
2,2,3,0,0,2,9e-06,114,0,254,0,0,0,0,50666664.0,0.0,2,0,0,0,0,0,57,0,0,0,0.0,0.0,1424238934,1424238934,0.009,0.0,0.0,0.0,0.0,0,2,,,2,41,41,12,12,12,6,41,1
6,2210,14,10,0,2,9e-06,168,0,254,0,0,0,2,74666664.0,0.0,2,0,0,0,0,0,84,0,0,0,0.0,0.0,1424250337,1424250337,0.009,0.0,0.0,0.0,0.0,0,2,,,2,1,1,2,1,1,1,3,1
3,2,14,0,0,2,8e-06,114,0,254,0,0,0,0,57000000.0,0.0,2,0,0,0,0,0,57,0,0,0,0.0,0.0,1424248201,1424248201,0.008,0.0,0.0,0.0,0.0,0,2,,,2,24,24,7,7,7,5,24,1
2,5,2,0,0,2,2e-06,114,0,254,0,0,0,0,228000000.0,0.0,2,0,0,0,0,0,57,0,0,0,0.0,0.0,1424253328,1424253328,0.002,0.0,0.0,0.0,0.0,0,2,,,2,28,28,8,10,8,8,28,1
17,2211,8,798,1,1,0.003007,320,1874,31,29,1,2,5,710342.5,4363152.5,6,8,255,255,1392031191,3541227550,53,234,0,0,29.50056,0.56135,1421967604,1421967604,0.537,0.349429,0.000707,0.000558,0.000149,0,0,0.0,0.0,0,3,3,7,7,1,1,3,0
6,5,9,0,0,2,4e-06,114,0,254,0,0,0,0,114000000.0,0.0,2,0,0,0,0,0,57,0,0,0,0.0,0.0,1424223892,1424223892,0.004,0.0,0.0,0.0,0.0,0,2,,,2,18,18,7,7,7,7,18,1
3,5,3,0,0,2,1.5e-05,114,0,254,0,0,0,0,30400000.0,0.0,2,0,0,0,0,0,57,0,0,0,0.0,0.0,1424232382,1424232382,0.015,0.0,0.0,0.0,0.0,0,2,,,2,40,40,18,20,18,18,40,1
0,2212,12,799,1,1,0.069451,4056,2560,31,29,7,7,2,441289.5625,280139.9688,18,20,255,255,944348160,947498041,225,128,0,0,497.772244,14.151072,1424246114,1424246114,4.066588,3.628684,0.00063,0.000501,0.000129,0,0,,,2,5,10,14,6,1,1,3,0
1,2213,8,8,1,1,0.062947,37208,3380,31,29,18,8,4,4637933.5,419400.4688,52,42,255,255,3964909725,1830584794,716,80,0,0,79.52861,2.743233,1421951187,1421951187,1.227314,1.522341,0.000654,0.00053,0.000124,0,0,0.0,0.0,0,1,1,5,2,1,1,1,0
3,2,3,0,0,2,5e-06,114,0,254,0,0,0,0,91200000.0,0.0,2,0,0,0,0,0,57,0,0,0,0.0,0.0,1424233186,1424233186,0.005,0.0,0.0,0.0,0.0,0,2,,,2,20,20,20,20,20,20,20,1
8,2214,4,800,1,1,0.020818,2750,27344,31,29,7,16,2,1032952.25,10279565.0,44,46,255,255,4054170802,1904881156,63,594,0,0,27.524811,27.768556,1424241792,1424241792,0.476535,0.459773,0.000728,0.000579,0.000149,0,0,,,2,9,6,3,5,1,1,3,0
3,2,3,0,0,2,1e-05,114,0,254,0,0,0,0,45600000.0,0.0,2,0,0,0,0,0,57,0,0,0,0.0,0.0,1424232498,1424232498,0.01,0.0,0.0,0.0,0.0,0,2,,,2,36,36,25,25,25,25,36,1
12,2215,20,801,1,1,0.123615,2646,22072,31,29,7,14,2,167164.1875,1394458.625,42,42,255,255,365297032,2698873970,63,526,0,0,193.275746,189.452375,1421967223,1421967223,3.007415,3.001829,0.000669,0.000537,0.000132,0,0,0.0,0.0,0,8,8,4,6,1,1,2,0
3,5,3,0,0,2,4e-06,114,0,254,0,0,0,0,114000000.0,0.0,2,0,0,0,0,0,57,0,0,0,0.0,0.0,1424230901,1424230901,0.004,0.0,0.0,0.0,0.0,0,2,,,2,18,18,18,19,18,18,18,1
3,5,3,0,0,2,8e-06,114,0,254,0,0,0,0,57000000.0,0.0,2,0,0,0,0,0,57,0,0,0,0.0,0.0,1424233432,1424233432,0.008,0.0,0.0,0.0,0.0,0,2,,,2,18,18,18,18,18,18,18,1
7,2,7,0,0,2,7e-06,264,0,60,0,0,0,0,150857136.0,0.0,2,0,0,0,0,0,132,0,0,0,0.0,0.0,1424248164,1424248164,0.007,0.0,0.0,0.0,0.0,0,0,,,2,45,45,45,45,45,23,45,0
6,5,9,0,0,2,4e-06,114,0,254,0,0,0,0,114000000.0,0.0,2,0,0,0,0,0,57,0,0,0,0.0,0.0,1424224633,1424224633,0.004,0.0,0.0,0.0,0.0,0,2,,,2,24,24,9,9,9,9,24,1
12,2216,19,802,0,0,0.001648,528,304,31,29,0,0,2,1922330.125,1106796.125,4,4,0,0,0,0,132,76,0,0,0.594205,0.274129,1424227218,1424227218,0.423667,0.198333,0.0,0.0,0.0,0,0,,,2,9,8,4,6,1,1,6,0
14,2217,12,803,1,1,0.021845,2438,19266,31,29,7,13,2,869398.0625,6879377.5,38,40,255,255,1573833775,1616721312,64,482,0,0,0.0,44.295431,1424220284,1424220284,0.581892,0.561342,0.00063,0.00051,0.00012,0,0,,,2,10,7,2,10,1,1,2,0
4,2218,13,804,1,1,0.00548,4104,2456,31,29,7,7,2,5658394.5,3386861.5,18,18,255,255,1079012612,3231745767,228,136,0,0,14.746071,0.368828,1421945054,1421945054,0.301412,0.291294,0.000653,0.000523,0.00013,0,0,0.0,0.0,0,14,10,13,11,3,3,6,0
2,2,2,0,0,2,4e-06,114,0,254,0,0,0,0,114000000.0,0.0,2,0,0,0,0,0,57,0,0,0,0.0,0.0,1424253574,1424253574,0.004,0.0,0.0,0.0,0.0,0,2,,,2,34,34,16,16,16,16,34,1
4,2219,8,1,1,1,0.843703,2934,3742,31,29,11,15,1,27289.22461,34827.42188,52,54,255,255,3470020601,3475224902,56,69,0,0,1415.496513,52.886039,1421964891,1421964892,16.537019,15.909057,0.000654,0.000519,0.000135,0,0,0.0,1.0,3,1,1,1,3,1,1,1,0
8,2220,8,805,1,1,0.025114,3302,37798,31,29,7,21,2,1032412.188,11825755.0,54,56,255,255,1138881456,1139263250,61,675,0,0,32.27567,31.058599,1421936819,1421936819,0.467057,0.443236,0.000871,0.000724,0.000147,0,0,0.0,0.0,0,6,7,3,3,1,1,1,0
10,2221,13,7,1,1,3.012121,13870,548216,31,29,21,197,2,36686.44141,1452704.0,242,438,255,255,4024293079,4085763213,57,1252,0,0,4250.359944,3149.439761,1421951599,1421951602,12.497037,6.907452,0.000604,0.000469,0.000135,0,0,0.0,0.0,0,11,11,5,4,2,1,2,0
17,2222,12,18,1,1,0.771814,7816,15092,31,29,30,32,2,80350.96875,155198.0156,122,126,255,255,3645385609,1501012365,64,120,0,0,429.02371,425.660545,1421927761,1421927761,6.375942,6.170232,0.00066,0.000531,0.000129,0,0,0.0,0.0,0,5,6,1,4,1,1,1,0
3,2223,24,4,1,1,0.688121,830,1096,62,252,2,2,3,8684.518555,11149.20117,10,8,255,255,1517605205,1171416788,83,137,1,142,3801.452231,120.832109,1424240112,1424240113,76.457889,83.68057,0.207459,0.101734,0.105725,0,1,9.0,,2,4,4,3,3,3,3,4,1
3,2,14,0,0,2,8e-06,114,0,254,0,0,0,0,57000000.0,0.0,2,0,0,0,0,0,57,0,0,0,0.0,0.0,1424245744,1424245744,0.008,0.0,0.0,0.0,0.0,0,2,,,2,30,30,23,23,22,22,30,1
17,2224,13,7,1,1,0.018359,1540,1644,31,29,4,4,2,629228.1875,676725.3125,16,18,255,255,2434866022,2439897056,96,91,0,0,72.840591,2.07071,1421962842,1421962842,1.203067,1.050941,0.000622,0.000487,0.000135,0,0,0.0,0.0,0,17,9,7,11,6,1,7,0
4,2225,4,4,1,1,1.033068,1580,10168,31,29,3,5,3,11220.94629,74372.64844,12,18,255,255,3116395396,972072898,132,565,1,3924,9637.819841,7761.270798,1421936736,1421936737,93.881,60.737533,0.000655,0.000524,0.000131,0,0,1.0,0.0,0,4,4,3,3,1,1,1,0
1,2226,12,9,1,1,0.050541,1140,2366,31,29,4,4,2,167626.2813,347757.2813,14,14,255,255,743004432,2892869979,81,169,0,0,306.058472,8.410161,1424237065,1424237065,3.857923,3.842539,0.000721,0.00058,0.000141,0,0,,,2,4,8,5,2,1,1,2,0
3,2,14,0,0,2,3e-06,114,0,254,0,0,0,0,152000000.0,0.0,2,0,0,0,0,0,57,0,0,0,0.0,0.0,1424247990,1424247990,0.003,0.0,0.0,0.0,0.0,0,2,,,2,39,39,22,22,22,22,39,1
6,5,6,0,0,2,2e-06,114,0,254,0,0,0,0,228000000.0,0.0,2,0,0,0,0,0,57,0,0,0,0.0,0.0,1424261766,1424261766,0.002,0.0,0.0,0.0,0.0,0,2,,,2,30,30,14,14,13,13,30,1
6,2227,24,4,1,1,0.752967,2318,43574,62,252,6,17,3,23406.07227,450782.0313,20,38,255,255,3948651207,1964786112,116,1147,1,109,1960.529776,1564.387149,1424238935,1424238936,39.629841,20.029703,0.060929,0.010954,0.049975,0,1,1.0,,2,1,1,1,1,1,1,1,1
15,2,5,0,0,2,2e-06,264,0,60,0,0,0,0,528000000.0,0.0,2,0,0,0,0,0,132,0,0,0,0.0,0.0,1424253388,1424253388,0.002,0.0,0.0,0.0,0.0,0,0,,,2,31,31,23,23,23,23,31,0
6,2228,15,10,0,2,1.6e-05,168,0,254,0,0,0,2,42000000.0,0.0,2,0,0,0,0,0,84,0,0,0,0.0,0.0,1424254587,1424254587,0.016,0.0,0.0,0.0,0.0,0,2,,,2,1,1,1,1,1,1,1,1
3,5,14,0,0,2,6e-06,114,0,254,0,0,0,0,76000000.0,0.0,2,0,0,0,0,0,57,0,0,0,0.0,0.0,1424244520,1424244520,0.006,0.0,0.0,0.0,0.0,0,2,,,2,11,11,11,11,11,11,11,1
22,239,26,98,0,2,9.7e-05,503,0,64,0,0,0,2,20783506.0,0.0,2,0,0,0,0,0,252,0,0,0,0.0,0.0,1424240558,1424240558,0.097,0.0,0.0,0.0,0.0,0,0,,,2,57,57,57,57,57,57,57,0
2,2229,17,26,1,1,0.897485,534,268,254,252,2,1,2,4287.536621,1996.690674,10,6,255,255,1456619893,2585236947,53,45,0,0,5013.770849,260.450047,1424225762,1424225763,99.618667,154.819,0.284145,0.123382,0.160763,0,1,,,2,6,3,1,2,1,1,3,1
2,2,2,0,0,2,4e-06,114,0,254,0,0,0,0,114000000.0,0.0,2,0,0,0,0,0,57,0,0,0,0.0,0.0,1424252931,1424252931,0.004,0.0,0.0,0.0,0.0,0,2,,,2,37,37,26,27,26,13,37,1
2,2,3,0,0,2,6e-06,114,0,254,0,0,0,0,76000000.0,0.0,2,0,0,0,0,0,57,0,0,0,0.0,0.0,1424237553,1424237553,0.006,0.0,0.0,0.0,0.0,0,2,,,2,55,55,31,31,31,17,55,1
3,2230,2,26,1,1,0.262317,610,268,254,252,2,1,2,16743.10156,6831.429199,10,6,255,255,4095078546,672852383,61,45,0,0,1447.544526,69.958695,1421927665,1421927665,28.075222,43.874,0.079569,0.042943,0.036626,0,1,0.0,0.0,0,6,6,2,2,2,1,2,1
5,5,5,0,0,2,4e-06,264,0,60,0,0,0,0,264000000.0,0.0,2,0,0,0,0,0,132,0,0,0,0.0,0.0,1421930842,1421930842,0.004,0.0,0.0,0.0,0.0,0,0,0.0,0.0,0,7,7,3,3,3,3,3,0
12,2231,10,30,1,1,0.019968,12472,12820,31,29,17,17,6,4925481.0,5053686.0,70,62,255,255,4272209613,2122926761,178,207,0,0,21.181378,24.152989,1424222758,1424222758,0.289391,0.316115,0.0007,0.000562,0.000138,0,0,,,2,2,2,7,1,1,1,3,0
7,2,7,0,0,2,3e-06,264,0,60,0,0,0,0,352000000.0,0.0,2,0,0,0,0,0,132,0,0,0,0.0,0.0,1424247848,1424247848,0.003,0.0,0.0,0.0,0.0,0,0,,,2,32,32,10,10,10,10,32,0
3,2,3,0,0,2,7e-06,114,0,254,0,0,0,0,65142856.0,0.0,2,0,0,0,0,0,57,0,0,0,0.0,0.0,1424233338,1424233338,0.007,0.0,0.0,0.0,0.0,0,2,,,2,23,23,23,25,23,23,23,1
14,2232,1,307,1,1,0.004426,8928,320,31,29,4,1,5,14985991.0,482602.7813,14,6,255,255,7406285,21095512,638,53,0,0,17.26504,1.237356,1424249516,1424249516,0.340462,0.7674,0.000593,0.000473,0.00012,0,0,,,2,3,3,7,5,1,1,4,0
17,2233,12,7,1,1,2.967943,13662,548216,31,29,21,197,2,36671.86328,1474327.5,238,438,255,255,276767683,2433404162,57,1252,0,0,4794.704558,3530.667552,1424246642,1424246645,12.521591,6.790554,0.000588,0.000467,0.000121,0,0,,,2,9,4,4,3,2,1,3,0
17,2234,13,1,1,1,0.025669,2934,3742,31,29,11,15,1,896957.4375,1144727.125,52,54,255,255,4108582726,4109563322,56,69,0,0,35.843467,0.970142,1421961470,1421961470,0.497216,0.475434,0.000597,0.000467,0.00013,0,0,0.0,1.0,3,1,1,5,5,1,1,4,0
2,2,3,0,0,2,9e-06,114,0,254,0,0,0,0,50666664.0,0.0,2,0,0,0,0,0,57,0,0,0,0.0,0.0,1424240334,1424240334,0.009,0.0,0.0,0.0,0.0,0,2,,,2,11,11,11,11,11,6,11,1
11,2235,8,806,1,1,0.163098,3614,47158,31,29,7,24,2,174324.625,2275834.0,60,62,255,255,255495791,255767446,60,761,0,0,0.0,145.823118,1421969456,1421969456,2.758949,2.66418,0.000713,0.000579,0.000134,0,0,0.0,0.0,0,3,8,1,3,1,1,1,0
6,2236,14,4,1,1,0.263461,818,268,254,252,2,1,3,22379.02344,6801.766113,10,6,255,255,1892155021,1564309352,82,45,1,0,1322.385524,71.32675,1424247269,1424247270,26.653222,49.13,0.069185,0.017802,0.051383,0,1,1.0,,2,1,1,16,1,1,1,1,1
2,2,3,0,0,2,6e-06,114,0,254,0,0,0,0,76000000.0,0.0,2,0,0,0,0,0,57,0,0,0,0.0,0.0,1424240032,1424240032,0.006,0.0,0.0,0.0,0.0,0,2,,,2,44,44,24,27,24,24,44,1
3,5,3,0,0,2,4e-06,114,0,254,0,0,0,0,114000000.0,0.0,2,0,0,0,0,0,57,0,0,0,0.0,0.0,1424231910,1424231910,0.004,0.0,0.0,0.0,0.0,0,2,,,2,32,32,23,23,23,11,32,1
12,2237,4,807,1,1,0.08397,5174,83812,31,29,7,39,2,487507.4375,7898154.0,90,92,255,255,448535730,2598417967,57,911,0,0,51.879427,50.937554,1424220217,1424220217,0.950636,0.921011,0.001211,0.001072,0.000139,0,0,,,2,2,7,5,2,1,1,1,0
13,2238,8,808,1,1,0.149893,5174,88436,31,29,7,39,2,273101.4688,4668663.5,90,92,255,255,3702663155,3724540457,57,961,0,0,90.978042,89.518413,1424239271,1424239271,1.680652,1.64189,0.000584,0.000476,0.000108,0,0,,,2,10,3,3,6,1,1,3,0
4,2239,19,7,1,1,0.169748,1540,1644,31,29,4,4,2,68053.82031,73190.85156,16,18,255,255,2588776114,470675139,96,91,0,0,689.250988,21.373457,1424261772,1424261772,11.2962,9.956471,0.000612,0.000479,0.000133,0,0,,,2,9,14,7,8,6,1,9,0
9,2240,2,10,1,1,1.770916,564,354,254,252,2,1,2,2294.857666,1400.405273,10,8,255,255,1351270295,3388376913,56,44,0,0,11532.75855,374.986906,1424259427,1424259428,194.680778,235.103281,0.198182,0.125188,0.072994,0,1,,,2,2,1,1,1,1,1,1,1
16,2,21,0,0,2,6e-06,264,0,60,0,0,0,0,176000000.0,0.0,2,0,0,0,0,0,132,0,0,0,0.0,0.0,1424224481,1424224481,0.006,0.0,0.0,0.0,0.0,0,0,,,2,21,21,5,5,5,5,21,0
10,2241,20,809,1,1,0.042798,4238,65118,31,29,7,30,2,781344.875,12007850.0,72,74,255,255,960578099,971121460,59,880,0,0,35.30055,34.781606,1421935000,1421935000,0.598169,0.578137,0.000738,0.000589,0.000149,0,0,0.0,0.0,0,2,4,3,3,1,1,2,0
0,2242,12,810,1,1,0.030962,2854,31142,31,29,7,17,2,721400.4375,7879077.5,46,48,255,255,2741010690,2762265714,62,649,0,0,40.578782,39.476993,1424243833,1424243833,0.680978,0.646766,0.000682,0.000558,0.000124,0,0,,,2,5,2,6,3,1,1,2,0
12,2243,18,4,1,1,1.138894,1580,10168,31,29,3,5,3,10178.2959,67461.94531,12,18,255,255,2642303920,2639186340,132,565,1,3924,10110.30764,8140.89872,1424239738,1424239739,103.504456,66.964467,0.000618,0.000495,0.000123,0,0,1.0,,2,1,2,5,2,1,1,3,0
2,2244,6,4,1,1,0.728692,774,1190,62,252,2,2,2,7652.066895,11439.67578,10,8,255,255,1718690882,2780179624,77,149,0,0,4250.013927,174.272531,1421933004,1421933004,80.870778,97.043,0.12552,0.049387,0.076133,0,1,0.0,0.0,0,1,1,1,1,1,1,1,1
9,2245,11,4,1,1,0.299776,836,6864,62,252,2,4,3,20095.00586,167912.0469,10,12,255,255,1554500487,2843232550,84,572,1,2926,1630.140621,1669.778153,1424245677,1424245677,33.308444,24.767999,0.073707,0.022123,0.051584,0,1,1.0,,2,1,1,1,1,1,1,1,1
3,2246,15,4,1,1,0.209129,830,9554,62,252,2,5,3,28575.66211,339388.5938,10,14,255,255,2260208171,2220736761,83,682,1,4239,1192.567424,0.0,1424250226,1424250227,23.236556,14.981538,0.055369,0.008468,0.046901,0,1,1.0,,2,1,1,1,1,1,1,1,1
5,5,7,0,0,2,7e-06,264,0,60,0,0,0,0,150857136.0,0.0,2,0,0,0,0,0,132,0,0,0,0.0,0.0,1424233559,1424233559,0.007,0.0,0.0,0.0,0.0,0,0,,,2,33,33,33,33,33,17,33,0
4,2247,10,811,1,1,0.013169,2542,23154,31,29,7,14,2,1505961.0,13731035.0,40,42,255,255,3609989045,1460711953,64,551,0,0,19.001019,17.807355,1421953022,1421953022,0.324,0.305976,0.000769,0.000613,0.000156,0,0,0.0,0.0,0,7,4,1,2,1,1,1,0
2,2,3,0,0,2,9e-06,114,0,254,0,0,0,0,50666664.0,0.0,2,0,0,0,0,0,57,0,0,0,0.0,0.0,1424237797,1424237797,0.009,0.0,0.0,0.0,0.0,0,2,,,2,36,36,17,16,16,16,36,1
3,5,14,0,0,2,3e-06,114,0,254,0,0,0,0,152000000.0,0.0,2,0,0,0,0,0,57,0,0,0,0.0,0.0,1424246020,1424246020,0.003,0.0,0.0,0.0,0.0,0,2,,,2,36,36,33,33,33,12,36,1
3,5,14,0,0,2,9e-06,114,0,254,0,0,0,0,50666664.0,0.0,2,0,0,0,0,0,57,0,0,0,0.0,0.0,1424247807,1424247807,0.009,0.0,0.0,0.0,0.0,0,2,,,2,41,41,22,17,17,17,41,1
9,8,15,6,3,2,5e-06,200,0,254,0,0,0,2,160000000.0,0.0,2,0,0,0,0,0,100,0,0,0,0.0,0.0,1424258883,1424258883,0.005,0.0,0.0,0.0,0.0,0,2,,,2,7,7,3,4,3,3,7,1
11,2248,10,4,1,1,1.083054,1684,10168,31,29,3,5,3,11552.51758,70940.14063,14,18,255,255,4201855536,2053408610,120,565,1,3924,8794.422305,7703.102229,1424261531,1424261532,83.286154,63.674882,0.000725,0.000576,0.000149,0,0,1.0,,2,1,1,5,2,1,1,1,0
1,2249,4,4,1,1,1.006905,1684,10168,31,29,3,5,3,12426.19727,76305.11719,14,18,255,255,239655004,240617799,120,565,1,3924,8769.545885,7682.260522,1421961610,1421961611,77.42469,59.176998,0.001039,0.000892,0.000147,0,0,1.0,0.0,0,1,1,1,3,1,1,1,0
10,2250,4,812,1,1,0.06291,2854,29648,31,29,7,17,2,355046.9063,3691750.25,46,48,255,255,2182214480,2252754597,62,618,0,0,0.0,80.751009,1421947311,1421947311,1.390422,1.326723,0.000726,0.00055,0.000176,0,0,0.0,0.0,0,2,6,2,2,1,1,1,0
8,2251,18,813,1,1,0.027833,2974,31328,31,29,7,18,2,837279.5,8824633.0,48,50,255,255,3837642392,3856586076,62,627,0,0,36.8407,37.056076,1421964000,1421964000,0.585319,0.556551,0.000711,0.000556,0.000155,0,0,0.0,0.0,0,6,8,6,2,1,1,1,0
3,2,14,0,0,2,6e-06,114,0,254,0,0,0,0,76000000.0,0.0,2,0,0,0,0,0,57,0,0,0,0.0,0.0,1424244778,1424244778,0.006,0.0,0.0,0.0,0.0,0,2,,,2,21,21,21,21,21,12,21,1
3,2,3,0,0,2,3e-06,114,0,254,0,0,0,0,152000000.0,0.0,2,0,0,0,0,0,57,0,0,0,0.0,0.0,1424233851,1424233851,0.003,0.0,0.0,0.0,0.0,0,2,,,2,38,38,22,23,22,22,38,1
3,2,3,0,0,2,5e-06,114,0,254,0,0,0,0,91200000.0,0.0,2,0,0,0,0,0,57,0,0,0,0.0,0.0,1424231740,1424231740,0.005,0.0,0.0,0.0,0.0,0,2,,,2,36,36,25,25,25,25,36,1
3,8,11,6,3,2,6e-06,200,0,254,0,0,0,2,133333328.0,0.0,2,0,0,0,0,0,100,0,0,0,0.0,0.0,1424230315,1424230315,0.006,0.0,0.0,0.0,0.0,0,2,,,2,3,3,2,2,2,2,3,1
3,5,3,0,0,2,9e-06,114,0,254,0,0,0,0,50666664.0,0.0,2,0,0,0,0,0,57,0,0,0,0.0,0.0,1424233676,1424233676,0.009,0.0,0.0,0.0,0.0,0,2,,,2,32,32,32,32,32,15,32,1
11,2252,18,814,1,1,0.016345,2646,24004,31,29,7,15,2,1264239.875,11481921.0,42,44,255,255,4174685410,4192249480,63,546,0,0,25.414101,25.493784,1424232425,1424232425,0.391024,0.366581,0.000725,0.000579,0.000146,0,0,,,2,3,4,2,3,1,1,1,0
11,827,0,8,1,1,0.472976,37310,3276,31,29,18,8,4,618940.5,54040.79688,52,40,255,255,2728578073,2729513609,718,82,0,0,826.815338,29.425975,1424228525,1424228525,9.45272,12.114641,0.000614,0.000502,0.000112,0,0,,,2,1,1,4,3,1,1,1,0
2,5,2,0,0,2,4e-06,114,0,254,0,0,0,0,114000000.0,0.0,2,0,0,0,0,0,57,0,0,0,0.0,0.0,1424254882,1424254882,0.004,0.0,0.0,0.0,0.0,0,2,,,2,18,18,18,19,18,18,18,1
3,2,14,0,0,2,9e-06,114,0,254,0,0,0,0,50666664.0,0.0,2,0,0,0,0,0,57,0,0,0,0.0,0.0,1424245741,1424245741,0.009,0.0,0.0,0.0,0.0,0,2,,,2,26,26,16,15,15,15,26,1
6,8,15,6,29,2,2e-06,200,0,254,0,0,0,2,400000000.0,0.0,2,0,0,0,0,0,100,0,0,0,0.0,0.0,1424251626,1424251626,0.002,0.0,0.0,0.0,0.0,0,2,,,2,5,5,2,2,2,2,5,1
2,5,2,0,0,2,3e-06,114,0,254,0,0,0,0,152000000.0,0.0,2,0,0,0,0,0,57,0,0,0,0.0,0.0,1424254098,1424254098,0.003,0.0,0.0,0.0,0.0,0,2,,,2,32,32,16,16,16,16,32,1
10,2253,18,815,1,1,0.047406,320,1894,31,29,1,2,5,45057.58984,279795.8125,6,8,255,255,1673759371,1692955941,53,237,0,0,656.923387,16.091505,1424227381,1424227381,9.4188,6.698143,0.000626,0.000515,0.000111,0,0,,,2,3,3,3,3,1,1,4,0
2,2,3,0,0,2,2e-06,114,0,254,0,0,0,0,228000000.0,0.0,2,0,0,0,0,0,57,0,0,0,0.0,0.0,1421933557,1421933557,0.002,0.0,0.0,0.0,0.0,0,2,0.0,0.0,0,6,6,2,2,2,2,2,1
3,2254,24,816,1,1,5.308906,89804,5394,254,252,41,21,2,133886.7188,7966.989746,94,50,255,255,1875596597,3651823118,955,108,0,0,3891.317505,160.071953,1424239261,1424239266,57.075159,107.735039,0.087921,0.029881,0.05804,0,1,,,2,2,1,1,3,1,1,1,1
11,2255,13,4,1,1,3.251708,19618,1087890,31,29,2,370,3,48134.70313,2672889.5,368,746,255,255,3887419991,3884241173,53,1458,1,524288,501.900106,323.788853,1421944798,1421944801,8.859272,4.363925,0.000725,0.00058,0.000145,0,0,1.0,0.0,0,3,1,2,7,2,1,1,0
3,5,14,0,0,2,9e-06,114,0,254,0,0,0,0,50666664.0,0.0,2,0,0,0,0,0,57,0,0,0,0.0,0.0,1424245330,1424245330,0.009,0.0,0.0,0.0,0.0,0,2,,,2,22,22,14,14,14,14,22,1
11,2256,0,10,0,0,0.004662,568,312,31,29,0,0,2,731016.6875,401544.4063,4,4,0,0,0,0,142,78,0,0,1.735007,1.475027,1421959189,1421959189,1.234333,1.048,0.0,0.0,0.0,0,0,0.0,0.0,0,3,8,5,3,1,1,3,0
6,5,6,0,0,2,7e-06,114,0,254,0,0,0,0,65142856.0,0.0,2,0,0,0,0,0,57,0,0,0,0.0,0.0,1424260781,1424260781,0.007,0.0,0.0,0.0,0.0,0,2,,,2,28,28,28,28,28,14,28,1
4,2257,1,817,1,1,0.582335,320,1864,31,29,1,2,5,3667.991943,22406.34766,6,8,255,255,3173221780,2361290427,53,233,0,0,8221.064783,203.286438,1421950994,1421950995,116.4012,83.120141,0.000615,0.000493,0.000122,0,0,0.0,0.0,0,2,4,5,5,1,1,2,0
17,2258,0,818,1,1,0.012982,2438,20718,31,29,7,13,2,1462948.75,12448621.0,38,40,255,255,65346025,2211039200,64,518,0,0,21.250032,20.680154,1421934949,1421934949,0.34227,0.317564,0.000722,0.000586,0.000136,0,0,0.0,0.0,0,8,4,6,3,1,1,2,0
14,2259,12,18,1,1,0.666629,7816,14758,31,29,30,32,2,93029.25,175701.9219,122,126,255,255,683905833,684954810,64,117,0,0,399.853414,398.71004,1421971844,1421971845,5.506496,5.328584,0.000717,0.000552,0.000165,0,0,0.0,0.0,0,2,5,2,1,1,1,1,0
9,8,15,6,3,2,3e-06,200,0,254,0,0,0,2,266666656.0,0.0,2,0,0,0,0,0,100,0,0,0,0.0,0.0,1424258882,1424258882,0.003,0.0,0.0,0.0,0.0,0,2,,,2,7,7,3,4,3,3,7,1
11,2260,13,819,1,1,0.094228,3806,50996,31,29,7,26,2,318122.0,4264040.5,64,66,255,255,4105603043,2004159475,59,773,0,0,115.803081,114.272859,1424249219,1424249219,1.49027,1.441615,0.000643,0.000519,0.000124,0,0,,,2,3,4,1,2,1,1,2,0
0,2261,18,820,1,1,0.325374,8928,320,31,29,4,1,5,203851.5625,6564.75293,14,6,255,255,325822937,2800010828,638,53,0,0,2009.06584,79.956539,1421938336,1421938336,25.02877,64.945602,0.000641,0.000509,0.000132,0,0,0.0,0.0,0,6,3,3,2,1,1,2,0
0,2262,18,821,1,1,0.029707,3598,49642,31,29,7,24,2,953041.375,13152994.0,60,62,255,255,2563735163,423390769,60,801,0,0,0.0,25.694632,1421942720,1421942720,0.480678,0.479295,0.000629,0.000466,0.000163,0,0,0.0,0.0,0,9,8,2,3,1,1,1,0
2,5,2,0,0,2,5e-06,114,0,254,0,0,0,0,91200000.0,0.0,2,0,0,0,0,0,57,0,0,0,0.0,0.0,1424255191,1424255191,0.005,0.0,0.0,0.0,0.0,0,2,,,2,34,34,18,19,18,18,34,1
2,5,3,0,0,2,9e-06,114,0,254,0,0,0,0,50666664.0,0.0,2,0,0,0,0,0,57,0,0,0,0.0,0.0,1424239096,1424239096,0.009,0.0,0.0,0.0,0.0,0,2,,,2,46,46,11,11,11,11,46,1
6,5,6,0,0,2,1e-06,114,0,254,0,0,0,0,456000000.0,0.0,2,0,0,0,0,0,57,0,0,0,0.0,0.0,1424258862,1424258862,0.001,0.0,0.0,0.0,0.0,0,2,,,2,26,26,9,9,9,9,26,1
2,2,3,0,0,2,7e-06,114,0,254,0,0,0,0,65142856.0,0.0,2,0,0,0,0,0,57,0,0,0,0.0,0.0,1424239038,1424239038,0.007,0.0,0.0,0.0,0.0,0,2,,,2,43,43,21,21,21,14,43,1
8,2263,12,9,1,1,0.008055,2054,2478,31,29,6,6,2,1947610.25,2358783.5,22,24,255,255,1848619311,3994272753,93,103,0,0,0.0,16.219273,1421946065,1421946065,0.366714,0.298913,0.001314,0.001176,0.000138,0,0,0.0,0.0,0,11,10,6,4,1,1,1,0
0,2264,13,4,1,1,3.168658,19306,1087890,31,29,2,370,3,48608.58984,2742945.5,362,746,255,255,3271981688,3273644523,53,1458,1,524288,510.866008,328.64068,1421936318,1421936321,8.776556,4.252494,0.000697,0.000545,0.000152,0,0,1.0,0.0,0,2,2,1,1,1,1,1,0
4,2265,4,0,0,0,0.001095,132,164,31,29,0,0,0,482191.8125,599086.8125,2,2,0,0,0,0,66,82,0,0,0.0,0.0,1421928281,1421928281,0.011,0.009,0.0,0.0,0.0,0,0,0.0,0.0,0,3,1,1,8,2,1,1,0
2,8,6,6,45,2,1e-06,200,0,254,0,0,0,2,800000000.0,0.0,2,0,0,0,0,0,100,0,0,0,0.0,0.0,1424237287,1424237287,0.001,0.0,0.0,0.0,0.0,0,2,,,2,5,5,1,2,1,1,5,1
1,2266,19,18,1,1,0.834792,7806,16008,31,29,30,32,2,74202.91406,152191.2031,122,126,255,255,1184670307,3331101020,64,127,0,0,456.206594,452.405782,1424226486,1424226487,6.896314,6.673968,0.000684,0.000542,0.000142,0,0,,,2,14,6,3,7,1,1,6,0
2,8,15,6,28,2,7e-06,200,0,254,0,0,0,2,114285712.0,0.0,2,0,0,0,0,0,100,0,0,0,0.0,0.0,1424244402,1424244402,0.007,0.0,0.0,0.0,0.0,0,2,,,2,5,5,5,5,4,4,8,1
2,2,2,0,0,2,5e-06,114,0,254,0,0,0,0,91200000.0,0.0,2,0,0,0,0,0,57,0,0,0,0.0,0.0,1424252352,1424252352,0.005,0.0,0.0,0.0,0.0,0,2,,,2,15,15,15,16,15,15,15,1
8,1769,13,822,1,1,0.056911,3302,35400,31,29,7,21,2,455588.5625,4887350.5,54,56,255,255,107773395,114098278,61,632,0,0,0.0,68.450644,1421936574,1421936574,1.067585,1.025236,0.000641,0.000519,0.000122,0,0,0.0,0.0,0,12,5,1,2,1,1,1,0
2,5,3,0,0,2,3e-06,114,0,254,0,0,0,0,152000000.0,0.0,2,0,0,0,0,0,57,0,0,0,0.0,0.0,1424239245,1424239245,0.003,0.0,0.0,0.0,0.0,0,2,,,2,36,36,20,21,20,20,36,1
2,5,3,0,0,2,9e-06,114,0,254,0,0,0,0,50666664.0,0.0,2,0,0,0,0,0,57,0,0,0,0.0,0.0,1424239196,1424239196,0.009,0.0,0.0,0.0,0.0,0,2,,,2,51,51,44,44,44,20,51,1
3,2267,11,4,1,1,0.718616,810,1210,62,252,2,2,3,8115.600098,11789.32813,10,8,255,255,2630932423,426817859,81,151,1,200,4151.947482,161.603109,1424223709,1424223710,79.846222,89.360711,0.132238,0.09234,0.039898,0,1,1.0,,2,1,1,1,1,1,1,1,1
6,5,9,0,0,2,8e-06,114,0,254,0,0,0,0,57000000.0,0.0,2,0,0,0,0,0,57,0,0,0,0.0,0.0,1424223705,1424223705,0.008,0.0,0.0,0.0,0.0,0,2,,,2,18,18,8,7,7,7,18,1
12,2268,12,823,0,0,0.001644,528,304,31,29,0,0,2,1927007.375,1109489.125,4,4,0,0,0,0,132,76,0,0,0.599155,0.287096,1424239020,1424239020,0.427667,0.208,0.0,0.0,0.0,0,0,,,2,4,3,2,4,1,1,2,0
1,2269,19,824,1,1,0.285025,3926,57982,31,29,7,27,2,108537.8438,1603508.5,66,68,255,255,1167634701,1301176492,59,853,0,0,265.077865,260.925935,1421934357,1421934357,4.377815,4.246925,0.000601,0.000476,0.000125,0,0,0.0,0.0,0,10,11,2,4,1,1,1,0
11,2270,13,825,1,1,0.376998,4976,3080,31,29,7,7,2,101836.0859,63193.96875,28,30,255,255,1230017252,1233254790,178,103,0,0,819.5657,21.195893,1421962238,1421962239,13.950297,12.981379,0.000678,0.000531,0.000147,0,0,0.0,0.0,0,8,7,3,3,1,1,2,0
2,5,3,0,0,2,3e-06,114,0,254,0,0,0,0,152000000.0,0.0,2,0,0,0,0,0,57,0,0,0,0.0,0.0,1424237468,1424237468,0.003,0.0,0.0,0.0,0.0,0,2,,,2,44,44,20,20,20,20,44,1
12,2271,1,561,1,1,0.046387,320,1828,31,29,1,2,5,46047.38672,275939.375,6,8,255,255,2610421158,2629044621,53,229,0,0,641.31112,15.701784,1421935973,1421935973,9.209,6.550143,0.000686,0.000532,0.000154,0,0,0.0,0.0,0,5,3,9,3,1,1,3,0
0,2272,10,4,1,1,1.012149,1684,10168,31,29,3,5,3,12361.81641,75909.77344,14,18,255,255,538391670,2684764750,120,565,1,3924,8770.033678,7683.413572,1421945465,1421945466,77.826308,59.507532,0.000716,0.000517,0.000199,0,0,6.0,0.0,0,1,1,12,9,6,6,6,0
2,8,9,6,47,2,4e-06,200,0,254,0,0,0,2,72727272.0,0.0,2,0,0,0,0,0,100,0,0,0,0.0,0.0,1421930707,1421930707,0.011,0.0,0.0,0.0,0.0,0,2,0.0,0.0,0,14,14,4,8,4,4,4,1
8,2273,13,826,1,1,0.005968,424,8824,31,29,1,4,5,497319.0625,10843164.0,8,12,255,255,3148369487,1005548109,53,735,0,0,55.01638,30.440998,1424225197,1424225197,0.808,0.502091,0.000564,0.000443,0.000121,0,0,,,2,4,3,8,8,1,1,5,0
2,2,3,0,0,2,3e-06,114,0,254,0,0,0,0,152000000.0,0.0,2,0,0,0,0,0,57,0,0,0,0.0,0.0,1424239354,1424239354,0.003,0.0,0.0,0.0,0.0,0,2,,,2,38,38,23,23,23,23,38,1
2,5,2,0,0,2,9e-06,114,0,254,0,0,0,0,50666664.0,0.0,2,0,0,0,0,0,57,0,0,0,0.0,0.0,1424251888,1424251888,0.009,0.0,0.0,0.0,0.0,0,2,,,2,44,44,34,34,34,18,44,1
11,2274,12,9,1,0,0.832675,1814,844,31,29,5,4,2,16467.41016,7532.350586,18,14,255,255,29227429,2179110215,101,60,0,0,3981.679789,129.224398,1421951667,1421951668,48.942822,64.00477,0.000757,0.000603,0.000154,0,0,0.0,0.0,0,9,8,6,4,1,1,4,0
2,2,3,0,0,2,9e-06,114,0,254,0,0,0,0,50666664.0,0.0,2,0,0,0,0,0,57,0,0,0,0.0,0.0,1424238916,1424238916,0.009,0.0,0.0,0.0,0.0,0,2,,,2,39,39,12,12,12,12,39,1
2,2,3,0,0,2,4e-06,114,0,254,0,0,0,0,114000000.0,0.0,2,0,0,0,0,0,57,0,0,0,0.0,0.0,1424240435,1424240435,0.004,0.0,0.0,0.0,0.0,0,2,,,2,33,34,18,18,17,17,33,1
2,5,2,0,0,2,1e-06,114,0,254,0,0,0,0,456000000.0,0.0,2,0,0,0,0,0,57,0,0,0,0.0,0.0,1424254222,1424254222,0.001,0.0,0.0,0.0,0.0,0,2,,,2,12,12,12,13,12,12,12,1
13,2275,10,7,1,1,0.057647,1540,1644,31,29,4,4,2,200392.0313,215518.5781,16,18,255,255,2753474116,643128535,96,91,0,0,306.876172,9.177037,1421960172,1421960172,3.820933,3.363235,0.00061,0.000468,0.000142,0,0,0.0,0.0,0,10,12,10,8,3,1,4,0
3,2,14,0,0,2,9e-06,114,0,254,0,0,0,0,50666664.0,0.0,2,0,0,0,0,0,57,0,0,0,0.0,0.0,1424245996,1424245996,0.009,0.0,0.0,0.0,0.0,0,2,,,2,45,45,36,37,36,21,45,1
14,2276,20,4,1,1,1.005666,1580,10168,31,29,3,5,3,11526.68945,76399.125,12,18,255,255,4105418910,4102202221,132,565,1,3924,9529.735115,7674.087577,1424252461,1424252462,91.393362,59.12806,0.000605,0.000486,0.000119,0,0,1.0,,2,1,1,3,3,1,1,4,0
17,2277,4,0,0,0,0.001016,146,178,31,29,0,0,0,574803.125,700787.375,2,2,0,0,0,0,73,89,0,0,0.0,0.0,1424229604,1424229604,0.001,0.005,0.0,0.0,0.0,0,0,,,2,8,2,4,14,4,1,2,0
17,2278,13,827,1,1,0.004178,8928,320,31,29,4,1,5,15875538.0,511249.375,14,6,255,255,1869879516,1880119798,638,53,0,0,16.386764,1.136532,1424247873,1424247873,0.321385,0.718,0.000564,0.000451,0.000113,0,0,,,2,3,3,4,6,1,1,4,0
12,2279,19,0,0,0,0.001115,146,178,31,29,0,0,0,523766.8125,638565.0,2,2,0,0,0,0,73,89,0,0,0.0,0.0,1424245207,1424245207,0.001,0.002,0.0,0.0,0.0,0,0,,,2,2,2,6,5,1,1,1,0
2,2,3,0,0,2,8e-06,114,0,254,0,0,0,0,57000000.0,0.0,2,0,0,0,0,0,57,0,0,0,0.0,0.0,1424239011,1424239011,0.008,0.0,0.0,0.0,0.0,0,2,,,2,33,33,30,30,30,13,33,1
2,5,3,0,0,2,5e-06,114,0,254,0,0,0,0,91200000.0,0.0,2,0,0,0,0,0,57,0,0,0,0.0,0.0,1424238773,1424238773,0.005,0.0,0.0,0.0,0.0,0,2,,,2,44,44,21,20,20,20,44,1
2,2,2,0,0,2,9e-06,114,0,254,0,0,0,0,50666664.0,0.0,2,0,0,0,0,0,57,0,0,0,0.0,0.0,1424251798,1424251798,0.009,0.0,0.0,0.0,0.0,0,2,,,2,39,39,13,13,13,13,39,1
15,2,5,0,0,2,1e-06,264,0,60,0,0,0,0,1056000000.0,0.0,2,0,0,0,0,0,132,0,0,0,0.0,0.0,1424252800,1424252800,0.001,0.0,0.0,0.0,0.0,0,0,,,2,27,27,23,23,23,23,27,0
0,2280,19,828,1,1,0.313782,4264,2976,31,29,7,7,2,104837.1172,73171.82031,28,28,255,255,3364037919,3371185066,152,106,0,0,673.642536,17.654529,1424233376,1424233376,11.609889,11.601223,0.000686,0.000545,0.000141,0,0,,,2,6,4,4,7,1,1,4,0
6,2281,6,10,0,2,3e-06,168,0,254,0,0,0,2,224000000.0,0.0,2,0,0,0,0,0,84,0,0,0,0.0,0.0,1424250795,1424250795,0.003,0.0,0.0,0.0,0.0,0,2,,,2,4,1,1,2,1,1,3,1
3,5,3,0,0,2,8e-06,114,0,254,0,0,0,0,57000000.0,0.0,2,0,0,0,0,0,57,0,0,0,0.0,0.0,1424232961,1424232961,0.008,0.0,0.0,0.0,0.0,0,2,,,2,9,9,9,9,9,9,9,1
10,2282,19,0,0,0,0.00087,130,162,31,29,0,0,0,597701.1875,744827.625,2,2,0,0,0,0,65,81,0,0,0.0,0.0,1424255731,1424255731,0.003,0.001,0.0,0.0,0.0,0,0,,,2,4,2,3,3,1,1,4,0
6,8,17,6,85,2,8e-06,200,0,254,0,0,0,2,100000000.0,0.0,2,0,0,0,0,0,100,0,0,0,0.0,0.0,1424223206,1424223206,0.008,0.0,0.0,0.0,0.0,0,2,,,2,6,6,2,2,2,2,7,1
3,2,3,0,0,2,3e-06,114,0,254,0,0,0,0,152000000.0,0.0,2,0,0,0,0,0,57,0,0,0,0.0,0.0,1424231827,1424231827,0.003,0.0,0.0,0.0,0.0,0,2,,,2,41,41,41,42,41,23,41,1
6,2283,9,12,0,2,4e-06,104,0,254,0,0,0,2,104000000.0,0.0,2,0,0,0,0,0,52,0,0,0,0.0,0.0,1424249792,1424249792,0.004,0.0,0.0,0.0,0.0,0,2,,,2,13,3,1,6,2,1,4,1
8,2284,20,829,1,1,0.048805,2542,22072,31,29,7,14,2,406351.8125,3531933.25,40,42,255,255,1362985861,1407273664,64,526,0,0,78.079459,76.331171,1424259497,1424259497,1.243359,1.177561,0.000651,0.00052,0.000131,0,0,,,2,3,5,3,3,1,1,2,0
7,2,7,0,0,2,8e-06,264,0,60,0,0,0,0,132000000.0,0.0,2,0,0,0,0,0,132,0,0,0,0.0,0.0,1424246526,1424246526,0.008,0.0,0.0,0.0,0.0,0,0,,,2,41,41,23,23,23,23,41,0
4,2285,4,830,1,1,0.020463,2438,20576,31,29,7,13,2,928114.1875,7843229.5,38,40,255,255,1554572805,3731076412,64,514,0,0,38.134105,35.173844,1424244522,1424244522,0.559889,0.511385,0.000675,0.000517,0.000158,0,0,,,2,4,3,2,1,1,1,1,0
4,2286,12,0,0,0,0.000949,146,178,31,29,0,0,0,615384.625,750263.4375,2,2,0,0,0,0,73,89,0,0,0.0,0.0,1421942583,1421942583,0.011,0.005,0.0,0.0,0.0,0,0,0.0,0.0,0,2,2,3,5,1,1,1,0
7,5,7,0,0,2,7e-06,264,0,60,0,0,0,0,150857136.0,0.0,2,0,0,0,0,0,132,0,0,0,0.0,0.0,1424246401,1424246401,0.007,0.0,0.0,0.0,0.0,0,0,,,2,23,23,22,22,22,22,23,0
2,5,3,0,0,2,1e-05,114,0,254,0,0,0,0,45600000.0,0.0,2,0,0,0,0,0,57,0,0,0,0.0,0.0,1424238148,1424238148,0.01,0.0,0.0,0.0,0.0,0,2,,,2,34,34,10,10,10,10,34,1
3,2287,9,4,1,1,0.465028,3256,268,254,252,2,1,3,50422.77344,3853.531494,10,6,255,255,15855689,2688935021,326,45,0,0,2549.564967,122.641297,1424233039,1424233040,47.860889,76.798602,0.133568,0.081034,0.052534,0,1,,,2,3,1,1,2,1,1,1,1
4,2288,12,831,1,1,0.00471,4136,2456,31,29,7,7,2,6636093.5,3940552.0,18,18,255,255,3502689289,1360477071,230,136,0,0,12.77906,0.322441,1424219947,1424219947,0.257882,0.247941,0.000625,0.000492,0.000133,0,0,,,2,5,11,10,6,1,1,5,0
17,2289,4,1,1,1,5.462811,2934,3738,31,29,11,15,1,4214.680176,5373.058105,52,54,255,255,1651004930,1717948547,56,69,0,0,7099.139017,233.825422,1421944945,1421944950,107.107807,103.061664,0.000695,0.000539,0.000156,0,0,0.0,1.0,1,11,8,8,8,8,8,8,0
3,2,14,0,0,2,9e-06,114,0,254,0,0,0,0,50666664.0,0.0,2,0,0,0,0,0,57,0,0,0,0.0,0.0,1424248215,1424248215,0.009,0.0,0.0,0.0,0.0,0,2,,,2,44,44,28,28,28,15,44,1
17,891,19,10,0,0,0.00461,568,312,31,29,0,0,2,739262.4375,406073.75,4,4,0,0,0,0,142,78,0,0,1.71285,1.480211,1421945180,1421945180,1.217667,1.052667,0.0,0.0,0.0,0,0,0.0,0.0,0,7,12,7,4,1,1,3,0
0,2290,8,553,1,1,0.046415,320,1900,31,29,1,2,5,46019.60547,286631.4688,6,8,255,255,3955904657,3971573166,53,238,0,0,639.177812,15.655903,1421945385,1421945385,9.2152,6.534714,0.00087,0.000668,0.000202,0,0,0.0,0.0,0,2,2,8,8,4,4,8,0
4,2291,0,0,0,0,0.001155,146,178,31,29,0,0,0,505627.7188,616450.25,2,2,0,0,0,0,73,89,0,0,0.0,0.0,1421953433,1421953433,0.012,0.002,0.0,0.0,0.0,0,0,0.0,0.0,0,4,2,1,3,2,1,1,0
2,2,3,0,0,2,2e-06,114,0,254,0,0,0,0,228000000.0,0.0,2,0,0,0,0,0,57,0,0,0,0.0,0.0,1424237987,1424237987,0.002,0.0,0.0,0.0,0.0,0,2,,,2,33,33,24,24,24,24,33,1
8,2292,0,7,1,1,0.018947,1540,1644,31,29,4,4,2,609700.75,655723.875,16,18,255,255,3034627165,890717629,96,91,0,0,76.65276,2.065773,1424220000,1424220000,1.241933,1.087412,0.000571,0.000456,0.000115,0,0,,,2,10,14,12,9,6,1,8,0
17,2293,10,832,1,1,0.046388,320,1938,31,29,1,2,5,46046.39063,292489.4375,6,8,255,255,3710159742,1572608668,53,242,0,0,642.208002,15.703615,1424233251,1424233251,9.2152,6.551286,0.000646,0.000519,0.000127,0,0,,,2,3,3,3,3,1,1,4,0
2,2,3,0,0,2,3e-06,114,0,254,0,0,0,0,152000000.0,0.0,2,0,0,0,0,0,57,0,0,0,0.0,0.0,1424238647,1424238647,0.003,0.0,0.0,0.0,0.0,0,2,,,2,39,39,19,20,19,19,39,1
1,2294,1,495,1,1,0.456097,8928,320,31,29,4,1,5,145425.2031,4683.214355,14,6,255,255,3184745614,1582542634,638,53,0,0,3360.358531,145.469344,1421950603,1421950604,35.084386,91.080797,0.000711,0.000549,0.000162,0,0,0.0,0.0,0,2,1,4,3,1,1,2,0
12,922,0,4,1,1,1.005162,1580,10168,31,29,3,5,3,11532.46973,76437.42969,12,18,255,255,792399425,793402851,132,565,1,3924,9528.95151,7676.638318,1421961117,1421961118,91.335364,59.09312,0.000727,0.000575,0.000152,0,0,1.0,0.0,0,3,1,2,1,1,1,1,0
10,2295,8,833,0,0,0.001531,520,304,31,29,0,0,2,2037883.75,1191378.125,4,4,0,0,0,0,130,76,0,0,0.543765,0.254088,1424251855,1424251855,0.388,0.182667,0.0,0.0,0.0,0,0,,,2,3,1,1,1,1,1,1,0
11,2296,1,10,0,0,0.005564,568,320,31,29,0,0,2,612509.0,345075.5,4,4,0,0,0,0,142,80,0,0,2.119708,1.919561,1421950273,1421950273,1.518333,1.363333,0.0,0.0,0.0,0,0,0.0,0.0,0,9,9,5,4,1,1,4,0
8,2297,19,0,0,0,0.001124,146,178,31,29,0,0,0,519572.9688,633452.0,2,2,0,0,0,0,73,89,0,0,0.0,0.0,1421949624,1421949624,0.011,0.009,0.0,0.0,0.0,0,0,0.0,0.0,0,5,3,2,5,2,1,2,0
12,2298,20,834,1,1,0.009937,2334,16364,31,29,7,12,2,1827513.25,12828016.0,36,38,255,255,1239097010,3384803696,65,431,0,0,16.48377,16.183521,1421942338,1421942338,0.274771,0.259139,0.00074,0.000597,0.000143,0,0,0.0,0.0,0,9,7,3,3,1,1,2,0
3,2299,16,541,1,1,0.638023,588,268,254,252,2,1,2,6645.52832,2808.676025,10,6,255,255,1959192929,1860289281,59,45,0,0,3527.376522,180.776453,1424237442,1424237443,66.162222,113.467398,0.115059,0.070678,0.044381,0,1,,,2,2,5,2,1,1,1,2,1
6,789,17,26,1,1,0.47146,622,268,254,252,2,1,2,9502.396484,3800.958496,10,6,255,255,3309549060,3250389483,62,45,0,0,2581.196373,104.704688,1424220273,1424220273,50.489222,73.926,0.156627,0.101824,0.054803,0,1,,,2,6,7,1,2,1,1,6,1
3,5,3,0,0,2,9e-06,114,0,254,0,0,0,0,50666664.0,0.0,2,0,0,0,0,0,57,0,0,0,0.0,0.0,1424233678,1424233678,0.009,0.0,0.0,0.0,0.0,0,2,,,2,43,43,43,43,43,18,43,1
10,2300,10,46,1,1,0.347569,8928,320,31,29,4,1,5,190834.0625,6145.54248,14,6,255,255,1897435337,2254120944,638,53,0,0,2348.309598,99.147828,1421961127,1421961127,26.736078,69.341797,0.000696,0.000513,0.000183,0,0,0.0,0.0,0,3,3,4,7,1,1,3,0
8,2301,18,835,1,1,0.010302,2230,13358,31,29,7,11,2,1681227.0,10085032.0,34,36,255,255,3607095420,1457825618,66,371,0,0,22.64331,20.102129,1421948012,1421948012,0.301,0.284882,0.000744,0.000606,0.000138,0,0,0.0,0.0,0,9,10,1,6,1,1,1,0
6,2,6,0,0,2,8e-06,114,0,254,0,0,0,0,57000000.0,0.0,2,0,0,0,0,0,57,0,0,0,0.0,0.0,1424260298,1424260298,0.008,0.0,0.0,0.0,0.0,0,2,,,2,16,16,14,15,14,14,16,1
8,651,19,4,1,1,1.155982,1580,10168,31,29,3,5,3,10027.83789,66464.70313,12,18,255,255,1770817356,3921427086,132,565,1,3924,10263.82089,8263.224527,1424246437,1424246438,105.057906,67.965234,0.000717,0.000569,0.000148,0,0,1.0,,2,1,2,2,5,1,1,3,0
2,2,3,0,0,2,7e-06,114,0,254,0,0,0,0,65142856.0,0.0,2,0,0,0,0,0,57,0,0,0,0.0,0.0,1424239895,1424239895,0.007,0.0,0.0,0.0,0.0,0,2,,,2,38,38,24,24,24,24,38,1
0,2302,4,836,1,1,0.358965,4720,3080,31,29,7,7,2,101447.2109,66368.58594,28,30,255,255,2407036762,2410359521,169,103,0,0,768.845486,19.75315,1424247340,1424247340,13.28274,12.362655,0.000563,0.000446,0.000117,0,0,,,2,2,3,3,2,1,1,2,0
2,2,2,0,0,2,7e-06,114,0,254,0,0,0,0,65142856.0,0.0,2,0,0,0,0,0,57,0,0,0,0.0,0.0,1424253061,1424253061,0.007,0.0,0.0,0.0,0.0,0,2,,,2,21,21,3,3,3,3,21,1
8,2303,20,7,1,1,2.981832,1540,1644,31,29,4,4,2,3874.128418,4166.565918,16,18,255,255,898431829,427963717,96,91,0,0,19408.07742,433.336187,1421927444,1421927447,198.765666,173.219125,0.037971,0.037106,0.000865,0,0,0.0,0.0,0,13,12,7,4,4,1,1,0
17,2304,19,837,1,1,0.004896,3768,2456,31,29,7,7,2,5815359.5,3790849.75,18,18,255,255,2364513475,218278632,209,136,0,0,13.257283,0.33946,1421956199,1421956199,0.269706,0.255824,0.00069,0.000542,0.000148,0,0,0.0,0.0,0,4,9,7,5,1,1,3,0
17,2305,10,9,1,1,0.019306,1064,2364,31,29,4,4,2,404433.8438,909976.1875,12,14,255,255,2010777117,4160681446,89,169,0,0,148.013809,3.752831,1421955840,1421955840,1.722727,1.437077,0.000741,0.000614,0.000127,0,0,0.0,0.0,0,7,16,3,4,2,1,1,0
2,5,3,0,0,2,5e-06,114,0,254,0,0,0,0,91200000.0,0.0,2,0,0,0,0,0,57,0,0,0,0.0,0.0,1424240106,1424240106,0.005,0.0,0.0,0.0,0.0,0,2,,,2,42,42,20,20,20,20,42,1
2,2,3,0,0,2,9e-06,114,0,254,0,0,0,0,50666664.0,0.0,2,0,0,0,0,0,57,0,0,0,0.0,0.0,1424239111,1424239111,0.009,0.0,0.0,0.0,0.0,0,2,,,2,43,43,43,43,43,24,43,1
3,2,14,0,0,2,1e-06,114,0,254,0,0,0,0,456000000.0,0.0,2,0,0,0,0,0,57,0,0,0,0.0,0.0,1424245677,1424245677,0.001,0.0,0.0,0.0,0.0,0,2,,,2,19,19,14,14,14,14,19,1
11,2306,20,838,1,1,0.118069,4550,67844,31,29,7,33,2,304364.4063,4539447.5,78,80,255,255,1220307373,3370209677,58,848,0,0,86.224972,84.619296,1421961755,1421961755,1.529299,1.486279,0.000782,0.000642,0.00014,0,0,0.0,0.0,0,4,7,4,6,1,1,1,0
0,2307,0,694,1,1,0.010926,8928,320,31,29,4,1,5,6070657.0,195496.9844,14,6,255,255,1513679692,3681493577,638,53,0,0,52.173011,3.803592,1421952643,1421952643,0.840462,2.0626,0.000619,0.000485,0.000134,0,0,0.0,0.0,0,3,3,7,9,1,1,5,0
11,2308,12,839,1,1,0.021971,3598,45458,31,29,7,24,2,1288607.75,16285103.0,60,62,255,255,1950337913,4100208288,60,733,0,0,19.984291,19.018232,1424240861,1424240861,0.373397,0.361508,0.0008,0.000637,0.000163,0,0,,,2,9,3,1,6,1,1,1,0
10,2309,19,840,1,1,0.048865,2542,22432,31,29,7,14,2,405852.8438,3585060.75,40,42,255,255,393193937,2588138745,64,534,0,0,0.0,72.166195,1421944874,1421944874,1.244282,1.178073,0.000911,0.000561,0.00035,0,0,0.0,0.0,0,21,9,9,18,3,3,6,0
6,2310,16,1,1,1,3.385422,1288,1658,62,252,7,9,1,2918.395508,3740.744873,24,22,255,255,1880485504,397668245,54,75,0,0,8134.232985,9926.199864,1424223339,1424223342,147.192266,156.868661,0.188618,0.090607,0.098011,0,1,,1.0,3,1,1,2,2,1,1,2,1
2,5,3,0,0,2,9e-06,114,0,254,0,0,0,0,50666664.0,0.0,2,0,0,0,0,0,57,0,0,0,0.0,0.0,1424239201,1424239201,0.009,0.0,0.0,0.0,0.0,0,2,,,2,39,39,33,33,33,15,39,1
6,2,6,0,0,2,4e-06,114,0,254,0,0,0,0,114000000.0,0.0,2,0,0,0,0,0,57,0,0,0,0.0,0.0,1424261130,1424261130,0.004,0.0,0.0,0.0,0.0,0,2,,,2,29,29,15,14,13,13,30,1
1,2311,19,841,1,1,0.02897,2766,28892,31,29,7,16,2,746703.5,7805040.0,44,46,255,255,4114872078,4115182837,63,628,0,0,49.113714,46.935433,1421941330,1421941330,0.666419,0.631333,0.000674,0.000552,0.000122,0,0,0.0,0.0,0,11,8,2,6,1,1,1,0
4,2312,1,842,1,1,0.008152,8928,320,31,29,4,1,5,8136408.5,262021.5938,14,6,255,255,626116757,640054209,638,53,0,0,34.48574,2.668322,1421957552,1421957552,0.627077,1.4916,0.000612,0.00051,0.000102,0,0,0.0,0.0,0,3,6,9,8,1,1,7,0
2,2313,24,4,1,1,1.539415,118098,784,254,252,45,1,3,607337.1875,3850.813477,96,18,255,255,1728066791,1931846087,1230,44,1,0,1767.72425,127.757812,1424234856,1424234858,15.861558,82.447531,0.277245,0.137802,0.139443,0,1,1.0,,2,1,1,2,3,1,1,1,1
2,5,3,0,0,2,2e-06,114,0,254,0,0,0,0,228000000.0,0.0,2,0,0,0,0,0,57,0,0,0,0.0,0.0,1424237816,1424237816,0.002,0.0,0.0,0.0,0.0,0,2,,,2,27,27,20,21,20,20,27,1
4,2314,1,4,1,1,1.006088,1580,10168,31,29,3,5,3,11521.85449,76367.07813,12,18,255,255,2238417294,89829429,132,565,1,3924,9530.073867,7674.272818,1424249831,1424249832,91.431089,59.150468,0.000661,0.000527,0.000134,0,0,1.0,,2,3,1,5,2,1,1,1,0
9,2315,6,33,1,1,2.141633,3026,792,254,252,3,2,2,10362.18652,2663.388184,12,10,255,255,3739081673,2441385231,252,79,0,0,13126.89504,314.952719,1424220469,1424220471,194.638273,222.069437,0.277098,0.143007,0.134091,0,1,,,2,2,3,1,1,1,1,2,1
4,2316,12,843,1,1,0.04661,4014,61374,31,29,7,28,2,678824.25,10383694.0,68,70,255,255,1530651042,3690937004,59,877,0,0,44.677368,44.414871,1424245853,1424245853,0.690731,0.668507,0.000598,0.000479,0.000119,0,0,,,2,4,5,3,2,1,1,1,0
4,2317,8,0,0,0,0.001057,146,178,31,29,0,0,0,552507.0625,673604.5,2,2,0,0,0,0,73,89,0,0,0.0,0.0,1421944204,1421944204,0.01,0.009,0.0,0.0,0.0,0,0,0.0,0.0,0,1,1,3,1,1,1,1,0
10,2318,10,844,1,1,0.03932,3390,41228,31,29,7,22,2,677517.8125,8243743.5,56,58,255,255,824796987,2970453144,61,711,0,0,40.232359,40.241805,1424245118,1424245118,0.708127,0.692786,0.000931,0.000517,0.000414,0,0,,,2,9,5,1,9,1,1,4,0
3,5,3,0,0,2,8e-06,114,0,254,0,0,0,0,57000000.0,0.0,2,0,0,0,0,0,57,0,0,0,0.0,0.0,1424232346,1424232346,0.008,0.0,0.0,0.0,0.0,0,2,,,2,14,14,14,14,14,14,15,1
2,2319,17,8,1,1,1.580159,4555,1750,62,252,9,8,4,22104.10547,8419.40625,24,20,255,255,847621692,2710576871,190,88,0,0,3503.439491,95.719336,1424222914,1424222915,68.702565,79.206734,0.134415,0.056942,0.077473,0,1,,,2,1,1,1,1,1,1,1,1
2,2,3,0,0,2,9e-06,114,0,254,0,0,0,0,50666664.0,0.0,2,0,0,0,0,0,57,0,0,0,0.0,0.0,1424239219,1424239219,0.009,0.0,0.0,0.0,0.0,0,2,,,2,35,35,17,16,16,16,35,1
6,2,6,0,0,2,9e-06,114,0,254,0,0,0,0,50666664.0,0.0,2,0,0,0,0,0,57,0,0,0,0.0,0.0,1424261322,1424261322,0.009,0.0,0.0,0.0,0.0,0,2,,,2,25,25,18,17,17,17,25,1
0,2320,18,845,0,0,0.036172,536,304,31,29,0,0,2,88908.55469,50425.74609,4,4,0,0,0,0,134,76,0,0,9.441997,11.317951,1421963977,1421963977,6.685,8.009,0.0,0.0,0.0,0,0,0.0,0.0,0,6,7,3,4,1,1,2,0
10,2321,8,10,0,0,0.005065,568,312,31,29,0,0,2,672852.875,369595.25,4,4,0,0,0,0,142,78,0,0,1.890333,1.614797,1424251020,1424251020,1.343667,1.147333,0.0,0.0,0.0,0,0,,,2,8,19,13,5,1,1,5,0
2,5,3,0,0,2,3e-06,114,0,254,0,0,0,0,152000000.0,0.0,2,0,0,0,0,0,57,0,0,0,0.0,0.0,1424239353,1424239353,0.003,0.0,0.0,0.0,0.0,0,2,,,2,38,38,15,15,15,15,38,1
14,2322,20,846,1,1,0.040974,2438,19242,31,29,7,13,2,463513.4688,3663006.0,38,40,255,255,2134903959,2146575414,64,481,0,0,0.0,64.752317,1424237483,1424237483,1.099,1.038282,0.000589,0.000478,0.000111,0,0,,,2,4,5,4,4,1,1,1,0
2,2,3,0,0,2,7e-06,114,0,254,0,0,0,0,65142856.0,0.0,2,0,0,0,0,0,57,0,0,0,0.0,0.0,1424238157,1424238157,0.007,0.0,0.0,0.0,0.0,0,2,,,2,27,27,24,25,24,24,27,1
0,2323,8,847,1,1,0.006315,4160,2456,31,29,7,7,2,4977355.5,2939034.0,18,18,255,255,1921347238,1924468284,231,136,0,0,19.383964,0.522312,1424247647,1424247647,0.351529,0.342471,0.000622,0.000489,0.000133,0,0,,,2,4,6,7,4,1,1,3,0
3,2324,9,8,1,1,2.701714,58377,1926,62,252,28,8,2,170072.7813,5483.92627,62,26,255,255,4100142942,4102489034,942,74,0,0,3516.444609,121.769688,1421933388,1421933391,44.290394,103.489359,0.113623,0.067627,0.045996,0,1,0.0,0.0,0,6,1,1,1,1,1,1,1
6,5,6,0,0,2,6e-06,114,0,254,0,0,0,0,76000000.0,0.0,2,0,0,0,0,0,57,0,0,0,0.0,0.0,1424259090,1424259090,0.006,0.0,0.0,0.0,0.0,0,2,,,2,32,32,17,15,15,10,32,1
4,2325,0,0,0,0,0.001072,146,178,31,29,0,0,0,544776.125,664179.125,2,2,0,0,0,0,73,89,0,0,0.0,0.0,1421935103,1421935103,0.011,0.009,0.0,0.0,0.0,0,0,0.0,0.0,0,4,6,2,4,1,1,1,0
0,2326,20,848,1,1,0.372314,424,8824,31,29,1,4,5,7971.765625,173810.2813,8,12,255,255,3063462299,3646093064,53,735,0,0,3146.483429,2492.945719,1424246931,1424246931,53.143144,33.801545,0.000611,0.000493,0.000118,0,0,,,2,2,5,3,2,1,1,2,0
2,5,2,0,0,2,7e-06,114,0,254,0,0,0,0,65142856.0,0.0,2,0,0,0,0,0,57,0,0,0,0.0,0.0,1424252927,1424252927,0.007,0.0,0.0,0.0,0.0,0,2,,,2,25,25,18,19,18,18,25,1
3,2327,9,1,1,1,3.248254,1280,1606,62,252,7,9,1,3021.931152,3775.56665,24,22,255,255,472803939,1941669808,53,73,0,0,7420.098715,9390.354531,1424232297,1424232300,141.228442,147.365327,0.231116,0.152858,0.078258,0,1,,1.0,3,1,1,2,25,1,1,2,1
6,5,6,0,0,2,9e-06,114,0,254,0,0,0,0,50666664.0,0.0,2,0,0,0,0,0,57,0,0,0,0.0,0.0,1424259265,1424259265,0.009,0.0,0.0,0.0,0.0,0,2,,,2,16,16,16,16,16,16,16,1
4,2328,13,849,1,1,0.120956,2646,25564,31,29,7,15,2,170838.9844,1652369.375,42,44,255,255,2366512472,2508982564,63,581,0,0,182.829179,181.789512,1424250332,1424250333,2.942049,2.868286,0.000608,0.000484,0.000124,0,0,,,2,9,7,2,4,1,1,2,0
9,2329,6,18,1,1,1.502441,1868,195418,62,252,6,79,2,9685.571289,1034114.438,38,162,255,255,3405430895,3744060938,49,1206,0,0,1990.096759,931.659331,1424254816,1424254817,40.602569,9.141068,0.063021,0.03072,0.032301,0,1,,,2,1,1,1,1,1,1,1,1
4,2330,0,0,0,0,0.001034,146,178,31,29,0,0,0,564796.9375,688588.0625,2,2,0,0,0,0,73,89,0,0,0.0,0.0,1421971896,1421971896,0.007,0.009,0.0,0.0,0.0,0,0,0.0,0.0,0,1,1,2,5,1,1,1,0
2,2,3,0,0,2,9e-06,114,0,254,0,0,0,0,50666664.0,0.0,2,0,0,0,0,0,57,0,0,0,0.0,0.0,1424237550,1424237550,0.009,0.0,0.0,0.0,0.0,0,2,,,2,52,52,20,20,20,9,52,1
3,5,14,0,0,2,1e-05,114,0,254,0,0,0,0,45600000.0,0.0,2,0,0,0,0,0,57,0,0,0,0.0,0.0,1424248162,1424248162,0.01,0.0,0.0,0.0,0.0,0,2,,,2,30,30,18,17,17,17,30,1
3,2331,3,4,1,1,1.088001,876,354,254,252,2,1,3,5801.465332,2279.409668,10,8,255,255,4011528500,3766621927,88,44,0,0,6436.020858,231.741891,1424242061,1424242062,116.238889,137.108281,0.23773,0.128239,0.109491,0,1,,,2,1,1,1,1,1,1,2,1
9,2332,17,12,0,2,3e-06,104,0,254,0,0,0,2,138666656.0,0.0,2,0,0,0,0,0,52,0,0,0,0.0,0.0,1424235297,1424235297,0.003,0.0,0.0,0.0,0.0,0,2,,,2,4,8,2,1,1,1,4,1
2,8,3,6,53,2,8e-06,104,0,254,0,0,0,2,52000000.0,0.0,2,0,0,0,0,0,52,0,0,0,0.0,0.0,1424228233,1424228233,0.008,0.0,0.0,0.0,0.0,0,2,,,2,1,1,1,1,1,1,2,1
12,2333,12,7,1,1,0.01741,1540,1644,31,29,4,4,2,663526.6875,713612.8125,16,18,255,255,2737092712,592953406,96,91,0,0,69.240578,1.919751,1424242974,1424242974,1.1406,0.997294,0.000565,0.000453,0.000112,0,0,,,2,10,16,9,8,5,1,5,0
4,2334,20,8,1,1,0.026083,37272,3380,31,29,18,8,2,11212207.0,1012153.5,52,42,255,255,795906069,796984274,717,80,0,0,27.09899,1.244387,1421944922,1421944922,0.505176,0.622,0.000713,0.000577,0.000136,0,0,0.0,0.0,0,18,12,3,6,2,2,2,0
14,2335,8,850,1,1,0.560077,8928,320,31,29,4,1,5,118426.5703,3813.76123,14,6,255,255,725956802,1446540126,638,53,0,0,3687.041719,152.190406,1421948763,1421948764,43.082846,111.873602,0.000702,0.000577,0.000125,0,0,0.0,0.0,0,2,2,3,8,1,1,2,0
15,2,5,0,0,2,2e-06,264,0,60,0,0,0,0,528000000.0,0.0,2,0,0,0,0,0,132,0,0,0,0.0,0.0,1424251846,1424251846,0.002,0.0,0.0,0.0,0.0,0,0,,,2,33,33,6,6,6,6,33,0
13,2336,4,9,1,1,0.006191,2158,2464,31,29,6,6,2,2673558.5,3052172.5,24,24,255,255,3789297300,3793808679,90,103,0,0,14.972494,0.379054,1424224679,1424224679,0.254565,0.253227,0.000734,0.000615,0.000119,0,0,,,2,1,5,3,6,1,1,2,0
2,5,2,0,0,2,9e-06,114,0,254,0,0,0,0,50666664.0,0.0,2,0,0,0,0,0,57,0,0,0,0.0,0.0,1424255255,1424255255,0.009,0.0,0.0,0.0,0.0,0,2,,,2,25,25,14,14,14,8,25,1
0,2337,8,7,1,1,0.01372,1540,1644,31,29,4,4,2,841982.5,905539.375,16,18,255,255,416406613,2568796362,96,91,0,0,60.816153,1.407318,1421928067,1421928067,0.8932,0.778412,0.00062,0.000483,0.000137,0,0,0.0,0.0,0,16,14,9,13,6,1,8,0
13,2338,1,580,1,1,0.006549,8928,320,31,29,4,1,5,10127959.0,326156.6875,14,6,255,255,1755059602,3910473810,638,53,0,0,30.671136,2.08028,1424233684,1424233684,0.503769,1.1868,0.000628,0.000491,0.000137,0,0,,,2,2,2,6,5,1,1,3,0
14,2339,18,10,0,0,0.006334,568,320,31,29,0,0,2,538048.625,303126.0,4,4,0,0,0,0,142,80,0,0,2.468981,1.91579,1421943022,1421943022,1.752333,1.359667,0.0,0.0,0.0,0,0,0.0,0.0,0,4,6,6,4,1,1,3,0
17,2340,4,0,0,0,0.000986,146,178,31,29,0,0,0,592292.0625,722109.5,2,2,0,0,0,0,73,89,0,0,0.0,0.0,1421971710,1421971710,0.002,0.009,0.0,0.0,0.0,0,0,0.0,0.0,0,5,2,2,3,1,1,1,0
3,8,11,6,50,2,9e-06,200,0,254,0,0,0,2,88888888.0,0.0,2,0,0,0,0,0,100,0,0,0,0.0,0.0,1424230238,1424230238,0.009,0.0,0.0,0.0,0.0,0,2,,,2,4,4,1,1,1,1,4,1
3,2,14,0,0,2,9e-06,114,0,254,0,0,0,0,50666664.0,0.0,2,0,0,0,0,0,57,0,0,0,0.0,0.0,1424246167,1424246167,0.009,0.0,0.0,0.0,0.0,0,2,,,2,22,22,21,21,21,21,22,1
2,2,3,0,0,2,9e-06,114,0,254,0,0,0,0,50666664.0,0.0,2,0,0,0,0,0,57,0,0,0,0.0,0.0,1424238684,1424238684,0.009,0.0,0.0,0.0,0.0,0,2,,,2,25,25,24,24,24,24,25,1
3,2341,14,851,1,3,8e-06,90,0,254,0,1,0,2,45000000.0,0.0,2,0,255,0,0,0,45,0,0,0,0.0,0.0,1424246825,1424246825,0.008,0.0,0.0,0.0,0.0,0,6,,,2,8,6,17,17,1,1,19,0
3,5,3,0,0,2,3.5e-05,114,0,254,0,0,0,0,13028571.0,0.0,2,0,0,0,0,0,57,0,0,0,0.0,0.0,1424232242,1424232242,0.035,0.0,0.0,0.0,0.0,0,2,,,2,27,27,2,2,2,2,27,1
12,2342,10,0,0,0,0.001362,146,178,31,29,0,0,0,428781.1875,522760.6563,2,2,0,0,0,0,73,89,0,0,0.0,0.0,1424251889,1424251889,0.002,0.003,0.0,0.0,0.0,0,0,,,2,1,2,3,3,1,1,1,0
13,2343,12,852,1,1,0.02298,2542,22546,31,29,7,14,2,863011.3125,7662315.0,40,42,255,255,3890100758,1754572625,64,537,0,0,45.435295,44.234424,1424258234,1424258234,0.580974,0.561875,0.000632,0.000499,0.000133,0,0,,,2,6,6,4,4,1,1,1,0
8,2344,18,1,1,1,0.021941,2934,3740,31,29,11,15,1,1049359.625,1338498.625,52,54,255,255,706696489,2853103667,56,69,0,0,31.113722,0.730548,1424225834,1424225834,0.450792,0.404245,0.000636,0.000512,0.000124,0,0,,1.0,3,1,1,5,5,1,1,4,0
10,2345,18,8,1,1,0.025915,37290,3380,31,29,18,8,4,11290141.0,1018715.0,52,42,255,255,500616726,501606300,717,80,0,0,31.179859,1.020138,1424254599,1424254599,0.501255,0.618634,0.000687,0.000547,0.00014,0,0,,,2,1,1,1,1,1,1,1,0
2,5,3,0,0,2,9e-06,114,0,254,0,0,0,0,50666664.0,0.0,2,0,0,0,0,0,57,0,0,0,0.0,0.0,1424239241,1424239241,0.009,0.0,0.0,0.0,0.0,0,2,,,2,30,30,30,30,30,12,30,1
2,2,2,0,0,2,3e-06,114,0,254,0,0,0,0,152000000.0,0.0,2,0,0,0,0,0,57,0,0,0,0.0,0.0,1424253650,1424253650,0.003,0.0,0.0,0.0,0.0,0,2,,,2,25,25,25,25,25,11,25,1
3,2,14,0,0,2,5e-06,114,0,254,0,0,0,0,91200000.0,0.0,2,0,0,0,0,0,57,0,0,0,0.0,0.0,1424246038,1424246038,0.005,0.0,0.0,0.0,0.0,0,2,,,2,34,34,23,24,23,13,34,1
14,2346,10,853,1,1,0.126737,2766,28048,31,29,7,16,2,170684.1719,1732027.75,44,46,255,255,2200473494,2200864108,63,610,0,0,157.927829,155.719608,1421951485,1421951485,2.93886,2.799111,0.000902,0.000771,0.000131,0,0,0.0,0.0,0,2,5,1,2,1,1,1,0
12,2347,18,0,0,0,0.001129,146,178,31,29,0,0,0,517271.9375,630646.625,2,2,0,0,0,0,73,89,0,0,0.0,0.0,1424236142,1424236142,0.009,0.007,0.0,0.0,0.0,0,0,,,2,2,5,3,1,1,1,1,0
13,2348,1,1,1,1,0.027545,2934,3742,31,29,11,15,1,835868.625,1066763.5,52,54,255,255,1824026322,3974654150,56,69,0,0,44.280814,1.057898,1424257536,1424257536,0.579255,0.508811,0.000702,0.000575,0.000127,0,0,,1.0,3,1,1,4,6,1,1,4,0
12,2349,1,7,1,1,0.018195,1540,1644,31,29,4,4,2,634899.6875,682825.0,16,18,255,255,1167107953,1171544662,96,91,0,0,72.814928,2.209229,1424259303,1424259303,1.192467,1.044,0.000557,0.000444,0.000113,0,0,,,2,4,6,7,8,4,1,5,0
2,5,3,0,0,2,6e-06,114,0,254,0,0,0,0,76000000.0,0.0,2,0,0,0,0,0,57,0,0,0,0.0,0.0,1421932091,1421932091,0.006,0.0,0.0,0.0,0.0,0,2,0.0,0.0,0,13,13,6,6,6,4,6,1
2,2350,9,8,1,1,1.869243,85240,2176,62,252,37,8,4,360252.7813,8983.31543,80,28,255,255,3577449726,467612758,1066,78,0,0,2061.516135,78.359922,1424252888,1424252890,23.661303,68.315703,0.070748,0.024068,0.04668,0,1,,,2,1,1,1,1,1,1,1,1
10,2351,12,30,1,1,0.079874,5928,8010,31,29,14,17,6,584220.125,788441.8125,62,58,255,255,515461765,2661152316,96,138,0,0,178.19202,186.837151,1424248547,1424248547,1.353797,1.412821,0.000749,0.000607,0.000142,0,0,,,2,1,1,3,6,1,1,1,0
2,2352,16,10,0,2,8e-06,168,0,254,0,0,0,2,84000000.0,0.0,2,0,0,0,0,0,84,0,0,0,0.0,0.0,1424232031,1424232031,0.008,0.0,0.0,0.0,0.0,0,2,,,2,1,1,1,1,1,1,1,1
4,2353,1,30,1,1,0.00902,3728,5474,31,29,7,7,6,3203547.75,4652771.5,32,24,255,255,4183696800,2038605172,117,228,0,0,20.585743,0.67708,1421960772,1421960772,0.290968,0.361348,0.000674,0.000547,0.000127,0,0,0.0,0.0,0,1,3,2,7,1,1,1,0
6,2354,15,47,1,1,1.174137,1402,101760,62,252,7,45,7,9239.125977,685971.0625,30,94,255,255,227267529,2505697659,47,1083,0,0,2136.900508,1256.687017,1424258102,1424258103,40.487484,12.547269,0.051809,0.006567,0.045242,0,1,,,2,1,1,1,1,1,1,1,1
8,2355,19,8,1,1,0.055609,37518,3380,31,29,18,8,4,5293675.5,474743.3125,52,42,255,255,3335974100,3341162482,722,80,0,0,79.587874,3.49243,1421936096,1421936096,1.084039,1.335,0.000995,0.000871,0.000124,0,0,0.0,0.0,0,1,1,2,3,1,1,1,0
2,8,15,6,86,2,3e-06,200,0,254,0,0,0,2,266666656.0,0.0,2,0,0,0,0,0,100,0,0,0,0.0,0.0,1424244383,1424244383,0.003,0.0,0.0,0.0,0.0,0,2,,,2,9,9,5,5,3,3,13,1
2,2,3,0,0,2,9e-06,114,0,254,0,0,0,0,50666664.0,0.0,2,0,0,0,0,0,57,0,0,0,0.0,0.0,1424238855,1424238855,0.009,0.0,0.0,0.0,0.0,0,2,,,2,37,37,19,19,19,19,37,1
17,2356,4,854,1,1,0.395289,4840,3080,31,29,7,7,2,94472.64844,60269.82813,28,30,255,255,3273881526,1402790351,173,103,0,0,817.362729,20.788311,1424222574,1424222574,14.628889,13.610482,0.000721,0.000582,0.000139,0,0,,,2,14,7,2,7,1,1,2,0
4,2357,0,7,1,1,27.625221,25680,1094788,31,29,38,390,2,7420.465332,316670.9063,458,858,255,255,136055893,2358836740,56,1276,0,0,22976.46446,16779.21883,1424247580,1424247607,60.580984,32.269951,0.002323,0.002142,0.000181,0,0,,,2,2,4,2,2,1,1,1,0
6,8,15,6,87,2,9e-06,200,0,254,0,0,0,2,88888888.0,0.0,2,0,0,0,0,0,100,0,0,0,0.0,0.0,1424251638,1424251638,0.009,0.0,0.0,0.0,0.0,0,2,,,2,4,4,3,3,2,2,5,1
8,2358,0,30,1,1,0.644806,3728,5474,31,29,7,7,6,44813.47656,65086.23828,32,24,255,255,2632635374,483356906,117,228,0,0,1412.950938,43.631937,1424231603,1424231603,20.800194,28.003826,0.000703,0.000578,0.000125,0,0,,,2,1,1,2,3,1,1,2,0
8,2359,10,855,1,1,0.019887,2974,34222,31,29,7,18,2,1171820.75,13491426.0,48,50,255,255,3664460659,1523535459,62,684,0,0,0.0,25.233607,1424257722,1424257722,0.416362,0.383184,0.001222,0.001109,0.000113,0,0,,,2,12,2,2,9,1,1,2,0
3,5,14,0,0,2,9e-06,114,0,254,0,0,0,0,50666664.0,0.0,2,0,0,0,0,0,57,0,0,0,0.0,0.0,1424247867,1424247867,0.009,0.0,0.0,0.0,0.0,0,2,,,2,20,22,17,17,17,17,20,1
0,2360,1,856,1,1,0.304442,8928,320,31,29,4,1,5,217867.4531,7016.115234,14,6,255,255,1458800461,2125940648,638,53,0,0,2063.971323,86.421336,1424248184,1424248185,23.418615,60.77,0.000609,0.000474,0.000135,0,0,,,2,4,2,3,3,1,1,4,0
17,2361,20,9,1,1,0.00635,2054,2478,31,29,6,6,2,2470551.25,2992126.0,22,24,255,255,960766760,3110715450,93,103,0,0,17.940669,13.544419,1421952553,1421952553,0.285762,0.228826,0.001196,0.001077,0.000119,0,0,0.0,0.0,0,4,2,2,3,1,1,1,0
6,2,6,0,0,2,2e-06,114,0,254,0,0,0,0,228000000.0,0.0,2,0,0,0,0,0,57,0,0,0,0.0,0.0,1424259254,1424259254,0.002,0.0,0.0,0.0,0.0,0,2,,,2,32,32,32,34,32,17,32,1
12,2362,0,857,1,1,0.271488,4704,2872,31,29,7,7,2,132838.2813,81388.49219,24,26,255,255,2334079219,2338204844,196,110,0,0,807.269911,21.825738,1424226817,1424226817,11.79,10.8374,0.000688,0.000549,0.000139,0,0,,,2,13,8,7,4,1,1,3,0
0,2363,18,0,0,0,0.001061,146,178,31,29,0,0,0,550424.125,671065.0,2,2,0,0,0,0,73,89,0,0,0.0,0.0,1424253853,1424253853,0.009,0.006,0.0,0.0,0.0,0,0,,,2,4,3,3,3,2,1,2,0
14,2364,1,858,1,1,0.010806,2438,19242,31,29,7,13,2,1757542.125,13889321.0,38,40,255,255,2722876843,2732141887,64,481,0,0,0.0,16.353058,1424237498,1424237498,0.291611,0.26541,0.000584,0.000451,0.000133,0,0,,,2,9,8,2,2,1,1,1,0
3,2365,11,859,1,3,8e-06,90,0,254,0,1,0,2,45000000.0,0.0,2,0,255,0,0,0,45,0,0,0,0.0,0.0,1424225596,1424225596,0.008,0.0,0.0,0.0,0.0,0,6,,,2,13,13,4,5,1,1,13,0
15,5,5,0,0,2,9e-06,264,0,60,0,0,0,0,117333328.0,0.0,2,0,0,0,0,0,132,0,0,0,0.0,0.0,1424253238,1424253238,0.009,0.0,0.0,0.0,0.0,0,0,,,2,32,32,19,19,19,19,32,0
6,2,9,0,0,2,8e-06,114,0,254,0,0,0,0,57000000.0,0.0,2,0,0,0,0,0,57,0,0,0,0.0,0.0,1424225193,1424225193,0.008,0.0,0.0,0.0,0.0,0,2,,,2,4,4,4,3,3,3,5,1
2,2,3,0,0,2,2e-06,114,0,254,0,0,0,0,228000000.0,0.0,2,0,0,0,0,0,57,0,0,0,0.0,0.0,1424237987,1424237987,0.002,0.0,0.0,0.0,0.0,0,2,,,2,33,33,24,24,24,24,33,1
14,2366,4,7,1,1,0.017972,1540,1644,31,29,4,4,2,642777.625,691297.5625,16,18,255,255,472406799,476382034,96,91,0,0,71.833722,2.203684,1424251159,1424251159,1.1776,1.031471,0.000545,0.000434,0.000111,0,0,,,2,5,6,5,7,3,1,4,0
4,2367,10,9,1,1,0.007158,1064,2260,31,29,4,4,2,1090807.5,2315730.75,12,12,255,255,3005075949,859940363,89,188,0,0,18.283487,0.988336,1421972564,1421972564,0.349727,0.604455,0.000628,0.000499,0.000129,0,0,0.0,0.0,0,4,5,4,4,2,2,2,0
6,2,9,0,0,2,9e-06,114,0,254,0,0,0,0,50666664.0,0.0,2,0,0,0,0,0,57,0,0,0,0.0,0.0,1424223469,1424223469,0.009,0.0,0.0,0.0,0.0,0,2,,,2,38,38,26,26,26,8,38,1
17,2368,12,0,0,0,0.001158,146,178,31,29,0,0,0,504317.8125,614853.1875,2,2,0,0,0,0,73,89,0,0,0.0,0.0,1421946996,1421946996,0.011,0.009,0.0,0.0,0.0,0,0,0.0,0.0,0,3,3,2,2,2,1,1,0
6,2369,11,10,1,1,0.889209,564,354,254,252,2,1,2,4570.354004,2788.995605,10,8,255,255,3862704360,1975547414,56,44,0,0,6879.694377,171.480031,1424246961,1424246962,98.801,112.86943,0.157121,0.063608,0.093513,0,1,,,2,4,4,4,3,1,1,4,1
2,2,3,0,0,2,8e-06,114,0,254,0,0,0,0,57000000.0,0.0,2,0,0,0,0,0,57,0,0,0,0.0,0.0,1424239273,1424239273,0.008,0.0,0.0,0.0,0.0,0,2,,,2,41,41,41,43,41,23,41,1
2,5,2,0,0,2,1e-06,114,0,254,0,0,0,0,456000000.0,0.0,2,0,0,0,0,0,57,0,0,0,0.0,0.0,1424252995,1424252995,0.001,0.0,0.0,0.0,0.0,0,2,,,2,21,21,5,5,5,5,21,1
3,8,11,6,3,2,1e-05,200,0,254,0,0,0,2,80000000.0,0.0,2,0,0,0,0,0,100,0,0,0,0.0,0.0,1424230379,1424230379,0.01,0.0,0.0,0.0,0.0,0,2,,,2,3,3,1,1,1,1,3,1
3,5,14,0,0,2,2e-06,114,0,254,0,0,0,0,228000000.0,0.0,2,0,0,0,0,0,57,0,0,0,0.0,0.0,1424245682,1424245682,0.002,0.0,0.0,0.0,0.0,0,2,,,2,34,34,12,12,12,12,34,1
6,2370,24,12,0,2,3e-06,104,0,254,0,0,0,2,138666656.0,0.0,2,0,0,0,0,0,52,0,0,0,0.0,0.0,1424252365,1424252365,0.003,0.0,0.0,0.0,0.0,0,2,,,2,4,5,2,2,2,2,4,1
0,2371,8,10,0,0,0.005977,568,312,31,29,0,0,2,570185.6875,313200.5938,4,4,0,0,0,0,142,78,0,0,2.336281,1.701535,1424240773,1424240773,1.659,1.210667,0.0,0.0,0.0,0,0,,,2,5,9,7,3,1,1,3,0
2,2,2,0,0,2,9e-06,114,0,254,0,0,0,0,50666664.0,0.0,2,0,0,0,0,0,57,0,0,0,0.0,0.0,1424255117,1424255117,0.009,0.0,0.0,0.0,0.0,0,2,,,2,34,34,34,34,34,16,34,1
17,2372,20,8,1,1,0.040653,37484,3380,31,29,18,8,4,7234693.5,649398.5625,52,42,255,255,2689237078,544971805,721,80,0,0,60.745159,1.9105,1421964718,1421964718,0.790157,0.977781,0.00068,0.00056,0.00012,0,0,0.0,0.0,0,2,1,2,5,1,1,1,0
5,5,7,0,0,2,3e-06,264,0,60,0,0,0,0,352000000.0,0.0,2,0,0,0,0,0,132,0,0,0,0.0,0.0,1424230674,1424230674,0.003,0.0,0.0,0.0,0.0,0,0,,,2,27,27,25,25,25,25,27,0
3,2,3,0,0,2,9e-06,114,0,254,0,0,0,0,50666664.0,0.0,2,0,0,0,0,0,57,0,0,0,0.0,0.0,1424232732,1424232732,0.009,0.0,0.0,0.0,0.0,0,2,,,2,19,19,19,19,19,19,19,1
11,2373,12,0,0,0,0.000972,130,162,31,29,0,0,0,534979.4375,666666.6875,2,2,0,0,0,0,65,81,0,0,0.0,0.0,1421949456,1421949456,0.002,0.003,0.0,0.0,0.0,0,0,0.0,0.0,0,3,4,2,3,1,1,1,0
2,2,3,0,0,2,1e-05,114,0,254,0,0,0,0,45600000.0,0.0,2,0,0,0,0,0,57,0,0,0,0.0,0.0,1424238072,1424238072,0.01,0.0,0.0,0.0,0.0,0,2,,,2,35,35,7,7,7,7,35,1
2,2374,24,4,1,1,0.806158,6806,354,254,252,4,1,3,62717.23438,3076.320068,14,8,255,255,699324154,3574416510,486,44,1,0,4157.446076,175.440797,1424237331,1424237331,57.923156,107.768859,0.167647,0.051767,0.11588,0,1,1.0,,2,2,2,2,4,2,1,2,1
2,5,2,0,0,2,7e-06,114,0,254,0,0,0,0,65142856.0,0.0,2,0,0,0,0,0,57,0,0,0,0.0,0.0,1424252927,1424252927,0.007,0.0,0.0,0.0,0.0,0,2,,,2,25,25,18,19,18,18,25,1
2,2,2,0,0,2,9e-06,114,0,254,0,0,0,0,50666664.0,0.0,2,0,0,0,0,0,57,0,0,0,0.0,0.0,1424253064,1424253064,0.009,0.0,0.0,0.0,0.0,0,2,,,2,32,32,17,16,16,16,32,1
17,2375,12,860,0,0,0.033211,536,304,31,29,0,0,2,96835.38281,54921.5625,4,4,0,0,0,0,134,76,0,0,8.053004,11.311823,1421937378,1421937378,5.702333,8.005667,0.0,0.0,0.0,0,0,0.0,0.0,0,5,10,5,4,1,1,3,0
3,2,3,0,0,2,3e-06,114,0,254,0,0,0,0,152000000.0,0.0,2,0,0,0,0,0,57,0,0,0,0.0,0.0,1424230557,1424230557,0.003,0.0,0.0,0.0,0.0,0,2,,,2,12,12,12,12,12,12,12,1
3,145,17,65,0,0,0.071677,2304,2304,62,252,0,0,8,192865.2188,192865.2188,4,4,0,0,0,0,576,576,0,0,23.677,20.588592,1424257224,1424257225,16.752666,14.566333,0.0,0.0,0.0,0,3,,,2,1,1,1,2,1,1,1,1
3,2376,6,4,1,1,0.50917,792,1210,62,252,2,2,3,11202.5459,16638.84375,10,8,255,255,3861068816,1117003684,79,151,1,203,3058.945507,94.818703,1424261106,1424261107,56.214778,60.651715,0.161799,0.0846,0.077199,0,1,1.0,,2,1,1,1,1,1,1,1,0
3,5,3,0,0,2,8e-06,114,0,254,0,0,0,0,57000000.0,0.0,2,0,0,0,0,0,57,0,0,0,0.0,0.0,1424232873,1424232873,0.008,0.0,0.0,0.0,0.0,0,2,,,2,21,21,18,22,18,18,21,1
14,2377,0,0,0,0,0.001007,146,178,31,29,0,0,0,579940.4375,707050.6875,2,2,0,0,0,0,73,89,0,0,0.0,0.0,1424250479,1424250479,0.008,0.009,0.0,0.0,0.0,0,0,,,2,2,3,4,4,2,2,2,0
2,2,2,0,0,2,6e-06,114,0,254,0,0,0,0,76000000.0,0.0,2,0,0,0,0,0,57,0,0,0,0.0,0.0,1424251842,1424251842,0.006,0.0,0.0,0.0,0.0,0,2,,,2,25,25,16,17,16,16,25,1
6,8,15,6,3,2,9e-06,200,0,254,0,0,0,2,88888888.0,0.0,2,0,0,0,0,0,100,0,0,0,0.0,0.0,1424251660,1424251660,0.009,0.0,0.0,0.0,0.0,0,2,,,2,2,2,1,1,1,1,2,1
3,5,14,0,0,2,4e-06,114,0,254,0,0,0,0,114000000.0,0.0,2,0,0,0,0,0,57,0,0,0,0.0,0.0,1424245738,1424245738,0.004,0.0,0.0,0.0,0.0,0,2,,,2,46,46,31,30,30,11,46,1
2,2,2,0,0,2,3e-06,114,0,254,0,0,0,0,152000000.0,0.0,2,0,0,0,0,0,57,0,0,0,0.0,0.0,1424252257,1424252257,0.003,0.0,0.0,0.0,0.0,0,2,,,2,9,9,9,9,9,9,9,1
3,2,14,0,0,2,8e-06,114,0,254,0,0,0,0,57000000.0,0.0,2,0,0,0,0,0,57,0,0,0,0.0,0.0,1424245913,1424245913,0.008,0.0,0.0,0.0,0.0,0,2,,,2,39,39,39,40,39,22,39,1
13,2378,10,861,1,1,0.023981,3302,37226,31,29,7,21,2,1081189.25,12196990.0,54,56,255,255,746398967,758761636,61,665,0,0,26.198586,25.087,1421945576,1421945577,0.445811,0.426182,0.000732,0.000536,0.000196,0,0,0.0,0.0,0,7,5,5,5,5,5,5,0
13,2379,8,30,1,1,0.613846,12472,12716,31,29,17,17,6,160222.5938,162972.4688,70,60,255,255,392470193,392795728,178,212,0,0,611.72274,661.703146,1421954019,1421954020,8.896319,10.391085,0.000751,0.000616,0.000135,0,0,0.0,0.0,0,1,1,11,1,1,1,1,0
12,2380,8,862,1,1,0.016914,2854,31458,31,29,7,17,2,1320562.75,14569232.0,46,48,255,255,971436112,971720453,62,655,0,0,21.201222,19.953736,1424227420,1424227420,0.377318,0.348574,0.000639,0.000522,0.000117,0,0,,,2,14,2,2,2,1,1,2,0
13,2381,10,1,1,1,0.843348,2934,3738,31,29,11,15,1,27300.71094,34804.13672,52,54,255,255,2798778797,2803999724,56,69,0,0,1420.28865,52.863398,1424244263,1424244264,16.530177,15.901887,0.000702,0.000545,0.000157,0,0,,1.0,3,1,2,10,1,1,1,4,0
11,2382,8,0,0,0,0.001046,146,178,31,29,0,0,0,558317.375,680688.3125,2,2,0,0,0,0,73,89,0,0,0.0,0.0,1421946809,1421946809,0.011,0.006,0.0,0.0,0.0,0,0,0.0,0.0,0,4,1,1,5,2,1,1,0
3,2,3,0,0,2,3e-06,114,0,254,0,0,0,0,152000000.0,0.0,2,0,0,0,0,0,57,0,0,0,0.0,0.0,1424230482,1424230482,0.003,0.0,0.0,0.0,0.0,0,2,,,2,54,54,54,54,54,30,54,1
4,2383,20,9,1,1,0.004186,1064,2260,31,29,4,4,2,1865265.125,3959866.0,12,12,255,255,1793037025,3938680438,89,188,0,0,17.514325,0.389514,1421938277,1421938277,0.346636,0.328545,0.000707,0.000569,0.000138,0,0,0.0,0.0,0,8,4,3,1,1,1,1,0
4,2384,19,863,1,1,0.028671,3806,53914,31,29,7,26,2,1045516.375,14815807.0,64,66,255,255,2138018344,2138318672,59,817,0,0,25.9717,25.439738,1424231598,1424231598,0.449286,0.4312,0.000778,0.000634,0.000144,0,0,,,2,3,6,1,2,1,1,1,0
6,2,9,0,0,2,5e-06,114,0,254,0,0,0,0,91200000.0,0.0,2,0,0,0,0,0,57,0,0,0,0.0,0.0,1424223354,1424223354,0.005,0.0,0.0,0.0,0.0,0,2,,,2,17,17,17,17,17,8,17,1
5,2,7,0,0,2,8e-06,264,0,60,0,0,0,0,132000000.0,0.0,2,0,0,0,0,0,132,0,0,0,0.0,0.0,1424231380,1424231380,0.008,0.0,0.0,0.0,0.0,0,0,,,2,22,22,22,22,22,11,22,0
8,2385,4,0,0,0,0.000996,146,178,31,29,0,0,0,586345.375,714859.4375,2,2,0,0,0,0,73,89,0,0,0.0,0.0,1421940650,1421940650,0.007,0.002,0.0,0.0,0.0,0,0,0.0,0.0,0,2,4,3,3,1,1,1,0
2,2,2,0,0,2,9e-06,114,0,254,0,0,0,0,50666664.0,0.0,2,0,0,0,0,0,57,0,0,0,0.0,0.0,1424251874,1424251874,0.009,0.0,0.0,0.0,0.0,0,2,,,2,19,19,17,17,17,9,19,1
6,8,24,6,13,3,39.977917,6264,0,254,0,0,0,2,1231.880127,0.0,58,0,0,0,0,0,108,0,0,0,889.305,0.0,1424235180,1424235220,737.4435,0.0,0.0,0.0,0.0,0,6,,,2,1,1,1,3,1,1,1,1
2,8,9,6,3,2,4e-06,200,0,254,0,0,0,2,200000000.0,0.0,2,0,0,0,0,0,100,0,0,0,0.0,0.0,1421930735,1421930735,0.004,0.0,0.0,0.0,0.0,0,2,0.0,0.0,0,11,11,4,8,4,4,4,1
14,2386,1,864,1,1,0.06704,2438,19414,31,29,7,13,2,283293.5625,2258830.75,38,40,255,255,3533010129,3533297047,64,485,0,0,122.291974,117.449706,1424259418,1424259418,1.853778,1.749526,0.000676,0.000549,0.000127,0,0,,,2,5,9,4,5,1,1,1,0
14,2387,0,10,0,0,0.004496,568,304,31,29,0,0,2,758007.125,405693.9688,4,4,0,0,0,0,142,76,0,0,1.61574,1.431656,1424245490,1424245490,1.149,1.017333,0.0,0.0,0.0,0,0,,,2,10,10,11,12,1,1,9,0
6,5,6,0,0,2,9e-06,114,0,254,0,0,0,0,50666664.0,0.0,2,0,0,0,0,0,57,0,0,0,0.0,0.0,1424261734,1424261734,0.009,0.0,0.0,0.0,0.0,0,2,,,2,26,29,17,16,16,16,26,1
3,2,3,0,0,2,1e-05,114,0,254,0,0,0,0,45600000.0,0.0,2,0,0,0,0,0,57,0,0,0,0.0,0.0,1424231867,1424231867,0.01,0.0,0.0,0.0,0.0,0,2,,,2,51,51,23,23,23,13,51,1
4,2388,8,865,1,1,0.026911,3806,52270,31,29,7,26,2,1113894.0,15303482.0,64,66,255,255,3007309040,877208826,59,792,0,0,0.0,22.544873,1421961737,1421961737,0.421905,0.405754,0.000666,0.000533,0.000133,0,0,0.0,0.0,0,7,4,7,2,1,1,1,0
2,2,3,0,0,2,8e-06,114,0,254,0,0,0,0,57000000.0,0.0,2,0,0,0,0,0,57,0,0,0,0.0,0.0,1424240600,1424240600,0.008,0.0,0.0,0.0,0.0,0,2,,,2,18,18,14,15,14,14,19,1
4,2389,12,0,0,0,0.001049,146,178,31,29,0,0,0,556720.6875,678741.6875,2,2,0,0,0,0,73,89,0,0,0.0,0.0,1424248759,1424248759,0.009,0.007,0.0,0.0,0.0,0,0,,,2,4,4,4,10,3,2,4,0
6,2390,15,354,0,2,3e-06,158,0,254,0,0,0,2,210666656.0,0.0,2,0,0,0,0,0,79,0,0,0,0.0,0.0,1424235162,1424235162,0.003,0.0,0.0,0.0,0.0,0,2,,,2,4,1,1,3,1,1,1,1
6,8,15,6,3,2,1e-05,200,0,254,0,0,0,2,80000000.0,0.0,2,0,0,0,0,0,100,0,0,0,0.0,0.0,1424251701,1424251701,0.01,0.0,0.0,0.0,0.0,0,2,,,2,1,1,1,1,1,1,1,1
14,2391,4,7,1,1,0.228582,1540,1644,31,29,4,4,2,50537.66406,54352.48828,16,18,255,255,2655881532,2708347521,96,91,0,0,977.662466,31.490014,1424255666,1424255666,15.217333,13.413177,0.000683,0.000549,0.000134,0,0,,,2,6,10,3,7,3,1,7,0
2,2392,11,64,0,2,3e-06,664,0,254,0,0,0,2,885333312.0,0.0,2,0,0,0,0,0,332,0,0,0,0.0,0.0,1424232894,1424232894,0.003,0.0,0.0,0.0,0.0,0,2,,,2,2,2,1,1,1,1,2,1
6,2,6,0,0,2,3e-06,114,0,254,0,0,0,0,152000000.0,0.0,2,0,0,0,0,0,57,0,0,0,0.0,0.0,1424259033,1424259033,0.003,0.0,0.0,0.0,0.0,0,2,,,2,50,50,50,50,50,28,50,1
3,2,14,0,0,2,1e-05,114,0,254,0,0,0,0,45600000.0,0.0,2,0,0,0,0,0,57,0,0,0,0.0,0.0,1424246658,1424246658,0.01,0.0,0.0,0.0,0.0,0,2,,,2,10,10,12,10,10,7,10,1
3,5,14,0,0,2,7e-06,114,0,254,0,0,0,0,65142856.0,0.0,2,0,0,0,0,0,57,0,0,0,0.0,0.0,1424248165,1424248165,0.007,0.0,0.0,0.0,0.0,0,2,,,2,25,25,17,16,16,5,25,1
6,2393,2,64,0,2,6e-06,1186,0,254,0,0,0,2,790666624.0,0.0,2,0,0,0,0,0,593,0,0,0,0.0,0.0,1424240701,1424240701,0.006,0.0,0.0,0.0,0.0,0,2,,,2,8,7,7,7,7,1,7,1
8,2394,20,866,0,0,0.001731,536,304,31,29,0,0,2,1857885.625,1053726.125,4,4,0,0,0,0,134,76,0,0,0.628383,0.303822,1424245422,1424245422,0.449333,0.218333,0.0,0.0,0.0,0,0,,,2,5,7,5,4,1,1,3,0
0,2395,10,9,1,1,0.169925,1470,1728,31,29,5,4,2,66099.75,75562.75,22,14,255,255,2495907778,2496212385,67,123,0,0,520.302887,16.5415,1424256220,1424256220,8.091667,13.013385,0.000766,0.000621,0.000145,0,0,,,2,4,6,2,2,1,1,3,0
5,2,7,0,0,2,2e-06,264,0,60,0,0,0,0,528000000.0,0.0,2,0,0,0,0,0,132,0,0,0,0.0,0.0,1424233463,1424233463,0.002,0.0,0.0,0.0,0.0,0,0,,,2,17,17,17,17,17,17,17,0
2,5,3,0,0,2,4e-06,114,0,254,0,0,0,0,114000000.0,0.0,2,0,0,0,0,0,57,0,0,0,0.0,0.0,1424238737,1424238737,0.004,0.0,0.0,0.0,0.0,0,2,,,2,19,19,20,19,19,19,19,1
6,2,9,0,0,2,1e-05,114,0,254,0,0,0,0,45600000.0,0.0,2,0,0,0,0,0,57,0,0,0,0.0,0.0,1424224785,1424224785,0.01,0.0,0.0,0.0,0.0,0,2,,,2,23,23,8,8,8,8,23,1
0,2396,10,867,1,1,0.037559,4238,62112,31,29,7,30,2,890332.5625,13051040.0,72,74,255,255,467436776,2630532301,59,839,0,0,0.0,35.866399,1424223260,1424223260,0.531914,0.521254,0.000684,0.000547,0.000137,0,0,,,2,4,3,2,7,1,1,2,0
8,2397,13,0,0,0,0.001027,146,178,31,29,0,0,0,568646.5625,693281.375,2,2,0,0,0,0,73,89,0,0,0.0,0.0,1424260863,1424260863,0.008,0.004,0.0,0.0,0.0,0,0,,,2,2,4,2,2,2,1,2,0
1,1211,13,7,1,1,0.013326,1540,1644,31,29,4,4,2,866876.75,932312.75,16,18,255,255,733613688,2887676394,96,91,0,0,59.45461,1.373831,1421943325,1421943325,0.8668,0.754353,0.000622,0.000495,0.000127,0,0,0.0,0.0,0,7,10,4,5,1,1,2,0
10,2398,19,868,1,1,0.028246,2974,31400,31,29,7,18,2,825037.1875,8715429.0,48,50,255,255,2691093425,559008153,62,628,0,0,0.0,38.657345,1421939581,1421939581,0.59383,0.565122,0.000749,0.000551,0.000198,0,0,0.0,0.0,0,3,8,1,2,1,1,1,0
3,2,3,0,0,2,3e-06,114,0,254,0,0,0,0,152000000.0,0.0,2,0,0,0,0,0,57,0,0,0,0.0,0.0,1424232458,1424232458,0.003,0.0,0.0,0.0,0.0,0,2,,,2,36,36,25,26,25,25,36,1
10,2399,13,0,0,0,0.001099,130,162,31,29,0,0,0,473157.4063,589626.9375,2,2,0,0,0,0,65,81,0,0,0.0,0.0,1421966977,1421966977,0.01,0.008,0.0,0.0,0.0,0,0,0.0,0.0,0,7,3,5,3,3,1,1,0
6,5,6,0,0,2,8e-06,114,0,254,0,0,0,0,57000000.0,0.0,2,0,0,0,0,0,57,0,0,0,0.0,0.0,1424259183,1424259183,0.008,0.0,0.0,0.0,0.0,0,2,,,2,15,15,12,13,12,12,15,1
3,2400,3,4,1,1,0.839719,1434,4506,62,252,2,2,3,12299.35254,39356.02344,10,12,255,255,3117298401,1642352190,143,376,1,1614,5403.044784,5087.219833,1424225488,1424225489,93.302111,71.443271,0.161705,0.053234,0.108471,0,1,1.0,,2,1,1,2,1,1,1,1,1
19,2,21,0,0,2,2e-06,264,0,60,0,0,0,0,528000000.0,0.0,2,0,0,0,0,0,132,0,0,0,0.0,0.0,1424260991,1424260991,0.002,0.0,0.0,0.0,0.0,0,0,,,2,35,35,18,18,18,18,35,0
8,2401,20,8,1,1,0.34383,37184,3276,31,29,18,8,4,848535.625,74339.0625,52,40,255,255,386654452,2537329528,715,82,0,0,650.69582,22.116354,1421972445,1421972445,6.734745,8.801487,0.000717,0.000567,0.00015,0,0,0.0,0.0,0,1,1,4,4,1,1,2,0
3,5,14,0,0,2,4e-06,114,0,254,0,0,0,0,114000000.0,0.0,2,0,0,0,0,0,57,0,0,0,0.0,0.0,1424246882,1424246882,0.004,0.0,0.0,0.0,0.0,0,2,,,2,17,17,20,20,17,17,22,1
6,2,9,0,0,2,9e-06,114,0,254,0,0,0,0,50666664.0,0.0,2,0,0,0,0,0,57,0,0,0,0.0,0.0,1424223374,1424223374,0.009,0.0,0.0,0.0,0.0,0,2,,,2,15,15,6,6,6,6,15,1
4,2402,20,869,1,1,0.05688,4862,76770,31,29,7,36,2,675808.6875,10672011.0,84,86,255,255,3649744182,1504689684,58,893,0,0,40.542194,40.125925,1424250495,1424250496,0.681602,0.669607,0.000764,0.000624,0.00014,0,0,,,2,11,8,2,4,1,1,5,0
2,2403,15,4,1,1,0.556624,1036,268,254,252,2,1,3,13409.41113,3219.408447,10,6,255,255,1553595430,883748768,104,45,1,0,4567.845165,194.000328,1424247890,1424247891,61.847111,108.095,0.07286,0.015403,0.057457,0,1,1.0,,2,1,1,1,1,1,1,1,1
3,5,14,0,0,2,9e-06,114,0,254,0,0,0,0,50666664.0,0.0,2,0,0,0,0,0,57,0,0,0,0.0,0.0,1424244649,1424244649,0.009,0.0,0.0,0.0,0.0,0,2,,,2,49,49,9,9,9,7,49,1
2,8,24,6,12,2,9e-06,440,0,254,0,0,0,2,195555552.0,0.0,2,0,0,0,0,0,220,0,0,0,0.0,0.0,1424250010,1424250010,0.009,0.0,0.0,0.0,0.0,0,2,,,2,1,1,1,1,1,1,2,1
10,2404,1,870,1,1,0.124499,320,1948,31,29,1,2,5,17156.76367,109559.1094,6,8,255,255,2589262594,2851972151,53,244,0,0,1747.614047,43.079609,1424232330,1424232330,24.839,17.715715,0.000598,0.000486,0.000112,0,0,,,2,3,3,5,5,1,1,5,0
2,2,2,0,0,2,8e-06,114,0,254,0,0,0,0,57000000.0,0.0,2,0,0,0,0,0,57,0,0,0,0.0,0.0,1424253891,1424253891,0.008,0.0,0.0,0.0,0.0,0,2,,,2,33,33,16,16,16,16,33,1
2,2,3,0,0,2,7e-06,114,0,254,0,0,0,0,65142856.0,0.0,2,0,0,0,0,0,57,0,0,0,0.0,0.0,1424238436,1424238436,0.007,0.0,0.0,0.0,0.0,0,2,,,2,32,32,13,12,12,12,32,1
3,2,14,0,0,2,9e-06,114,0,254,0,0,0,0,50666664.0,0.0,2,0,0,0,0,0,57,0,0,0,0.0,0.0,1424247951,1424247951,0.009,0.0,0.0,0.0,0.0,0,2,,,2,37,37,22,23,22,22,37,1
12,2405,4,7,1,1,0.020153,1540,1644,31,29,4,4,2,573214.9375,616483.9375,16,18,255,255,979643751,3129333267,96,91,0,0,75.017915,2.302692,1421928229,1421928229,1.2444,1.147941,0.000776,0.000635,0.000141,0,0,0.0,0.0,0,11,10,7,8,6,1,6,0
6,2,6,0,0,2,8e-06,114,0,254,0,0,0,0,57000000.0,0.0,2,0,0,0,0,0,57,0,0,0,0.0,0.0,1424261702,1424261702,0.008,0.0,0.0,0.0,0.0,0,2,,,2,15,15,16,15,15,15,15,1
5,5,5,0,0,2,1.1e-05,264,0,60,0,0,0,0,96000000.0,0.0,2,0,0,0,0,0,132,0,0,0,0.0,0.0,1421933705,1421933705,0.011,0.0,0.0,0.0,0.0,0,0,0.0,0.0,0,6,6,3,3,3,3,3,0
3,5,14,0,0,2,9e-06,114,0,254,0,0,0,0,50666664.0,0.0,2,0,0,0,0,0,57,0,0,0,0.0,0.0,1424244484,1424244484,0.009,0.0,0.0,0.0,0.0,0,2,,,2,25,25,17,17,17,17,25,1
11,2406,8,9,1,1,0.005212,1470,1728,31,29,5,4,2,2155026.75,2463545.5,22,14,255,255,799742755,800041019,67,123,0,0,16.579922,0.436092,1424238540,1424238540,0.2606,0.348538,0.000692,0.000551,0.000141,0,0,,,2,2,3,2,2,1,1,1,0
15,5,5,0,0,2,2e-06,264,0,60,0,0,0,0,528000000.0,0.0,2,0,0,0,0,0,132,0,0,0,0.0,0.0,1424253236,1424253236,0.002,0.0,0.0,0.0,0.0,0,0,,,2,22,22,22,22,22,11,22,0
6,5,6,0,0,2,2e-06,114,0,254,0,0,0,0,228000000.0,0.0,2,0,0,0,0,0,57,0,0,0,0.0,0.0,1424259028,1424259028,0.002,0.0,0.0,0.0,0.0,0,2,,,2,27,27,19,19,19,11,27,1
8,2407,19,871,1,1,0.051814,2438,19422,31,29,7,13,2,366541.8438,2923843.0,38,40,255,255,3691798190,1546715104,64,486,0,0,80.869925,81.128536,1424258606,1424258606,1.392135,1.348079,0.000726,0.00058,0.000146,0,0,,,2,9,4,2,5,1,1,2,0
1,2408,4,0,0,0,0.001083,130,162,31,29,0,0,0,480147.75,598337.9375,2,2,0,0,0,0,65,81,0,0,0.0,0.0,1424251684,1424251684,0.012,0.007,0.0,0.0,0.0,0,0,,,2,1,1,4,4,1,1,3,0
3,5,14,0,0,2,8e-06,114,0,254,0,0,0,0,57000000.0,0.0,2,0,0,0,0,0,57,0,0,0,0.0,0.0,1424246463,1424246463,0.008,0.0,0.0,0.0,0.0,0,2,,,2,39,39,18,17,17,17,39,1
3,2409,9,18,1,1,0.682809,2630,588,254,252,3,3,2,28248.01758,6209.643066,12,10,255,255,1818114538,3741515482,219,59,0,0,3952.895415,109.738867,1424253526,1424253527,62.073545,70.15,0.097432,0.05053,0.046902,0,1,,,2,1,1,1,1,1,1,1,1
11,2410,12,0,0,0,0.001156,146,178,31,29,0,0,0,505190.3438,615917.0,2,2,0,0,0,0,73,89,0,0,0.0,0.0,1424222435,1424222435,0.008,0.004,0.0,0.0,0.0,0,0,,,2,1,3,1,2,1,1,1,0
10,2411,18,872,1,1,0.026595,2974,33668,31,29,7,18,2,876254.9375,9925174.0,48,50,255,255,3240245061,1114343070,62,673,0,0,35.606933,33.904627,1421960191,1421960191,0.558787,0.533122,0.000611,0.000468,0.000143,0,0,0.0,0.0,0,5,8,7,2,1,1,1,0
6,2412,9,4,1,1,0.413517,1006,268,254,252,2,1,3,17527.69531,4333.558105,10,6,255,255,1974298504,3367634246,101,45,1,0,2139.879527,102.698758,1424249806,1424249806,41.874444,74.722398,0.101872,0.039904,0.061968,0,1,1.0,,2,1,1,1,3,1,1,5,1
13,556,1,30,1,1,1.34296,12472,12924,31,29,17,17,6,73235.24219,75790.78906,70,64,255,255,1734611475,3880270397,178,202,0,0,1093.210508,1142.410951,1421959415,1421959417,19.463188,21.304872,0.000753,0.000598,0.000155,0,0,0.0,0.0,0,1,1,6,8,1,1,1,0
1,2413,12,873,1,1,0.096882,3614,47774,31,29,7,24,2,293470.4063,3881340.25,60,62,255,255,1504829383,1524361325,60,771,0,0,86.903955,85.568165,1424224879,1424224879,1.636644,1.579656,0.000653,0.00052,0.000133,0,0,,,2,7,6,2,5,1,1,2,0
5,5,7,0,0,2,3e-06,264,0,60,0,0,0,0,352000000.0,0.0,2,0,0,0,0,0,132,0,0,0,0.0,0.0,1424233188,1424233188,0.003,0.0,0.0,0.0,0.0,0,0,,,2,30,30,27,27,27,12,30,0
2,2,3,0,0,2,9e-06,114,0,254,0,0,0,0,50666664.0,0.0,2,0,0,0,0,0,57,0,0,0,0.0,0.0,1424239513,1424239513,0.009,0.0,0.0,0.0,0.0,0,2,,,2,25,25,5,5,5,5,26,1
1,2414,19,4,1,1,1.032977,1684,10168,31,29,3,5,3,12112.56445,74379.19531,14,18,255,255,3391381513,1243281282,120,565,1,3924,8768.401469,7677.36544,1424228046,1424228047,79.433464,60.729882,0.000686,0.000559,0.000127,0,0,1.0,,2,3,2,3,4,2,1,2,0
2,5,2,0,0,2,6e-06,114,0,254,0,0,0,0,76000000.0,0.0,2,0,0,0,0,0,57,0,0,0,0.0,0.0,1424253155,1424253155,0.006,0.0,0.0,0.0,0.0,0,2,,,2,24,24,15,15,15,6,24,1
6,2415,6,10,1,1,0.675294,564,354,254,252,2,1,2,6018.119629,3672.474609,10,8,255,255,3705269930,7039879,56,44,0,0,5502.837917,141.500125,1424228631,1424228632,75.032667,89.77957,0.059278,0.020846,0.038432,0,1,,,2,2,1,1,2,2,1,1,1
1,2416,12,4,1,1,1.221012,1684,10168,31,29,3,5,3,10247.23731,62924.85156,14,18,255,255,734318709,2902869349,120,565,1,3924,8854.268304,7753.109939,1424257051,1424257053,93.897,71.793412,0.000647,0.000521,0.000126,0,0,1.0,,2,1,2,2,2,1,1,1,0
8,2417,18,874,1,1,0.233362,4568,2768,31,29,7,7,2,150084.4219,90948.82813,24,24,255,255,1739899363,3888306090,190,115,0,0,755.534541,21.485383,1424245141,1424245142,10.130348,10.125739,0.000587,0.000467,0.00012,0,0,,,2,8,4,2,1,1,1,2,0
1,2418,18,875,1,1,0.015998,2542,22128,31,29,7,14,2,1239654.875,10802350.0,40,42,255,255,238801065,2388700668,64,527,0,0,24.196071,24.256857,1424250372,1424250372,0.400179,0.375366,0.000725,0.000598,0.000127,0,0,,,2,4,5,4,2,1,1,3,0
3,2,14,0,0,2,5e-06,114,0,254,0,0,0,0,91200000.0,0.0,2,0,0,0,0,0,57,0,0,0,0.0,0.0,1424245790,1424245790,0.005,0.0,0.0,0.0,0.0,0,2,,,2,13,13,13,13,13,13,13,1
9,2419,6,876,1,1,0.520387,364,630,62,252,1,2,5,4904.04248,8485.992188,8,8,255,255,4259959861,3020299421,46,79,0,0,5114.926851,155.002203,1424221929,1424221930,74.341002,67.384711,0.090225,0.045439,0.044786,0,1,,,2,1,1,2,2,1,1,2,1
12,2420,0,877,1,1,0.012945,2558,23470,31,29,7,14,2,1541908.125,14159598.0,40,42,255,255,1545612899,3706838975,64,559,0,0,0.0,18.042164,1424251863,1424251863,0.3325,0.30239,0.000685,0.000544,0.000141,0,0,,,2,1,10,1,2,1,1,1,0
3,2421,11,4,1,1,0.954931,864,354,254,252,2,1,3,6517.748047,2597.046143,10,8,255,255,3242532904,3740181589,86,44,1,0,5791.872478,238.817125,1424224446,1424224447,104.393667,126.089289,0.140826,0.072297,0.068529,0,1,1.0,,2,1,1,1,5,1,1,1,1
6,5,9,0,0,2,4e-06,114,0,254,0,0,0,0,114000000.0,0.0,2,0,0,0,0,0,57,0,0,0,0.0,0.0,1424224704,1424224704,0.004,0.0,0.0,0.0,0.0,0,2,,,2,9,9,9,9,9,9,9,1
6,2422,14,878,1,1,1.12088,2298,354,254,252,2,1,2,14766.96875,2212.547363,10,8,255,255,767230033,962104037,230,44,0,0,7368.802673,217.11825,1424254391,1424254392,121.134333,148.864422,0.147857,0.078825,0.069032,0,1,,,2,1,2,1,1,1,1,1,1
6,8,15,6,72,2,9e-06,200,0,254,0,0,0,2,88888888.0,0.0,2,0,0,0,0,0,100,0,0,0,0.0,0.0,1424251634,1424251634,0.009,0.0,0.0,0.0,0.0,0,2,,,2,5,5,1,1,1,1,5,1
13,2423,12,879,1,1,0.072879,3614,45854,31,29,7,24,2,390126.0938,4952318.0,60,62,255,255,392266423,2554767760,60,740,0,0,0.0,72.851624,1421950691,1421950691,1.229712,1.185164,0.000743,0.00058,0.000163,0,0,0.0,0.0,0,12,6,3,2,1,1,1,0
2,2,3,0,0,2,8e-06,114,0,254,0,0,0,0,57000000.0,0.0,2,0,0,0,0,0,57,0,0,0,0.0,0.0,1424239027,1424239027,0.008,0.0,0.0,0.0,0.0,0,2,,,2,42,42,42,42,42,23,42,1
2,2,3,0,0,2,6e-06,114,0,254,0,0,0,0,76000000.0,0.0,2,0,0,0,0,0,57,0,0,0,0.0,0.0,1424239144,1424239144,0.006,0.0,0.0,0.0,0.0,0,2,,,2,40,40,29,29,29,20,40,1
19,2,21,0,0,2,8e-06,264,0,60,0,0,0,0,132000000.0,0.0,2,0,0,0,0,0,132,0,0,0,0.0,0.0,1424258828,1424258828,0.008,0.0,0.0,0.0,0.0,0,0,,,2,20,20,18,18,18,18,20,0
12,2424,20,7,1,1,0.018368,1540,1644,31,29,4,4,2,628919.875,676393.75,16,18,255,255,981033142,3135335871,96,91,0,0,73.220848,2.157602,1424250860,1424250860,1.204333,1.053294,0.00057,0.000457,0.000113,0,0,,,2,8,15,8,8,6,1,6,0
2,8,15,6,3,2,9e-06,200,0,254,0,0,0,2,88888888.0,0.0,2,0,0,0,0,0,100,0,0,0,0.0,0.0,1424244408,1424244408,0.009,0.0,0.0,0.0,0.0,0,2,,,2,11,11,5,5,4,4,14,1
3,5,3,0,0,2,6e-06,114,0,254,0,0,0,0,76000000.0,0.0,2,0,0,0,0,0,57,0,0,0,0.0,0.0,1424231726,1424231726,0.006,0.0,0.0,0.0,0.0,0,2,,,2,33,33,14,14,14,14,33,1
10,2425,0,10,0,0,0.00957,568,312,31,29,0,0,2,356112.875,195611.2969,4,4,0,0,0,0,142,78,0,0,4.055257,3.824269,1421945434,1421945434,2.872,2.707667,0.0,0.0,0.0,0,0,0.0,0.0,0,22,14,15,24,2,2,7,0
12,2426,4,0,0,0,0.001062,146,178,31,29,0,0,0,549905.8125,670433.125,2,2,0,0,0,0,73,89,0,0,0.0,0.0,1421952525,1421952525,0.011,0.009,0.0,0.0,0.0,0,0,0.0,0.0,0,5,2,3,2,2,2,2,0
0,2427,12,880,1,1,0.062003,4238,63516,31,29,7,30,2,539328.75,8084512.0,72,74,255,255,146450581,2292153851,59,858,0,0,56.121915,55.584366,1424221949,1424221949,0.880743,0.852806,0.000737,0.000592,0.000145,0,0,,,2,7,5,3,3,1,1,2,0
3,5,3,0,0,2,3e-06,114,0,254,0,0,0,0,152000000.0,0.0,2,0,0,0,0,0,57,0,0,0,0.0,0.0,1424232041,1424232041,0.003,0.0,0.0,0.0,0.0,0,2,,,2,30,30,18,18,18,18,30,1
12,2428,0,881,1,1,0.353417,320,1884,31,29,1,2,5,6043.851562,37327.00781,6,8,255,255,2997084843,1391087917,53,236,0,0,4983.112415,123.167859,1421952933,1421952933,70.62,50.409855,0.000675,0.000545,0.00013,0,0,0.0,0.0,0,3,2,4,4,1,1,1,0
0,2429,13,882,1,1,0.02295,3614,44406,31,29,7,24,2,1238867.125,15229630.0,60,62,255,255,2192579278,2192891920,60,716,0,0,19.441158,19.488337,1421936624,1421936624,0.366712,0.365852,0.00076,0.000623,0.000137,0,0,0.0,0.0,0,11,5,3,4,1,1,2,0
8,2430,20,883,1,1,0.330987,3614,45500,31,29,7,24,2,85900.65625,1082580.25,60,64,255,255,2294014084,2294250862,60,711,0,0,361.139853,349.745673,1421945146,1421945146,5.604509,5.245857,0.000618,0.000492,0.000126,0,0,0.0,0.0,0,23,20,20,25,2,2,20,0
1,2431,10,884,1,1,0.016964,2990,33818,31,29,7,18,2,1380806.375,15629333.0,48,50,255,255,2461455031,2461725311,62,676,0,0,19.284606,19.424634,1424240647,1424240647,0.354255,0.334224,0.00073,0.000584,0.000146,0,0,,,2,3,3,2,4,1,1,1,0
2,2,3,0,0,2,5e-06,114,0,254,0,0,0,0,91200000.0,0.0,2,0,0,0,0,0,57,0,0,0,0.0,0.0,1424237565,1424237565,0.005,0.0,0.0,0.0,0.0,0,2,,,2,48,48,12,12,12,4,48,1
6,2432,24,26,1,1,43.817417,1144,536,254,252,6,1,2,198.4599,89.827293,20,12,255,255,1642315541,952633868,57,45,0,0,312547.6972,12395.24,1421928601,1421928644,2303.997684,3981.096,0.051918,0.025346,0.026572,0,1,0.0,0.0,0,8,7,3,3,3,2,3,1
2,2,3,0,0,2,1e-05,114,0,254,0,0,0,0,45600000.0,0.0,2,0,0,0,0,0,57,0,0,0,0.0,0.0,1421932579,1421932579,0.01,0.0,0.0,0.0,0.0,0,2,0.0,0.0,0,14,14,7,9,7,3,7,1
4,2433,10,8,1,1,0.021298,37466,3276,31,29,18,8,4,13802610.0,1200112.625,52,40,255,255,2931321009,2928264429,721,82,0,0,22.697819,1.043492,1421949481,1421949481,0.410824,0.531564,0.000721,0.000562,0.000159,0,0,0.0,0.0,0,1,3,6,7,1,1,4,0
1,662,13,0,0,0,0.000967,146,178,31,29,0,0,0,603929.6875,736297.8125,2,2,0,0,0,0,73,89,0,0,0.0,0.0,1421929558,1421929558,0.007,0.005,0.0,0.0,0.0,0,0,0.0,0.0,0,1,5,2,1,1,1,1,0
12,2434,0,9,1,1,0.073288,1920,4312,31,29,6,6,2,200087.3281,451151.625,22,24,255,255,3631398316,1482123550,87,180,0,0,348.103994,324.759191,1424224221,1424224221,3.6473,3.161131,0.0007,0.000572,0.000128,0,0,,,2,3,1,4,3,1,1,2,0
0,2435,12,0,0,0,0.003395,130,162,31,29,0,0,0,153166.4219,190868.9219,2,2,0,0,0,0,65,81,0,0,0.0,0.0,1424257905,1424257905,0.008,0.001,0.0,0.0,0.0,0,0,,,2,5,3,3,8,3,1,2,0
2,2436,11,4,1,1,1.765372,1104,1102,254,252,2,2,3,4504.433105,4495.369629,10,10,255,255,1104491260,2305774701,110,110,1,109,12218.59248,452.156719,1424256696,1424256698,196.152444,186.126781,0.202975,0.072264,0.130711,0,1,4.0,,2,2,2,2,2,2,2,2,1
11,2437,4,885,1,1,0.009515,2334,16822,31,29,7,12,2,1908565.5,13771940.0,36,38,255,255,1931160195,4088683044,65,443,0,0,15.313464,14.133514,1421961943,1421961943,0.261457,0.242459,0.000689,0.000537,0.000152,0,0,0.0,0.0,0,14,3,2,6,1,1,1,0
3,8,11,6,3,2,4e-06,200,0,254,0,0,0,2,200000000.0,0.0,2,0,0,0,0,0,100,0,0,0,0.0,0.0,1424230327,1424230327,0.004,0.0,0.0,0.0,0.0,0,2,,,2,4,4,1,2,1,1,4,1
19,5,21,0,0,2,9e-06,264,0,60,0,0,0,0,117333328.0,0.0,2,0,0,0,0,0,132,0,0,0,0.0,0.0,1424260407,1424260407,0.009,0.0,0.0,0.0,0.0,0,0,,,2,37,37,37,37,37,19,37,0
3,2438,3,10,0,2,6e-06,168,0,254,0,0,0,2,112000000.0,0.0,2,0,0,0,0,0,84,0,0,0,0.0,0.0,1424236331,1424236331,0.006,0.0,0.0,0.0,0.0,0,2,,,2,1,1,1,1,1,1,1,1
11,2439,12,30,1,1,6.342182,48360,85554,31,29,144,199,2,60902.69531,107759.7578,616,682,255,255,443256507,2588966151,79,125,0,0,804.841193,765.654102,1421944889,1421944895,10.31194,9.312116,0.000781,0.000621,0.00016,0,0,0.0,0.0,0,19,18,20,23,11,11,11,0
0,2440,1,0,0,0,0.001122,146,178,31,29,0,0,0,520499.0938,634581.0625,2,2,0,0,0,0,73,89,0,0,0.0,0.0,1421963709,1421963709,0.011,0.01,0.0,0.0,0.0,0,0,0.0,0.0,0,3,2,4,4,1,1,1,0
12,2441,4,886,1,1,0.015317,2646,23250,31,29,7,14,2,1349089.25,11839916.0,42,40,255,255,4247828974,2098564248,63,581,0,0,24.786183,23.9612,1421961853,1421961853,0.364024,0.376846,0.000774,0.000609,0.000165,0,0,0.0,0.0,0,10,9,5,2,1,1,2,0
3,8,11,6,32,2,9e-06,180,0,254,0,0,0,2,80000000.0,0.0,2,0,0,0,0,0,90,0,0,0,0.0,0.0,1424230151,1424230151,0.009,0.0,0.0,0.0,0.0,0,2,,,2,4,3,3,4,4,3,3,1
3,2,14,0,0,2,9e-06,114,0,254,0,0,0,0,50666664.0,0.0,2,0,0,0,0,0,57,0,0,0,0.0,0.0,1424246124,1424246124,0.009,0.0,0.0,0.0,0.0,0,2,,,2,15,15,15,15,15,15,15,1
11,2442,12,9,1,1,0.00428,1470,1728,31,29,5,4,2,2624299.0,3000000.0,22,14,255,255,4071373539,1922085529,67,123,0,0,12.583513,0.370489,1424236255,1424236255,0.20381,0.279,0.000654,0.000528,0.000126,0,0,,,2,2,4,2,2,1,1,1,0
3,5,3,0,0,2,9e-06,114,0,254,0,0,0,0,50666664.0,0.0,2,0,0,0,0,0,57,0,0,0,0.0,0.0,1424232512,1424232512,0.009,0.0,0.0,0.0,0.0,0,2,,,2,42,42,17,19,17,17,42,1
6,2,6,0,0,2,9e-06,114,0,254,0,0,0,0,50666664.0,0.0,2,0,0,0,0,0,57,0,0,0,0.0,0.0,1424261751,1424261751,0.009,0.0,0.0,0.0,0.0,0,2,,,2,17,17,19,18,17,17,17,1
11,2443,10,887,1,1,0.342506,4848,2976,31,29,7,7,2,109195.1719,67035.32031,28,28,255,255,439235685,2591725175,173,106,0,0,775.801599,20.896748,1424261410,1424261411,12.673815,12.666741,0.000627,0.000499,0.000128,0,0,,,2,8,9,1,1,1,1,5,0
3,2,14,0,0,2,8e-06,114,0,254,0,0,0,0,57000000.0,0.0,2,0,0,0,0,0,57,0,0,0,0.0,0.0,1424246022,1424246022,0.008,0.0,0.0,0.0,0.0,0,2,,,2,39,39,37,38,37,21,39,1
11,2444,1,888,1,1,0.027868,2750,28874,31,29,7,16,2,771637.6875,8108798.5,44,46,255,255,1836724754,3982401902,63,628,0,0,46.377321,46.097308,1421945650,1421945650,0.640698,0.607422,0.000636,0.000526,0.00011,0,0,0.0,0.0,0,11,16,12,12,4,4,4,0
19,5,21,0,0,2,7e-06,264,0,60,0,0,0,0,150857136.0,0.0,2,0,0,0,0,0,132,0,0,0,0.0,0.0,1424261104,1424261104,0.007,0.0,0.0,0.0,0.0,0,0,,,2,31,31,19,19,19,19,31,0
17,2445,19,889,1,1,0.019986,2646,23838,31,29,7,15,2,1033923.75,9325328.0,42,44,255,255,2038040267,2038311159,63,542,0,0,31.701875,30.248949,1421958525,1421958525,0.47961,0.450512,0.000762,0.000607,0.000155,0,0,0.0,0.0,0,14,3,3,13,1,1,1,0
11,2446,1,9,1,1,0.158186,2158,2464,31,29,6,6,2,104636.3125,119454.3125,24,24,255,255,87468902,87732586,90,103,0,0,443.613229,12.247271,1421944169,1421944169,6.862174,6.827696,0.001273,0.001142,0.000131,0,0,0.0,0.0,0,6,10,1,1,1,1,1,0
6,5,9,0,0,2,4e-06,114,0,254,0,0,0,0,114000000.0,0.0,2,0,0,0,0,0,57,0,0,0,0.0,0.0,1424225879,1424225879,0.004,0.0,0.0,0.0,0.0,0,2,,,2,8,8,8,8,8,8,8,1
12,2447,4,890,1,1,0.028892,3182,39076,31,29,7,20,2,864183.875,10619687.0,52,54,255,255,2403949200,2404266270,61,724,0,0,33.467885,31.232622,1421929634,1421929634,0.559804,0.533811,0.000717,0.00059,0.000127,0,0,0.0,0.0,0,5,11,2,3,1,1,1,0
9,2448,14,10,1,1,0.632515,564,354,254,252,2,1,2,6425.144043,3920.855469,10,8,255,255,569079954,4254837950,56,44,0,0,5438.838969,137.570641,1424248255,1424248256,69.009111,89.496711,0.051616,0.006033,0.045583,0,1,,,2,2,1,1,2,2,1,1,1
2,2449,3,26,1,1,1.709468,994,354,254,252,2,1,2,4188.4375,1450.743774,10,8,255,255,3934315297,3171907795,99,44,0,0,10799.31144,420.177313,1424220377,1424220379,179.684222,227.661859,0.176133,0.115827,0.060306,0,1,,,2,4,2,1,2,1,1,2,0
2,5,2,0,0,2,9e-06,114,0,254,0,0,0,0,50666664.0,0.0,2,0,0,0,0,0,57,0,0,0,0.0,0.0,1424253112,1424253112,0.009,0.0,0.0,0.0,0.0,0,2,,,2,37,37,18,18,18,18,37,1
9,8,15,6,3,2,5e-06,200,0,254,0,0,0,2,160000000.0,0.0,2,0,0,0,0,0,100,0,0,0,0.0,0.0,1424258856,1424258856,0.005,0.0,0.0,0.0,0.0,0,2,,,2,6,6,2,3,2,2,6,1
2,2,3,0,0,2,4e-06,114,0,254,0,0,0,0,114000000.0,0.0,2,0,0,0,0,0,57,0,0,0,0.0,0.0,1424238460,1424238460,0.004,0.0,0.0,0.0,0.0,0,2,,,2,43,43,24,24,24,24,43,1
0,2450,12,0,0,0,0.000954,146,178,31,29,0,0,2,612159.3125,746331.25,2,2,0,0,0,0,73,89,0,0,0.0,0.0,1421955845,1421955845,0.011,0.011,0.0,0.0,0.0,0,0,0.0,0.0,0,7,11,2,3,2,1,1,0
0,2451,10,891,1,1,0.248338,424,8824,31,29,1,4,5,11951.45313,260580.3438,8,12,255,255,2661327976,2728768514,53,735,0,0,2434.270679,1929.696883,1421931972,1421931972,35.424856,22.528545,0.000649,0.000523,0.000126,0,0,0.0,0.0,0,5,3,4,6,1,1,4,0
3,2,3,0,0,2,2e-06,114,0,254,0,0,0,0,228000000.0,0.0,2,0,0,0,0,0,57,0,0,0,0.0,0.0,1424231388,1424231388,0.002,0.0,0.0,0.0,0.0,0,2,,,2,40,40,40,40,40,25,40,1
6,2452,2,4,1,1,1.329632,1660,67200,62,252,3,25,3,9434.189453,396837.5938,18,54,255,255,3072130771,3765329787,92,1244,1,833,3954.989571,2943.367915,1424244104,1424244105,78.194,24.384982,0.161225,0.037224,0.124001,0,1,1.0,,2,1,1,1,1,1,1,1,1
6,8,17,6,88,2,8e-06,200,0,254,0,0,0,2,100000000.0,0.0,2,0,0,0,0,0,100,0,0,0,0.0,0.0,1424223203,1424223203,0.008,0.0,0.0,0.0,0.0,0,2,,,2,6,6,2,2,2,2,6,1
9,8,9,6,12,2,3e-06,78,0,254,0,0,0,2,104000000.0,0.0,2,0,0,0,0,0,39,0,0,0,0.0,0.0,1424223002,1424223002,0.003,0.0,0.0,0.0,0.0,0,2,,,2,1,1,1,1,1,1,1,1
2,5,3,0,0,2,1e-05,114,0,254,0,0,0,0,45600000.0,0.0,2,0,0,0,0,0,57,0,0,0,0.0,0.0,1424239994,1424239994,0.01,0.0,0.0,0.0,0.0,0,2,,,2,20,20,20,23,20,20,20,1
16,2,21,0,0,2,9e-06,264,0,60,0,0,0,0,117333328.0,0.0,2,0,0,0,0,0,132,0,0,0,0.0,0.0,1424224228,1424224228,0.009,0.0,0.0,0.0,0.0,0,0,,,2,10,10,8,8,8,8,10,0
0,2453,12,892,1,1,0.024955,2854,29168,31,29,7,17,2,895051.0625,9156001.0,46,48,255,255,3802313079,1653026255,62,608,0,0,42.433509,39.972576,1424233724,1424233724,0.559909,0.518277,0.000727,0.000587,0.00014,0,0,,,2,9,1,2,5,1,1,1,0
11,2454,0,893,1,1,0.113942,3806,53008,31,29,7,26,2,263081.2188,3665373.75,64,66,255,255,345295666,2515552120,59,803,0,0,97.593623,96.128949,1421938221,1421938221,1.803095,1.7456,0.000592,0.000472,0.00012,0,0,0.0,0.0,0,8,5,3,3,1,1,2,0
3,5,14,0,0,2,3e-06,114,0,254,0,0,0,0,152000000.0,0.0,2,0,0,0,0,0,57,0,0,0,0.0,0.0,1424247263,1424247263,0.003,0.0,0.0,0.0,0.0,0,2,,,2,39,39,17,17,17,17,39,1
2,2,3,0,0,2,9e-06,114,0,254,0,0,0,0,50666664.0,0.0,2,0,0,0,0,0,57,0,0,0,0.0,0.0,1424237738,1424237738,0.009,0.0,0.0,0.0,0.0,0,2,,,2,46,46,29,29,29,14,46,1
3,5,3,0,0,2,1e-05,114,0,254,0,0,0,0,45600000.0,0.0,2,0,0,0,0,0,57,0,0,0,0.0,0.0,1424231898,1424231898,0.01,0.0,0.0,0.0,0.0,0,2,,,2,46,46,43,44,43,18,46,1
8,2455,8,8,1,1,0.486789,37274,3380,31,29,18,8,4,600802.4375,54232.94531,52,42,255,255,3573302957,1424676732,717,80,0,0,782.070509,25.278135,1424225731,1424225731,9.538313,11.861098,0.000606,0.000479,0.000127,0,0,,,2,1,1,5,2,1,1,2,0
3,5,3,0,0,2,3e-06,114,0,254,0,0,0,0,152000000.0,0.0,2,0,0,0,0,0,57,0,0,0,0.0,0.0,1424232926,1424232926,0.003,0.0,0.0,0.0,0.0,0,2,,,2,23,23,18,19,18,18,23,1
4,2456,0,30,1,1,1.766124,25832,49682,31,29,78,103,2,116653.1875,224414.5938,326,356,255,255,802244773,2952126051,79,140,0,0,452.187589,433.64403,1421945215,1421945217,5.433222,4.973335,0.000698,0.00058,0.000118,0,0,0.0,0.0,0,20,4,4,14,4,4,4,0
17,2457,20,0,0,0,0.001061,132,164,31,29,0,0,0,497643.7188,618284.625,2,2,0,0,0,0,66,82,0,0,0.0,0.0,1424244840,1424244840,0.009,0.005,0.0,0.0,0.0,0,0,,,2,2,1,1,4,1,1,1,0
12,2458,12,4,1,1,1.005686,1684,10168,31,29,3,5,3,12441.25879,76397.60156,14,18,255,255,609005020,2759665022,120,565,0,0,8766.187935,7675.497206,1424242208,1424242209,77.334541,59.128647,0.00061,0.000496,0.000114,0,0,,,2,2,2,3,1,1,1,1,0
5,2,5,0,0,2,8e-06,264,0,60,0,0,0,0,132000000.0,0.0,2,0,0,0,0,0,132,0,0,0,0.0,0.0,1424240108,1424240108,0.008,0.0,0.0,0.0,0.0,0,0,,,2,27,27,14,14,14,14,27,0
3,2,14,0,0,2,8e-06,114,0,254,0,0,0,0,57000000.0,0.0,2,0,0,0,0,0,57,0,0,0,0.0,0.0,1424246221,1424246221,0.008,0.0,0.0,0.0,0.0,0,2,,,2,36,36,28,28,28,16,36,1
17,2459,12,894,0,0,0.001751,536,304,31,29,0,0,2,1836664.875,1041690.5,4,4,0,0,0,0,134,76,0,0,0.620132,0.317493,1421950986,1421950986,0.442,0.229,0.0,0.0,0.0,0,0,0.0,0.0,0,17,10,2,6,1,1,2,0
2,8,15,6,3,2,9e-06,200,0,254,0,0,0,2,88888888.0,0.0,2,0,0,0,0,0,100,0,0,0,0.0,0.0,1424244415,1424244415,0.009,0.0,0.0,0.0,0.0,0,2,,,2,3,3,1,1,1,1,5,1
2,2460,24,26,1,1,1.071039,534,354,254,252,2,1,2,3592.773193,2315.508789,10,8,255,255,2704070593,3655502487,53,44,0,0,6392.915775,242.679875,1424244734,1424244735,118.894,140.869422,0.14845,0.084952,0.063498,0,1,,,2,3,2,1,1,1,1,2,1
12,2461,18,1,1,1,0.848751,2934,3742,31,29,11,15,1,27126.91992,34620.28125,52,54,255,255,3326056470,3322759627,56,69,0,0,1430.699093,52.764715,1424237825,1424237825,16.96868,16.00466,0.000641,0.000501,0.00014,0,0,,1.0,3,1,1,2,2,1,1,1,0
2,2,2,0,0,2,8e-06,114,0,254,0,0,0,0,57000000.0,0.0,2,0,0,0,0,0,57,0,0,0,0.0,0.0,1424253872,1424253872,0.008,0.0,0.0,0.0,0.0,0,2,,,2,29,29,16,16,16,16,29,1
2,2,3,0,0,2,9e-06,114,0,254,0,0,0,0,50666664.0,0.0,2,0,0,0,0,0,57,0,0,0,0.0,0.0,1424238584,1424238584,0.009,0.0,0.0,0.0,0.0,0,2,,,2,25,25,25,25,25,14,25,1
14,2462,12,0,0,0,0.001043,146,178,31,29,0,0,0,559923.3125,682646.1875,2,2,0,0,0,0,73,89,0,0,0.0,0.0,1424233639,1424233639,0.009,0.007,0.0,0.0,0.0,0,0,,,2,1,1,1,4,1,1,1,0
9,2463,6,26,1,1,0.58252,534,268,254,252,2,1,2,6605.781738,3076.289062,10,6,255,255,1609899987,322888100,53,45,0,0,3290.805459,167.239031,1421930911,1421930911,64.724444,100.698398,0.11275,0.073924,0.038826,0,1,0.0,0.0,0,5,4,1,1,1,1,1,1
2,2,2,0,0,2,9e-06,114,0,254,0,0,0,0,50666664.0,0.0,2,0,0,0,0,0,57,0,0,0,0.0,0.0,1424251662,1424251662,0.009,0.0,0.0,0.0,0.0,0,2,,,2,17,17,17,17,17,8,17,1
10,2424,1,895,0,0,0.0017,544,304,31,29,0,0,2,1920000.0,1072941.125,4,4,0,0,0,0,136,76,0,0,0.617304,0.289692,1421941759,1421941759,0.441,0.209333,0.0,0.0,0.0,0,0,0.0,0.0,0,6,6,4,4,1,1,3,0
2,5,3,0,0,2,9e-06,114,0,254,0,0,0,0,50666664.0,0.0,2,0,0,0,0,0,57,0,0,0,0.0,0.0,1424238566,1424238566,0.009,0.0,0.0,0.0,0.0,0,2,,,2,43,43,20,21,20,20,43,1
6,2464,11,4,1,1,4.063359,68101,698,254,252,26,1,2,131766.8594,1289.573486,58,16,255,255,2321010494,2838679852,1174,44,1,0,10072.55027,472.855125,1424249477,1424249481,71.287,260.311937,0.343223,0.15789,0.185333,0,1,1.0,,2,2,1,1,1,1,1,1,1
1,2465,20,10,0,0,0.317161,568,304,31,29,0,0,2,10745.33106,5751.022461,4,4,0,0,0,0,142,76,0,0,118.785922,99.423695,1424226585,1424226585,84.002336,70.306664,0.0,0.0,0.0,0,0,,,2,5,11,2,4,2,1,4,0
2,2,3,0,0,2,7e-06,114,0,254,0,0,0,0,65142856.0,0.0,2,0,0,0,0,0,57,0,0,0,0.0,0.0,1421932383,1421932383,0.007,0.0,0.0,0.0,0.0,0,2,0.0,0.0,0,11,11,4,4,4,2,4,1
6,5,6,0,0,2,9e-06,114,0,254,0,0,0,0,50666664.0,0.0,2,0,0,0,0,0,57,0,0,0,0.0,0.0,1424260435,1424260435,0.009,0.0,0.0,0.0,0.0,0,2,,,2,42,42,9,10,9,9,42,1
9,8,15,6,3,2,3e-06,200,0,254,0,0,0,2,266666656.0,0.0,2,0,0,0,0,0,100,0,0,0,0.0,0.0,1424258857,1424258857,0.003,0.0,0.0,0.0,0.0,0,2,,,2,6,6,2,3,2,2,6,1
11,2466,1,18,1,1,0.031485,7814,14682,31,29,30,32,2,1969191.75,3701064.25,122,126,255,255,3137810571,3138840126,64,117,0,0,16.529419,14.223561,1424228730,1424228730,0.270791,0.247736,0.000648,0.000512,0.000136,0,0,,,2,2,8,8,3,1,1,2,0
10,2467,10,4,1,1,1.122458,1684,10168,31,29,3,5,3,11146.96484,68449.78125,14,18,255,255,3308458437,3305258369,120,565,1,524288,8807.486665,7710.494667,1421934628,1421934630,86.315772,65.997294,0.000634,0.000499,0.000135,0,0,2.0,0.0,0,1,1,1,1,1,1,1,0
11,2468,8,896,1,1,0.008871,2126,13968,31,29,7,11,2,1857738.625,12246646.0,32,36,255,255,1197132191,1197526284,66,388,0,0,15.77666,14.10981,1421960513,1421960513,0.275387,0.232486,0.00088,0.000723,0.000157,0,0,0.0,0.0,0,9,7,1,5,1,1,1,0
11,2469,10,9,1,1,1.001074,2054,2478,31,29,6,6,2,15671.16992,18979.61719,22,24,255,255,3316966364,1167682048,93,103,0,0,3176.738269,3030.194681,1421938680,1421938681,47.651716,43.500958,0.000653,0.000542,0.000111,0,0,0.0,0.0,0,3,3,4,3,1,1,2,0
3,2,3,0,0,2,3e-06,114,0,254,0,0,0,0,152000000.0,0.0,2,0,0,0,0,0,57,0,0,0,0.0,0.0,1424230659,1424230659,0.003,0.0,0.0,0.0,0.0,0,2,,,2,30,30,30,31,30,18,30,1
6,2470,9,10,0,2,8e-06,168,0,254,0,0,0,2,84000000.0,0.0,2,0,0,0,0,0,84,0,0,0,0.0,0.0,1424254216,1424254216,0.008,0.0,0.0,0.0,0.0,0,2,,,2,1,3,3,1,1,1,1,1
12,2471,13,897,1,1,0.063984,3302,37798,31,29,7,21,2,405226.3125,4641660.5,54,56,255,255,2500755252,2501042157,61,675,0,0,75.449191,72.507738,1424230468,1424230468,1.223981,1.152618,0.000742,0.000581,0.000161,0,0,,,2,2,1,1,2,1,1,1,0
2,2472,24,898,0,2,9e-06,610,0,254,0,0,0,2,271111104.0,0.0,2,0,0,0,0,0,305,0,0,0,0.0,0.0,1424225685,1424225685,0.009,0.0,0.0,0.0,0.0,0,2,,,2,8,1,1,1,1,1,3,1
17,2473,8,899,1,1,0.016645,2958,32368,31,29,7,18,2,1392370.125,15245900.0,48,50,255,255,4211630895,4211953394,62,647,0,0,19.870166,18.310762,1424229021,1424229021,0.347489,0.326939,0.000739,0.000616,0.000123,0,0,,,2,8,3,2,2,1,1,2,0
2,5,3,0,0,2,9e-06,114,0,254,0,0,0,0,50666664.0,0.0,2,0,0,0,0,0,57,0,0,0,0.0,0.0,1421932724,1421932724,0.009,0.0,0.0,0.0,0.0,0,2,0.0,0.0,0,10,10,3,3,3,3,3,1
0,2474,0,9,1,1,0.004092,1064,2260,31,29,4,4,2,1908113.375,4050831.0,12,12,255,255,3670420837,1525332898,89,188,0,0,17.965171,0.400993,1424257210,1424257210,0.340182,0.322364,0.000654,0.000538,0.000116,0,0,,,2,3,5,1,1,1,1,1,0
13,2475,12,900,1,1,0.23348,8928,320,31,29,4,1,5,284084.2813,9148.535156,14,6,255,255,4129750476,2314015407,638,53,0,0,1611.197696,68.134844,1421938743,1421938743,17.96,46.571602,0.000634,0.000491,0.000143,0,0,0.0,0.0,0,6,6,4,5,1,1,3,0
14,2476,4,9,1,1,0.00402,1064,2260,31,29,4,4,2,1942288.625,4123383.25,12,12,255,255,1372359794,3522197939,89,188,0,0,16.915763,0.383899,1424258813,1424258813,0.334091,0.318455,0.000631,0.000508,0.000123,0,0,,,2,5,7,2,3,1,1,2,0
3,5,14,0,0,2,9e-06,114,0,254,0,0,0,0,50666664.0,0.0,2,0,0,0,0,0,57,0,0,0,0.0,0.0,1424246164,1424246164,0.009,0.0,0.0,0.0,0.0,0,2,,,2,37,37,36,36,36,15,37,1
7,5,7,0,0,2,7e-06,264,0,60,0,0,0,0,150857136.0,0.0,2,0,0,0,0,0,132,0,0,0,0.0,0.0,1424246125,1424246125,0.007,0.0,0.0,0.0,0.0,0,0,,,2,17,17,16,16,16,16,17,0
3,2477,16,10,0,2,5e-06,168,0,254,0,0,0,2,134400000.0,0.0,2,0,0,0,0,0,84,0,0,0,0.0,0.0,1424261025,1424261025,0.005,0.0,0.0,0.0,0.0,0,2,,,2,1,1,1,1,1,1,1,1
12,2478,19,8,1,1,0.277708,37866,3380,31,29,19,8,4,1070621.0,95063.88281,54,42,255,255,2099526806,2100559260,701,80,0,0,551.303225,19.212021,1424251627,1424251628,5.333846,6.761463,0.000608,0.000485,0.000123,0,0,,,2,1,1,4,2,1,1,1,0
3,2479,9,4,1,1,1.774838,862,2832,62,252,2,2,3,3497.78418,11489.5,10,10,255,255,3433062243,3233088186,86,283,1,957,11060.86335,344.059844,1424249344,1424249346,197.093778,180.435563,0.233238,0.150917,0.082321,0,1,1.0,,2,1,2,2,2,1,1,1,1
8,2480,13,901,1,1,0.031941,4222,64070,31,29,7,30,2,1042922.875,15830437.0,72,74,255,255,503892540,2653784966,59,866,0,0,23.056523,22.870816,1421930254,1421930254,0.445394,0.429507,0.000712,0.000575,0.000137,0,0,0.0,0.0,0,9,4,3,1,1,1,1,0
11,2481,19,0,0,0,0.001034,130,162,31,29,0,0,0,502901.375,626692.5,2,2,0,0,0,0,65,81,0,0,0.0,0.0,1421960380,1421960380,0.007,0.008,0.0,0.0,0.0,0,0,0.0,0.0,0,1,2,1,1,1,1,1,0
0,2482,8,0,0,0,0.001043,146,178,31,29,0,0,0,559923.3125,682646.1875,2,2,0,0,0,0,73,89,0,0,0.0,0.0,1424237984,1424237984,0.008,0.007,0.0,0.0,0.0,0,0,,,2,1,3,5,3,1,1,2,0
8,2483,20,0,0,0,0.001008,146,178,31,29,0,0,0,579365.0625,706349.1875,2,2,0,0,0,0,73,89,0,0,0.0,0.0,1421959503,1421959503,0.011,0.004,0.0,0.0,0.0,0,0,0.0,0.0,0,2,2,2,1,1,1,1,0
3,8,15,6,4,2,1.5e-05,60,0,0,0,0,0,2,0.0,0.0,1,0,0,0,0,0,60,0,0,0,0.0,0.0,1424235401,1424235401,0.0,0.0,0.0,0.0,0.0,0,2,,,2,4,4,2,4,2,2,4,1
16,2,21,0,0,2,7e-06,264,0,60,0,0,0,0,150857136.0,0.0,2,0,0,0,0,0,132,0,0,0,0.0,0.0,1424224567,1424224567,0.007,0.0,0.0,0.0,0.0,0,0,,,2,17,17,8,8,8,8,17,0
17,2484,19,7,1,1,0.284957,1540,1644,31,29,4,4,2,40539.44922,43599.5625,16,18,255,255,2887285593,768554504,96,91,0,0,1330.73839,30.537813,1424246124,1424246124,18.973799,16.735471,0.000571,0.000452,0.000119,0,0,,,2,5,6,6,7,5,1,6,0
11,2485,0,30,1,1,2.597912,24344,29348,31,29,54,67,6,74641.47656,89989.1875,230,234,255,255,1892423711,4042249820,106,125,0,0,0.0,767.884945,1421930481,1421930484,11.344594,11.147021,0.00065,0.000525,0.000125,0,0,0.0,0.0,0,1,1,2,3,1,1,1,0
3,5,14,0,0,2,9e-06,114,0,254,0,0,0,0,50666664.0,0.0,2,0,0,0,0,0,57,0,0,0,0.0,0.0,1424247149,1424247149,0.009,0.0,0.0,0.0,0.0,0,2,,,2,33,33,12,11,11,11,34,1
2,5,2,0,0,2,8e-06,114,0,254,0,0,0,0,57000000.0,0.0,2,0,0,0,0,0,57,0,0,0,0.0,0.0,1424253689,1424253689,0.008,0.0,0.0,0.0,0.0,0,2,,,2,20,20,19,18,18,18,20,1
2,2486,24,902,1,1,0.716644,364,1824,62,252,1,2,5,3561.042969,17816.37695,8,8,255,255,2535711271,2132295895,46,228,0,0,6840.503524,163.019391,1421930632,1421930632,102.377717,95.382,0.122574,0.047998,0.074576,0,1,0.0,0.0,0,1,1,1,1,1,1,1,1
6,2487,15,33,1,1,2.509844,5154,860,254,252,4,2,2,15255.13086,2467.085449,14,10,255,255,3208139282,3691922612,368,86,0,0,15716.32113,414.111281,1424234599,1424234601,193.026689,260.311891,0.222021,0.167032,0.054989,0,1,,,2,7,1,1,2,2,1,1,1
0,2488,20,8,1,1,0.022394,37232,3380,31,29,18,8,4,13044923.0,1178887.25,52,42,255,255,2300230023,2305409131,716,80,0,0,23.382589,0.961115,1424238560,1424238560,0.432373,0.533415,0.000652,0.00052,0.000132,0,0,,,2,1,1,1,3,1,1,1,0
3,2,3,0,0,2,3e-06,114,0,254,0,0,0,0,152000000.0,0.0,2,0,0,0,0,0,57,0,0,0,0.0,0.0,1424233841,1424233841,0.003,0.0,0.0,0.0,0.0,0,2,,,2,41,41,25,25,25,25,41,1
14,2489,4,0,0,0,0.001089,146,178,31,29,0,0,0,536271.8125,653810.8125,2,2,0,0,0,0,73,89,0,0,0.0,0.0,1421968429,1421968429,0.01,0.006,0.0,0.0,0.0,0,0,0.0,0.0,0,7,7,4,1,1,1,1,0
1,2490,12,4,1,1,1.005889,1580,10168,31,29,3,5,3,11524.13379,76382.17969,12,18,255,255,2989398550,840899070,132,565,1,3924,9529.496102,7674.003478,1421951797,1421951798,91.41282,59.138121,0.000672,0.000536,0.000136,0,0,1.0,0.0,0,2,2,1,1,1,1,1,0
17,2491,19,903,1,1,0.019915,3302,37798,31,29,7,21,2,1301933.25,14912980.0,54,56,255,255,2695276827,2695560767,61,675,0,0,20.609944,20.337314,1424230540,1424230540,0.369868,0.358667,0.000665,0.000538,0.000127,0,0,,,2,4,2,2,4,1,1,1,0
9,2492,3,93,1,0,0.43243,998,86,62,252,2,1,2,15392.08691,795.504456,6,2,255,255,2201564242,1477878272,166,43,0,0,4338.412015,0.0,1424260314,1424260315,86.486,0.008,0.234331,0.187291,0.04704,0,3,,,2,4,4,2,2,2,1,4,0
2,8,17,6,12,2,6e-06,78,0,254,0,0,0,2,52000000.0,0.0,2,0,0,0,0,0,39,0,0,0,0.0,0.0,1424251410,1424251410,0.006,0.0,0.0,0.0,0.0,0,2,,,2,1,1,1,2,1,1,1,1
3,5,3,0,0,2,3e-06,114,0,254,0,0,0,0,152000000.0,0.0,2,0,0,0,0,0,57,0,0,0,0.0,0.0,1424232159,1424232159,0.003,0.0,0.0,0.0,0.0,0,2,,,2,43,43,43,43,43,18,43,1
17,2493,0,0,0,0,0.001039,130,162,31,29,0,0,0,500481.2188,623676.625,2,2,0,0,0,0,65,81,0,0,0.0,0.0,1424236804,1424236804,0.009,0.007,0.0,0.0,0.0,0,0,,,2,1,4,4,2,1,1,1,0
10,2494,19,713,1,1,0.00393,320,1834,31,29,1,2,5,543511.4375,3267175.5,6,8,255,255,451503087,2601656114,53,229,0,0,41.067443,0.691002,1421946693,1421946693,0.695,0.491429,0.000615,0.000483,0.000132,0,0,0.0,0.0,0,3,4,6,9,1,1,4,0
0,2495,4,8,1,1,0.36476,37228,3380,31,29,18,8,4,800811.4375,72376.35156,52,42,255,255,1866072802,4016719875,716,80,0,0,682.070861,22.611902,1421936204,1421936205,7.145314,8.883244,0.00068,0.000542,0.000138,0,0,0.0,0.0,0,2,1,3,2,1,1,1,0
6,2,6,0,0,2,2e-06,114,0,254,0,0,0,0,228000000.0,0.0,2,0,0,0,0,0,57,0,0,0,0.0,0.0,1424258863,1424258863,0.002,0.0,0.0,0.0,0.0,0,2,,,2,26,26,18,17,17,17,26,1
6,2,9,0,0,2,6e-06,114,0,254,0,0,0,0,76000000.0,0.0,2,0,0,0,0,0,57,0,0,0,0.0,0.0,1424223387,1424223387,0.006,0.0,0.0,0.0,0.0,0,2,,,2,16,16,4,4,4,1,16,1
14,2496,13,904,1,1,0.12434,4118,60840,31,29,7,28,2,261219.25,3858517.0,70,70,255,255,3705205672,3771908391,59,869,0,0,0.0,2.398617,1424260446,1424260446,1.796725,1.795217,0.000599,0.000468,0.000131,0,0,,,2,8,3,5,5,1,1,3,0
10,2497,4,4,1,1,1.87166,19202,1087890,31,29,2,370,3,81848.19531,4643715.0,360,746,255,255,2945677788,2950872453,53,1458,1,524288,270.15593,148.571375,1424253433,1424253435,5.227157,2.51167,0.000591,0.000463,0.000128,0,0,1.0,,2,1,2,4,8,1,1,3,0
4,2498,19,905,1,1,0.017956,2646,24694,31,29,7,15,2,1150813.125,10752061.0,42,44,255,255,2640294742,2644777219,63,561,0,0,26.503781,25.542186,1424239670,1424239670,0.4407,0.404721,0.000672,0.000552,0.00012,0,0,,,2,3,4,2,2,1,1,1,0
3,2,14,0,0,2,9e-06,114,0,254,0,0,0,0,50666664.0,0.0,2,0,0,0,0,0,57,0,0,0,0.0,0.0,1424247757,1424247757,0.009,0.0,0.0,0.0,0.0,0,2,,,2,20,20,3,3,3,3,20,1
1,2499,13,906,1,1,0.012031,2334,16734,31,29,7,12,2,1509434.0,10834677.0,36,38,255,255,1763339410,1763819917,65,440,0,0,0.0,17.844681,1421939984,1421939984,0.333257,0.307919,0.000796,0.000634,0.000162,0,0,0.0,0.0,0,8,6,5,2,1,1,1,0
13,2500,0,7,1,1,0.111585,5384,192828,31,29,10,71,2,381556.6563,13740413.0,86,164,255,255,3730779586,1589606926,63,1176,0,0,70.755866,41.756762,1421935506,1421935506,1.309012,0.681129,0.000718,0.000558,0.00016,0,0,0.0,0.0,0,18,8,9,10,6,1,6,0
7,2,7,0,0,2,3e-06,264,0,60,0,0,0,0,352000000.0,0.0,2,0,0,0,0,0,132,0,0,0,0.0,0.0,1424247497,1424247497,0.003,0.0,0.0,0.0,0.0,0,0,,,2,23,23,23,23,23,23,23,0
3,2501,2,907,0,2,9e-06,968,0,254,0,0,0,2,430222208.0,0.0,2,0,0,0,0,0,484,0,0,0,0.0,0.0,1424241458,1424241458,0.009,0.0,0.0,0.0,0.0,0,2,,,2,9,2,1,4,1,1,2,1
13,2502,10,0,0,0,0.000921,146,178,31,29,0,0,0,634093.375,773072.75,2,2,0,0,0,0,73,89,0,0,0.0,0.0,1424249958,1424249958,0.006,0.002,0.0,0.0,0.0,0,0,,,2,4,3,3,5,2,1,2,0
3,2,3,0,0,2,8e-06,114,0,254,0,0,0,0,57000000.0,0.0,2,0,0,0,0,0,57,0,0,0,0.0,0.0,1424233594,1424233594,0.008,0.0,0.0,0.0,0.0,0,2,,,2,34,34,34,34,34,20,34,1
13,2503,18,190,1,1,0.928454,8928,320,31,29,4,1,2,71439.1875,2300.598633,14,6,255,255,716041452,1431731169,638,53,0,0,6761.456257,291.696469,1421944955,1421944956,71.41954,185.559203,0.000652,0.000529,0.000123,0,0,0.0,0.0,0,3,10,19,26,4,4,11,0
3,2,14,0,0,2,9e-06,114,0,254,0,0,0,0,50666664.0,0.0,2,0,0,0,0,0,57,0,0,0,0.0,0.0,1424245846,1424245846,0.009,0.0,0.0,0.0,0.0,0,2,,,2,30,30,21,21,21,21,30,1
2,2,2,0,0,2,8e-06,114,0,254,0,0,0,0,57000000.0,0.0,2,0,0,0,0,0,57,0,0,0,0.0,0.0,1424252932,1424252932,0.008,0.0,0.0,0.0,0.0,0,2,,,2,23,23,23,23,23,11,23,1
2,5,2,0,0,2,6e-06,114,0,254,0,0,0,0,76000000.0,0.0,2,0,0,0,0,0,57,0,0,0,0.0,0.0,1424252925,1424252925,0.006,0.0,0.0,0.0,0.0,0,2,,,2,52,52,25,25,25,13,52,1
2,2,3,0,0,2,3e-06,114,0,254,0,0,0,0,152000000.0,0.0,2,0,0,0,0,0,57,0,0,0,0.0,0.0,1424240492,1424240492,0.003,0.0,0.0,0.0,0.0,0,2,,,2,22,22,12,12,12,12,22,1
2,2,2,0,0,2,3e-06,114,0,254,0,0,0,0,152000000.0,0.0,2,0,0,0,0,0,57,0,0,0,0.0,0.0,1424252959,1424252959,0.003,0.0,0.0,0.0,0.0,0,2,,,2,27,27,23,23,23,10,27,1
10,2504,8,908,0,0,0.001751,544,304,31,29,0,0,2,1864077.75,1041690.5,4,4,0,0,0,0,136,76,0,0,0.618483,0.314665,1421943584,1421943584,0.441333,0.229,0.0,0.0,0.0,0,0,0.0,0.0,0,9,7,2,6,1,1,2,0
3,2,14,0,0,2,7e-06,114,0,254,0,0,0,0,65142856.0,0.0,2,0,0,0,0,0,57,0,0,0,0.0,0.0,1424246399,1424246399,0.007,0.0,0.0,0.0,0.0,0,2,,,2,29,29,22,23,22,22,30,1
13,2505,4,0,0,0,0.00108,146,178,31,29,0,0,0,540740.75,659259.3125,2,2,0,0,0,0,73,89,0,0,0.0,0.0,1421951946,1421951946,0.01,0.008,0.0,0.0,0.0,0,0,0.0,0.0,0,1,2,1,1,1,1,1,0
2,2,3,0,0,2,1.7e-05,114,0,254,0,0,0,0,26823528.0,0.0,2,0,0,0,0,0,57,0,0,0,0.0,0.0,1424237457,1424237457,0.017,0.0,0.0,0.0,0.0,0,2,,,2,41,41,24,24,24,24,41,1
10,2506,20,9,1,1,0.009375,2062,2204,31,29,6,6,2,1687039.875,1795413.25,24,22,255,255,2008312875,2008618709,86,100,0,0,32.641817,26.27905,1421932865,1421932865,0.390391,0.416952,0.000762,0.00061,0.000152,0,0,0.0,0.0,0,10,6,2,4,2,1,2,0
6,2507,9,10,0,2,4e-06,168,0,254,0,0,0,2,168000000.0,0.0,2,0,0,0,0,0,84,0,0,0,0.0,0.0,1424240361,1424240361,0.004,0.0,0.0,0.0,0.0,0,2,,,2,1,1,1,2,1,1,1,1
8,2508,0,9,1,1,0.005949,1920,4312,31,29,6,6,2,2464952.25,5557909.0,22,24,255,255,382431607,2532335596,87,180,0,0,17.406049,13.259983,1424250619,1424250619,0.293316,0.230261,0.000765,0.000644,0.000121,0,0,,,2,5,5,4,5,1,1,1,0
4,2509,4,4,1,1,1.004676,1580,10168,31,29,3,5,3,11538.04785,76474.40625,12,18,255,255,2166147836,21772585,132,565,1,0,9524.437236,7673.509779,1424238213,1424238214,91.302726,59.066942,0.000673,0.000532,0.000141,0,0,1.0,,2,2,1,4,4,2,1,3,0
3,5,14,0,0,2,3e-06,114,0,254,0,0,0,0,152000000.0,0.0,2,0,0,0,0,0,57,0,0,0,0.0,0.0,1424247395,1424247395,0.003,0.0,0.0,0.0,0.0,0,2,,,2,18,18,17,18,17,17,18,1
8,2510,18,8,1,1,0.023585,37242,3276,31,29,18,8,4,12389570.0,1083739.75,52,40,255,255,1086345014,1087332223,716,82,0,0,26.996298,1.163068,1424257496,1424257496,0.455882,0.591359,0.000638,0.000519,0.000119,0,0,,,2,2,1,1,2,1,1,6,0
0,2511,8,909,1,1,0.057979,3926,54818,31,29,7,27,2,533572.5,7452629.5,66,68,255,255,2756006450,633095884,59,806,0,0,59.019135,59.517533,1421947047,1421947047,0.885523,0.84909,0.001252,0.001086,0.000166,0,0,0.0,0.0,0,5,10,5,2,1,1,1,0
2,5,3,0,0,2,3e-06,114,0,254,0,0,0,0,152000000.0,0.0,2,0,0,0,0,0,57,0,0,0,0.0,0.0,1424237730,1424237730,0.003,0.0,0.0,0.0,0.0,0,2,,,2,44,44,44,45,44,20,44,1
14,2512,12,910,1,1,0.007026,424,8824,31,29,1,4,2,422430.9688,9210362.0,8,12,255,255,24166977,2178172715,53,735,0,0,65.464923,38.594869,1421932501,1421932501,0.957,0.592545,0.000641,0.000505,0.000136,0,0,0.0,0.0,0,14,13,9,9,1,1,4,0
1,2513,8,911,1,1,0.011958,2542,21006,31,29,7,14,2,1658471.25,13718682.0,40,42,255,255,444885655,2594782056,64,500,0,0,17.808821,16.925043,1421933754,1421933754,0.314,0.277439,0.000724,0.000573,0.000151,0,0,0.0,0.0,0,15,8,4,4,1,1,2,0
2,2514,24,912,1,1,0.301242,2918,356,254,252,3,2,2,71039.23438,8285.697266,12,8,255,255,3904546457,4033236281,243,45,0,0,1446.799415,62.875391,1424236374,1424236374,26.228,42.00643,0.053162,0.007193,0.045969,0,1,,,2,1,1,1,1,1,1,1,1
2,5,2,0,0,2,9e-06,114,0,254,0,0,0,0,50666664.0,0.0,2,0,0,0,0,0,57,0,0,0,0.0,0.0,1424253781,1424253781,0.009,0.0,0.0,0.0,0.0,0,2,,,2,29,29,18,18,18,18,29,1
1,2515,13,913,1,1,0.029891,3926,56526,31,29,7,27,2,1034960.375,14906159.0,66,68,255,255,572238031,572551804,59,831,0,0,26.294058,25.576593,1424242369,1424242369,0.462141,0.436836,0.000741,0.000614,0.000127,0,0,,,2,6,2,3,2,1,1,1,0
2,2,2,0,0,2,7e-06,114,0,254,0,0,0,0,65142856.0,0.0,2,0,0,0,0,0,57,0,0,0,0.0,0.0,1424253386,1424253386,0.007,0.0,0.0,0.0,0.0,0,2,,,2,31,31,16,16,16,16,31,1
17,2516,10,914,1,1,0.04186,2438,19138,31,29,7,13,2,453702.8125,3566173.0,38,40,255,255,3631280863,3703437911,64,478,0,0,71.937417,69.100821,1424236780,1424236780,1.122405,1.059615,0.000654,0.000532,0.000122,0,0,,,2,9,8,3,2,1,1,2,0
13,2517,0,7,1,1,0.27087,1540,1644,31,29,4,4,2,42647.76563,45867.01953,16,18,255,255,2560107781,2587386394,96,91,0,0,1094.177139,30.486178,1424259327,1424259327,18.036866,15.904,0.000875,0.000494,0.000381,0,0,,,2,7,4,5,9,4,1,5,0
2,2,3,0,0,2,1e-06,114,0,254,0,0,0,0,456000000.0,0.0,2,0,0,0,0,0,57,0,0,0,0.0,0.0,1424237593,1424237593,0.001,0.0,0.0,0.0,0.0,0,2,,,2,49,49,30,30,30,16,49,1
16,5,21,0,0,2,2e-06,264,0,60,0,0,0,0,528000000.0,0.0,2,0,0,0,0,0,132,0,0,0,0.0,0.0,1424224677,1424224677,0.002,0.0,0.0,0.0,0.0,0,0,,,2,28,28,13,13,13,7,28,0
2,2,2,0,0,2,9e-06,114,0,254,0,0,0,0,50666664.0,0.0,2,0,0,0,0,0,57,0,0,0,0.0,0.0,1424253108,1424253108,0.009,0.0,0.0,0.0,0.0,0,2,,,2,20,20,15,15,15,15,20,1
2,5,2,0,0,2,8e-06,114,0,254,0,0,0,0,57000000.0,0.0,2,0,0,0,0,0,57,0,0,0,0.0,0.0,1424253750,1424253750,0.008,0.0,0.0,0.0,0.0,0,2,,,2,29,29,18,18,18,18,29,1
14,2518,20,0,0,0,0.001066,146,178,31,29,0,0,0,547842.4375,667917.4375,2,2,0,0,0,0,73,89,0,0,0.0,0.0,1424245129,1424245129,0.006,0.007,0.0,0.0,0.0,0,0,,,2,2,1,4,4,2,1,2,0
4,2519,18,0,0,0,0.001072,146,178,31,29,0,0,0,544776.125,664179.125,2,2,0,0,0,0,73,89,0,0,0.0,0.0,1424220050,1424220050,0.003,0.007,0.0,0.0,0.0,0,0,,,2,2,3,5,7,1,1,2,0
2,5,2,0,0,2,9e-06,114,0,254,0,0,0,0,50666664.0,0.0,2,0,0,0,0,0,57,0,0,0,0.0,0.0,1424252441,1424252441,0.009,0.0,0.0,0.0,0.0,0,2,,,2,22,22,18,18,18,18,22,1
6,2520,24,1,1,1,1.73152,1198,1664,62,252,7,9,1,5285.529297,7341.526367,22,22,255,255,1893417924,3348639971,54,76,0,0,4219.115259,4680.05775,1424243911,1424243913,82.453335,78.343426,0.120081,0.056063,0.064018,0,1,,1.0,3,1,1,1,1,1,1,1,1
6,2,6,0,0,2,9e-06,114,0,254,0,0,0,0,50666664.0,0.0,2,0,0,0,0,0,57,0,0,0,0.0,0.0,1424259611,1424259611,0.009,0.0,0.0,0.0,0.0,0,2,,,2,21,21,5,5,5,5,21,1
0,2521,10,0,0,0,0.001074,146,178,31,29,0,0,0,543761.625,662942.25,2,2,0,0,0,0,73,89,0,0,0.0,0.0,1421947277,1421947277,0.008,0.006,0.0,0.0,0.0,0,0,0.0,0.0,0,7,2,3,6,1,1,1,0
0,1867,8,7,1,1,0.020077,1540,1644,31,29,4,4,2,575384.8125,618817.5625,16,18,255,255,1805581347,1810586837,96,91,0,0,76.814835,2.35347,1421934454,1421934454,1.316533,1.100647,0.001541,0.001361,0.00018,0,0,0.0,0.0,0,15,25,10,6,4,1,4,0
11,2522,0,915,1,1,0.047447,320,1916,31,29,1,2,5,45018.65234,282757.5938,6,8,255,255,2611122833,2617060289,53,240,0,0,658.396071,16.124177,1424256990,1424256990,9.4258,6.713143,0.000561,0.000452,0.000109,0,0,,,2,3,3,6,6,1,1,7,0
2,2,3,0,0,2,8e-06,114,0,254,0,0,0,0,57000000.0,0.0,2,0,0,0,0,0,57,0,0,0,0.0,0.0,1424239858,1424239858,0.008,0.0,0.0,0.0,0.0,0,2,,,2,24,24,26,25,24,24,24,1
6,2,6,0,0,2,9e-06,114,0,254,0,0,0,0,50666664.0,0.0,2,0,0,0,0,0,57,0,0,0,0.0,0.0,1424260666,1424260666,0.009,0.0,0.0,0.0,0.0,0,2,,,2,23,23,9,9,9,9,23,1
2,2,3,0,0,2,1.2e-05,114,0,254,0,0,0,0,38000000.0,0.0,2,0,0,0,0,0,57,0,0,0,0.0,0.0,1421933475,1421933475,0.012,0.0,0.0,0.0,0.0,0,2,0.0,0.0,0,9,9,3,3,3,3,3,1
14,2523,8,4,1,1,1.158696,19098,1087890,31,29,2,370,2,131492.6406,7501066.5,358,746,255,255,84887944,85890581,53,1458,0,0,195.552843,115.455494,1421933753,1421933754,3.244745,1.554631,0.000615,0.000492,0.000123,0,0,0.0,0.0,0,11,8,4,4,2,1,1,0
6,5,6,0,0,2,9e-06,114,0,254,0,0,0,0,50666664.0,0.0,2,0,0,0,0,0,57,0,0,0,0.0,0.0,1424259940,1424259940,0.009,0.0,0.0,0.0,0.0,0,2,,,2,33,33,16,16,16,16,33,1
11,2524,12,10,0,0,0.005274,568,320,31,29,0,0,2,646188.8125,364050.0625,4,4,0,0,0,0,142,80,0,0,1.653688,1.796052,1424246849,1424246849,1.174333,1.275,0.0,0.0,0.0,0,0,,,2,5,7,4,6,1,1,3,0
14,2525,8,4,1,1,1.161011,1684,10168,31,29,3,5,3,10776.81445,66176.80469,14,18,255,255,2080444139,2103075814,120,565,1,3924,8836.867282,7737.386565,1424251828,1424251829,89.281382,68.262471,0.000669,0.000545,0.000124,0,0,1.0,,2,1,2,5,1,1,1,1,0
3,5,14,0,0,2,6e-06,114,0,254,0,0,0,0,76000000.0,0.0,2,0,0,0,0,0,57,0,0,0,0.0,0.0,1424244499,1424244499,0.006,0.0,0.0,0.0,0.0,0,2,,,2,17,17,17,18,17,17,18,1
6,5,6,0,0,2,9e-06,114,0,254,0,0,0,0,50666664.0,0.0,2,0,0,0,0,0,57,0,0,0,0.0,0.0,1424260155,1424260155,0.009,0.0,0.0,0.0,0.0,0,2,,,2,28,28,15,16,15,15,28,1
10,2526,12,0,0,0,0.000983,130,162,31,29,0,0,0,528992.875,659206.5,2,2,0,0,0,0,65,81,0,0,0.0,0.0,1424224975,1424224975,0.001,0.001,0.0,0.0,0.0,0,0,,,2,2,4,1,4,1,1,4,0
17,2527,1,916,1,1,0.016019,2854,31354,31,29,7,17,2,1394344.25,15332293.0,46,48,255,255,3481128476,3477251571,62,653,0,0,19.302643,18.181038,1424260277,1424260277,0.345889,0.327106,0.000777,0.000637,0.00014,0,0,,,2,6,4,2,6,1,1,3,0
6,5,6,0,0,2,9e-06,114,0,254,0,0,0,0,50666664.0,0.0,2,0,0,0,0,0,57,0,0,0,0.0,0.0,1424260093,1424260093,0.009,0.0,0.0,0.0,0.0,0,2,,,2,31,31,14,14,14,14,31,1
29,8,27,6,13,3,0.0,384,0,1,0,0,0,2,51.195545,0.0,6,0,0,0,0,0,64,0,0,0,0.052412,0.0,1421966600,1421966650,10000.878,0.0,0.0,0.0,0.0,0,0,0.0,0.0,0,2,4,4,2,2,4,2,0
13,2528,13,917,1,1,0.366148,5174,85520,31,29,7,39,2,111801.7891,1848236.25,90,92,255,255,3842805605,1825227855,57,930,0,0,214.962816,209.321704,1421967143,1421967143,4.11,3.968615,0.007806,0.005001,0.002805,0,0,0.0,0.0,0,7,10,7,3,1,1,1,0
2,5,3,0,0,2,5e-06,114,0,254,0,0,0,0,91200000.0,0.0,2,0,0,0,0,0,57,0,0,0,0.0,0.0,1424238943,1424238943,0.005,0.0,0.0,0.0,0.0,0,2,,,2,38,38,26,26,26,10,38,1
3,2529,16,8,1,1,1.498865,4303,1632,62,252,9,8,4,22011.32227,8278.263672,24,20,255,255,1655021062,3789712706,179,82,0,0,3258.539105,98.417578,1424250563,1424250564,65.168042,75.511477,0.156165,0.063348,0.092817,0,1,,,2,1,1,2,1,1,1,1,1
3,2,3,0,0,2,2e-06,114,0,254,0,0,0,0,228000000.0,0.0,2,0,0,0,0,0,57,0,0,0,0.0,0.0,1424232107,1424232107,0.002,0.0,0.0,0.0,0.0,0,2,,,2,23,23,16,16,16,16,23,1
10,2530,20,520,1,1,0.222446,424,8824,31,29,1,4,5,13342.56445,290911.0625,8,12,255,255,2273279598,229331805,53,735,0,0,2142.459027,1701.338774,1424237762,1424237762,31.733858,20.170454,0.000701,0.000567,0.000134,0,0,,,2,2,2,3,4,1,1,3,0
17,2531,12,4,1,1,4.084717,18994,1087890,31,29,2,370,3,37096.32813,2127799.0,356,746,255,255,1807705259,1808753334,53,1458,1,0,749.759701,501.164459,1421945865,1421945869,11.505346,5.482156,0.000647,0.000506,0.000141,0,0,1.0,0.0,0,1,3,1,1,1,1,1,0
14,2532,10,4,1,1,1.004734,1580,10168,31,29,3,4,3,11537.38184,76469.98438,12,18,255,255,3052122804,3053135913,132,565,1,3924,9524.477001,7674.490492,1424244077,1424244078,91.306912,59.069939,0.000691,0.000541,0.00015,0,0,1.0,,2,1,3,8,7,1,1,7,0
13,2533,20,918,1,1,0.019556,2974,31400,31,29,7,18,2,1191654.625,12588259.0,48,50,255,255,2072796170,4228081113,62,628,0,0,0.0,21.692136,1424232643,1424232643,0.409043,0.396917,0.000619,0.0005,0.000119,0,0,,,2,6,3,2,4,1,1,1,0
1,2534,8,4,1,1,1.013459,1580,10168,31,29,3,5,3,11438.05566,75811.65625,12,18,255,255,3033860827,889539918,132,565,0,0,9540.162833,7714.866472,1421931256,1421931257,92.098274,59.583586,0.000666,0.000533,0.000133,0,0,0.0,0.0,0,2,4,4,7,1,1,1,0
8,2535,0,7,1,1,0.283554,1540,1644,31,29,4,4,2,40740.03906,43815.28906,16,18,255,255,640929762,2826173948,96,91,0,0,1152.33883,35.158953,1421969550,1421969550,18.882267,16.651059,0.000628,0.000479,0.000149,0,0,0.0,0.0,0,8,18,8,10,6,1,7,0
6,2536,17,141,1,0,0.23841,172,86,254,60,1,1,2,4328.677734,1442.892578,4,2,255,255,1850156558,2868563473,43,43,0,0,4351.788263,0.0,1424235158,1424235158,79.47,0.007,0.23839,0.081536,0.156854,0,0,,,2,13,16,4,3,3,1,13,0
6,5,9,0,0,2,9e-06,114,0,254,0,0,0,0,50666664.0,0.0,2,0,0,0,0,0,57,0,0,0,0.0,0.0,1424223689,1424223689,0.009,0.0,0.0,0.0,0.0,0,2,,,2,16,16,9,10,9,9,16,1
17,2537,12,7,1,1,0.019727,1540,1644,31,29,4,4,2,585593.375,629796.75,16,18,255,255,1351878115,1356433789,96,91,0,0,76.333672,2.305038,1424259253,1424259254,1.293533,1.133059,0.000574,0.000462,0.000112,0,0,,,2,8,8,9,10,6,1,6,0
17,2538,4,4,1,1,1.011896,1684,10168,31,29,3,5,3,12364.90723,75928.75,14,18,255,255,409595345,2555914494,120,565,1,3924,8765.30894,7675.076301,1424262037,1424262038,77.811305,59.494529,0.000619,0.000487,0.000132,0,0,1.0,,2,2,2,3,1,1,1,1,0
1,2539,13,8,1,1,0.503772,37342,3276,31,29,18,8,4,581596.4375,50737.23438,52,40,255,255,1886900817,1887874350,718,82,0,0,922.442477,31.233252,1424255976,1424255976,10.0686,12.904743,0.000655,0.000482,0.000173,0,0,,,2,1,1,3,3,1,1,2,0
13,2540,4,18,1,1,1.985936,7814,15104,31,29,30,32,2,31219.53516,60364.48047,122,126,255,255,4023461113,4035183691,64,120,0,0,1146.900026,1127.295759,1424246931,1424246933,16.409726,15.883744,0.000584,0.000465,0.000119,0,0,,,2,6,3,3,4,1,1,1,0
10,2541,20,919,1,1,0.245067,4664,2768,31,29,7,7,2,145919.2813,86604.89063,24,24,255,255,1008749049,3161556167,194,115,0,0,785.843598,22.295781,1424252549,1424252549,10.640304,10.631435,0.000665,0.00054,0.000125,0,0,,,2,4,11,6,5,1,1,3,0
13,2542,8,7,1,1,7.979932,25472,1094788,31,29,38,390,2,25479.91602,1096263.0,454,858,255,255,4254891596,4290600311,56,1276,0,0,6863.810029,4980.453071,1424233563,1424233571,17.654022,9.310878,0.00083,0.000501,0.000329,0,0,,,2,1,1,4,2,1,1,2,0
7,5,7,0,0,2,9e-06,264,0,60,0,0,0,0,117333328.0,0.0,2,0,0,0,0,0,132,0,0,0,0.0,0.0,1424247962,1424247962,0.009,0.0,0.0,0.0,0.0,0,0,,,2,35,35,12,12,12,12,35,0
1,2543,1,920,1,1,0.01162,2438,19440,31,29,7,13,2,1634423.375,13049225.0,38,40,255,255,2595816397,2596135368,64,486,0,0,17.908478,15.707846,1421965788,1421965788,0.313667,0.280795,0.000814,0.000659,0.000155,0,0,0.0,0.0,0,6,7,2,3,1,1,1,0
2,2,2,0,0,2,4e-06,114,0,254,0,0,0,0,114000000.0,0.0,2,0,0,0,0,0,57,0,0,0,0.0,0.0,1424253920,1424253920,0.004,0.0,0.0,0.0,0.0,0,2,,,2,33,33,15,16,15,15,33,1
3,2,3,0,0,2,3e-06,114,0,254,0,0,0,0,152000000.0,0.0,2,0,0,0,0,0,57,0,0,0,0.0,0.0,1424232303,1424232303,0.003,0.0,0.0,0.0,0.0,0,2,,,2,34,34,16,18,16,16,34,1
3,2544,16,33,1,1,0.709935,1134,826,254,252,3,2,2,11719.38281,8383.866211,12,10,255,255,829441222,1644292974,95,83,0,0,4193.568607,107.056438,1424260056,1424260057,63.019727,72.827445,0.097715,0.054486,0.043229,0,1,,,2,3,3,1,1,1,1,3,0
11,2545,4,921,1,1,0.031014,4238,66608,31,29,7,30,2,1078222.75,16949250.0,72,74,255,255,2792268824,2792567847,59,900,0,0,22.42387,21.753202,1421931632,1421931632,0.431254,0.416836,0.000727,0.000575,0.000152,0,0,0.0,0.0,0,11,4,5,4,1,1,3,0
14,2546,13,4,1,1,1.041272,1580,10168,31,29,3,5,3,11132.53711,73786.67188,12,18,255,255,2340240827,191687457,132,565,1,3924,9537.154972,7679.319195,1424248042,1424248043,94.629724,61.222703,0.000596,0.000482,0.000114,0,0,1.0,,2,1,1,1,2,1,1,1,0
6,2547,3,10,0,2,8e-06,168,0,254,0,0,0,2,84000000.0,0.0,2,0,0,0,0,0,84,0,0,0,0.0,0.0,1424247046,1424247046,0.008,0.0,0.0,0.0,0.0,0,2,,,2,1,1,1,1,1,1,2,1
2,2548,6,8,1,1,5.60775,94003,2144,62,252,41,8,4,132580.8125,2963.042236,88,32,255,255,4172134271,2018348996,1068,67,0,0,10364.57054,515.13075,1424242365,1424242371,64.456898,178.112156,0.180796,0.08555,0.095246,0,1,,,2,1,1,1,1,1,1,2,1
3,8,11,6,3,2,1e-06,200,0,254,0,0,0,2,800000000.0,0.0,2,0,0,0,0,0,100,0,0,0,0.0,0.0,1424230404,1424230404,0.001,0.0,0.0,0.0,0.0,0,2,,,2,2,2,2,2,1,1,3,1
2,8,6,6,39,2,3e-06,180,0,254,0,0,0,2,239999984.0,0.0,2,0,0,0,0,0,90,0,0,0,0.0,0.0,1424237259,1424237259,0.003,0.0,0.0,0.0,0.0,0,2,,,2,10,10,11,10,10,10,10,1
9,2549,16,64,0,2,3e-06,152,0,254,0,0,0,2,202666656.0,0.0,2,0,0,0,0,0,76,0,0,0,0.0,0.0,1424260509,1424260509,0.003,0.0,0.0,0.0,0.0,0,2,,,2,5,5,3,3,3,1,5,1
5,5,7,0,0,2,4e-06,264,0,60,0,0,0,0,264000000.0,0.0,2,0,0,0,0,0,132,0,0,0,0.0,0.0,1424232520,1424232520,0.004,0.0,0.0,0.0,0.0,0,0,,,2,46,46,24,24,24,24,46,0
3,2,14,0,0,2,3e-06,114,0,254,0,0,0,0,152000000.0,0.0,2,0,0,0,0,0,57,0,0,0,0.0,0.0,1424247312,1424247312,0.003,0.0,0.0,0.0,0.0,0,2,,,2,22,22,22,22,22,22,22,1
6,5,9,0,0,2,8e-06,114,0,254,0,0,0,0,57000000.0,0.0,2,0,0,0,0,0,57,0,0,0,0.0,0.0,1424223677,1424223677,0.008,0.0,0.0,0.0,0.0,0,2,,,2,20,20,5,4,4,4,20,1
17,2550,4,0,0,0,0.001091,146,178,31,29,0,0,0,535288.6875,652612.25,2,2,0,0,0,0,73,89,0,0,0.0,0.0,1421967763,1421967763,0.01,0.008,0.0,0.0,0.0,0,0,0.0,0.0,0,3,4,8,8,3,1,5,0
12,2551,12,922,1,1,0.741812,5032,3080,31,29,7,7,2,52336.71094,32115.95508,28,30,255,255,3523885830,1381828620,180,103,0,0,1721.523007,45.875055,1421957528,1421957529,27.462816,25.561932,0.000642,0.000509,0.000133,0,0,0.0,0.0,0,9,12,6,1,1,1,1,0
9,2552,6,18,1,1,1.494053,1170,41696,62,252,6,21,2,5981.046387,218412.5938,22,46,255,255,3076575322,1850418744,53,906,0,0,3651.670624,2402.707916,1424237836,1424237837,71.145378,32.183223,0.108029,0.045024,0.063005,0,1,,,2,3,1,1,1,1,1,1,1
3,2,3,0,0,2,8e-06,114,0,254,0,0,0,0,57000000.0,0.0,2,0,0,0,0,0,57,0,0,0,0.0,0.0,1424231843,1424231843,0.008,0.0,0.0,0.0,0.0,0,2,,,2,31,31,31,31,31,18,31,1
14,2553,12,8,1,1,0.526941,37354,3380,31,29,18,8,4,556206.5,50100.48438,52,42,255,255,3593757040,3746532833,718,80,0,0,767.904927,25.615701,1424253738,1424253739,10.324784,12.839512,0.000653,0.000518,0.000135,0,0,,,2,2,2,6,1,1,1,1,0
2,2,2,0,0,2,9e-06,114,0,254,0,0,0,0,50666664.0,0.0,2,0,0,0,0,0,57,0,0,0,0.0,0.0,1424252918,1424252918,0.009,0.0,0.0,0.0,0.0,0,2,,,2,42,42,34,34,34,16,42,1
2,5,2,0,0,2,1.8e-05,114,0,254,0,0,0,0,25333332.0,0.0,2,0,0,0,0,0,57,0,0,0,0.0,0.0,1424254218,1424254218,0.018,0.0,0.0,0.0,0.0,0,2,,,2,29,29,13,15,13,13,29,1
8,2554,20,923,0,0,0.001625,528,304,31,29,0,0,2,1949538.375,1122461.5,4,4,0,0,0,0,132,76,0,0,0.564271,0.280958,1421967237,1421967237,0.403,0.202667,0.0,0.0,0.0,0,0,0.0,0.0,0,4,6,6,3,1,1,3,0
2,2,2,0,0,2,6e-06,114,0,254,0,0,0,0,76000000.0,0.0,2,0,0,0,0,0,57,0,0,0,0.0,0.0,1424253527,1424253527,0.006,0.0,0.0,0.0,0.0,0,2,,,2,30,30,16,17,16,16,30,1
6,2555,24,8,1,1,1.663431,18483,1944,62,252,13,8,4,86115.98438,8926.128906,32,22,255,255,2568773102,1221705961,578,88,0,0,3143.070659,87.484844,1424245130,1424245132,53.659065,74.392047,0.122016,0.064522,0.057494,0,1,,,2,1,1,1,1,1,1,1,1
6,2,6,0,0,2,9e-06,114,0,254,0,0,0,0,50666664.0,0.0,2,0,0,0,0,0,57,0,0,0,0.0,0.0,1424260195,1424260195,0.009,0.0,0.0,0.0,0.0,0,2,,,2,32,32,32,32,32,16,33,1
14,2556,10,4,1,1,1.136079,1580,10168,31,29,3,5,3,10203.5166,67629.10156,12,18,255,255,2709620558,2710679230,132,565,1,3924,10599.39248,8534.824806,1421962613,1421962614,103.248276,66.795178,0.001668,0.000557,0.001111,0,0,1.0,0.0,0,3,1,5,6,1,1,1,0
17,2557,1,10,0,0,0.146378,568,312,31,29,0,0,2,23282.1875,12788.80762,4,4,0,0,0,0,142,78,0,0,46.183973,61.760121,1424225051,1424225051,32.666,43.677,0.0,0.0,0.0,0,0,,,2,7,6,2,4,1,1,3,0
8,2558,8,924,0,0,0.001773,520,304,31,29,0,0,2,1759729.25,1028764.813,4,4,0,0,0,0,130,76,0,0,0.623433,0.320087,1421928231,1421928231,0.445333,0.233333,0.0,0.0,0.0,0,0,0.0,0.0,0,6,10,3,4,1,1,2,0
3,2,14,0,0,2,2e-06,114,0,254,0,0,0,0,228000000.0,0.0,2,0,0,0,0,0,57,0,0,0,0.0,0.0,1424247322,1424247322,0.002,0.0,0.0,0.0,0.0,0,2,,,2,29,29,22,22,22,22,29,1
2,8,15,6,89,2,9e-06,200,0,254,0,0,0,2,88888888.0,0.0,2,0,0,0,0,0,100,0,0,0,0.0,0.0,1424244385,1424244385,0.009,0.0,0.0,0.0,0.0,0,2,,,2,12,12,4,4,3,3,16,1
3,2,3,0,0,2,1e-06,114,0,254,0,0,0,0,456000000.0,0.0,2,0,0,0,0,0,57,0,0,0,0.0,0.0,1424232008,1424232008,0.001,0.0,0.0,0.0,0.0,0,2,,,2,45,45,41,41,41,24,45,1
2,5,2,0,0,2,5e-06,114,0,254,0,0,0,0,91200000.0,0.0,2,0,0,0,0,0,57,0,0,0,0.0,0.0,1424253191,1424253191,0.005,0.0,0.0,0.0,0.0,0,2,,,2,34,34,34,34,34,18,34,1
2,2,2,0,0,2,9e-06,114,0,254,0,0,0,0,50666664.0,0.0,2,0,0,0,0,0,57,0,0,0,0.0,0.0,1424255015,1424255015,0.009,0.0,0.0,0.0,0.0,0,2,,,2,34,34,34,34,34,16,34,1
2,8,6,6,12,2,1e-05,200,0,254,0,0,0,2,80000000.0,0.0,2,0,0,0,0,0,100,0,0,0,0.0,0.0,1424237361,1424237361,0.01,0.0,0.0,0.0,0.0,0,2,,,2,4,4,2,4,2,2,4,1
3,2,14,0,0,2,3e-06,114,0,254,0,0,0,0,152000000.0,0.0,2,0,0,0,0,0,57,0,0,0,0.0,0.0,1424246296,1424246296,0.003,0.0,0.0,0.0,0.0,0,2,,,2,40,40,37,39,37,21,40,1
4,2559,0,925,1,1,0.095071,5486,92746,31,29,7,42,2,456837.5,7724753.0,96,98,255,255,3346566022,1211093992,57,946,0,0,0.0,61.762303,1421935309,1421935309,0.997295,0.97465,0.000663,0.000527,0.000136,0,0,0.0,0.0,0,6,9,2,3,1,1,2,0
3,2560,17,64,0,2,8e-06,200,0,254,0,0,0,2,100000000.0,0.0,2,0,0,0,0,0,100,0,0,0,0.0,0.0,1421932377,1421932377,0.008,0.0,0.0,0.0,0.0,0,2,0.0,0.0,0,18,17,6,6,6,1,6,1
2,8,15,6,50,2,9e-06,200,0,254,0,0,0,2,88888888.0,0.0,2,0,0,0,0,0,100,0,0,0,0.0,0.0,1424244377,1424244377,0.009,0.0,0.0,0.0,0.0,0,2,,,2,8,8,4,4,4,4,15,1
3,5,3,0,0,2,8e-06,114,0,254,0,0,0,0,57000000.0,0.0,2,0,0,0,0,0,57,0,0,0,0.0,0.0,1424232292,1424232292,0.008,0.0,0.0,0.0,0.0,0,2,,,2,33,33,8,8,8,8,33,1
14,2561,18,4,1,1,1.004692,1580,10168,31,29,3,5,3,11537.86523,76473.1875,12,18,255,255,1134384596,1135419876,132,565,1,3924,9524.514621,7675.003452,1424247764,1424247765,91.304547,59.067472,0.000666,0.000541,0.000125,0,0,1.0,,2,1,1,1,1,1,1,1,0
4,2562,12,8,1,1,0.034812,37272,3380,31,29,18,8,4,8400781.0,758359.1875,52,42,255,255,1189383708,3335774038,717,80,0,0,42.649194,1.819453,1424237914,1424237914,0.675255,0.836439,0.000625,0.000513,0.000112,0,0,,,2,2,1,4,3,1,1,4,0
10,2563,1,926,1,1,0.012946,2230,14994,31,29,7,11,2,1337865.0,9008497.0,34,36,255,255,2278828073,2279113415,66,417,0,0,31.736504,29.641241,1421932343,1421932343,0.382455,0.352686,0.000741,0.000592,0.000149,0,0,0.0,0.0,0,10,12,3,3,1,1,1,0
10,2564,20,927,1,1,0.226397,8928,320,31,29,4,1,2,292972.0938,9434.753906,14,6,255,255,4228907151,241433683,638,53,0,0,1563.694584,66.844891,1421934552,1421934552,17.415154,45.123,0.000806,0.000648,0.000158,0,0,0.0,0.0,0,10,8,5,3,1,1,3,0
12,2565,18,928,1,1,0.390764,4728,3080,31,29,7,7,2,93355.57813,60967.74609,28,30,255,255,3196510709,1076309739,169,103,0,0,796.747903,20.090066,1424230634,1424230634,14.460814,13.454586,0.000717,0.000577,0.00014,0,0,,,2,7,3,1,1,1,1,1,0
1,2566,8,0,0,0,0.001111,146,178,31,29,0,0,0,525652.5625,640864.125,2,2,0,0,0,0,73,89,0,0,0.0,0.0,1424239980,1424239980,0.009,0.007,0.0,0.0,0.0,0,0,,,2,4,4,4,3,2,1,3,0
1,2567,19,673,1,1,0.002816,320,1900,31,29,1,2,5,758522.75,4724432.0,6,8,255,255,2191617352,45793427,53,238,0,0,27.645177,0.549945,1424248342,1424248342,0.5016,0.328286,0.000657,0.000515,0.000142,0,0,,,2,3,6,5,5,1,1,4,0
2,5,2,0,0,2,9e-06,114,0,254,0,0,0,0,50666664.0,0.0,2,0,0,0,0,0,57,0,0,0,0.0,0.0,1424252613,1424252613,0.009,0.0,0.0,0.0,0.0,0,2,,,2,27,27,19,21,18,18,28,1
5,2,7,0,0,2,9e-06,264,0,60,0,0,0,0,117333328.0,0.0,2,0,0,0,0,0,132,0,0,0,0.0,0.0,1424232220,1424232220,0.009,0.0,0.0,0.0,0.0,0,0,,,2,36,36,3,3,3,3,36,0
6,2568,6,10,1,1,0.692337,564,354,254,252,2,1,2,5869.974121,3582.070801,10,8,255,255,3248870364,532940775,56,44,0,0,5590.061003,145.493516,1421930598,1421930598,76.926333,93.216141,0.066067,0.03166,0.034407,0,1,0.0,0.0,0,1,1,1,2,1,1,1,1
12,2569,0,7,1,1,0.01886,1540,1644,31,29,4,4,2,612513.25,658748.6875,16,18,255,255,594601236,600164337,96,91,0,0,76.271203,2.069473,1421963240,1421963240,1.236267,1.082059,0.000593,0.000461,0.000132,0,0,0.0,0.0,0,14,10,8,9,6,1,6,0
3,5,14,0,0,2,3e-06,114,0,254,0,0,0,0,152000000.0,0.0,2,0,0,0,0,0,57,0,0,0,0.0,0.0,1424246074,1424246074,0.003,0.0,0.0,0.0,0.0,0,2,,,2,40,40,15,16,15,15,40,1
8,2570,13,929,1,1,0.016866,2974,32564,31,29,7,18,2,1381714.625,15137199.0,48,50,255,255,2686276344,541237071,62,651,0,0,19.290534,18.563158,1424248640,1424248640,0.352255,0.337979,0.000761,0.000634,0.000127,0,0,,,2,6,4,2,4,1,1,1,0
4,2571,13,930,1,1,0.029229,3078,30514,31,29,7,18,2,825755.25,8184748.0,50,50,255,255,461874067,480146054,62,610,0,0,0.0,1.042922,1421970305,1421970305,0.589143,0.575204,0.001186,0.00104,0.000146,0,0,0.0,0.0,0,8,3,1,5,1,1,1,0
9,8,15,6,3,2,5e-06,200,0,254,0,0,0,2,160000000.0,0.0,2,0,0,0,0,0,100,0,0,0,0.0,0.0,1424258880,1424258880,0.005,0.0,0.0,0.0,0.0,0,2,,,2,6,6,3,4,3,3,6,1
3,5,3,0,0,2,7e-06,114,0,254,0,0,0,0,65142856.0,0.0,2,0,0,0,0,0,57,0,0,0,0.0,0.0,1424233293,1424233293,0.007,0.0,0.0,0.0,0.0,0,2,,,2,17,17,17,18,17,17,17,1
3,2,3,0,0,2,8e-06,114,0,254,0,0,0,0,57000000.0,0.0,2,0,0,0,0,0,57,0,0,0,0.0,0.0,1424231579,1424231579,0.008,0.0,0.0,0.0,0.0,0,2,,,2,40,40,40,41,40,24,40,1
9,8,15,6,80,2,8e-06,200,0,254,0,0,0,2,100000000.0,0.0,2,0,0,0,0,0,100,0,0,0,0.0,0.0,1424258789,1424258789,0.008,0.0,0.0,0.0,0.0,0,2,,,2,4,4,1,2,1,1,4,1
3,582,11,33,1,1,0.436589,1198,712,254,252,3,2,2,20137.93359,11415.77051,12,8,255,255,2516575958,2368581528,100,89,0,0,2803.538871,114.920984,1424247905,1424247906,38.321454,60.595145,0.026535,0.012414,0.014121,0,1,,,2,2,2,1,19,1,1,2,1
12,2572,4,0,0,0,0.001379,146,178,31,29,0,0,0,423495.2813,516316.1563,2,2,0,0,0,0,73,89,0,0,0.0,0.0,1424220316,1424220316,0.006,0.003,0.0,0.0,0.0,0,0,,,2,2,2,2,4,1,1,3,0
3,2573,17,4,1,1,0.664685,2506,40568,62,252,6,16,3,28657.18359,474715.0938,20,36,255,255,3287548559,965738997,125,1127,1,109,1743.150082,1440.849651,1424241105,1424241106,34.983421,18.741086,0.05384,0.007977,0.045863,0,1,1.0,,2,2,1,1,1,1,1,1,1
6,2574,16,12,0,2,9e-06,104,0,254,0,0,0,2,46222220.0,0.0,2,0,0,0,0,0,52,0,0,0,0.0,0.0,1424246820,1424246820,0.009,0.0,0.0,0.0,0.0,0,2,,,2,3,1,2,1,1,1,1,1
19,5,21,0,0,2,2e-06,264,0,60,0,0,0,0,528000000.0,0.0,2,0,0,0,0,0,132,0,0,0,0.0,0.0,1424261529,1424261529,0.002,0.0,0.0,0.0,0.0,0,0,,,2,26,26,16,16,16,16,26,0
2,2575,9,4,1,1,0.184828,1070,268,254,252,2,1,3,41681.99609,9695.500977,10,6,255,255,2688265924,3171108609,107,45,1,0,1043.020867,62.715395,1424243443,1424243443,19.446111,35.442602,0.05273,0.007609,0.045121,0,1,1.0,,2,1,1,1,1,1,1,1,1
14,2576,0,931,1,1,0.026049,2230,13500,31,29,7,11,2,664900.8125,4030865.0,34,36,255,255,1041991724,3187692106,66,375,0,0,52.835179,49.899271,1421928744,1421928744,0.779576,0.726657,0.000741,0.000605,0.000136,0,0,0.0,0.0,0,5,4,1,4,1,1,1,0
4,2577,10,932,1,1,0.037701,3806,55844,31,29,7,26,2,795098.3125,11670354.0,64,66,255,255,3535854317,1390746065,59,846,0,0,34.983298,33.464347,1424240889,1424240889,0.602871,0.571292,0.00071,0.000554,0.000156,0,0,,,2,7,1,1,2,1,1,1,0
17,2578,4,933,1,1,0.012659,2334,16528,31,29,7,12,2,1434552.5,10170787.0,36,38,255,255,4279636755,4279964355,65,435,0,0,20.377875,18.904345,1421968092,1421968092,0.351486,0.325541,0.000748,0.000603,0.000145,0,0,0.0,0.0,0,2,4,1,2,1,1,1,0
6,2579,24,8,1,1,1.344087,5691,1820,62,252,9,8,4,32462.18359,10291.0,24,20,255,255,608473818,1767135249,237,91,0,0,2982.758803,78.491867,1424251283,1424251284,58.438566,66.469578,0.102004,0.080442,0.021562,0,1,,,2,1,1,1,2,1,1,1,1
2,1518,3,33,1,1,1.360205,1490,796,254,252,3,2,2,8034.083008,4217.01123,12,10,255,255,807739674,258267612,124,80,0,0,7505.954248,191.979141,1421927995,1421927997,119.390915,142.725328,0.137453,0.075666,0.061787,0,1,0.0,0.0,0,4,2,1,2,1,1,1,1
5,2,5,0,0,2,5e-06,264,0,60,0,0,0,0,211200000.0,0.0,2,0,0,0,0,0,132,0,0,0,0.0,0.0,1424239036,1424239036,0.005,0.0,0.0,0.0,0.0,0,0,,,2,31,31,27,27,27,14,31,0
2,2,3,0,0,2,8e-06,114,0,254,0,0,0,0,57000000.0,0.0,2,0,0,0,0,0,57,0,0,0,0.0,0.0,1424238901,1424238901,0.008,0.0,0.0,0.0,0.0,0,2,,,2,38,38,24,24,24,24,38,1
16,2,21,0,0,2,3e-06,264,0,60,0,0,0,0,352000000.0,0.0,2,0,0,0,0,0,132,0,0,0,0.0,0.0,1424224218,1424224218,0.003,0.0,0.0,0.0,0.0,0,0,,,2,16,16,8,8,8,8,16,0
4,2580,8,0,0,0,0.001065,130,162,31,29,0,0,0,488262.9375,608450.75,2,2,0,0,0,0,65,81,0,0,0.0,0.0,1424233273,1424233273,0.008,0.007,0.0,0.0,0.0,0,0,,,2,2,2,2,2,2,1,3,0
14,2581,12,934,0,0,0.001775,544,304,31,29,0,0,2,1838873.25,1027605.625,4,4,0,0,0,0,136,76,0,0,0.647946,0.30147,1424236237,1424236237,0.462667,0.217667,0.0,0.0,0.0,0,0,,,2,15,6,6,7,1,1,4,0
2,2,3,0,0,2,4e-06,114,0,254,0,0,0,0,114000000.0,0.0,2,0,0,0,0,0,57,0,0,0,0.0,0.0,1424238460,1424238460,0.004,0.0,0.0,0.0,0.0,0,2,,,2,43,43,24,24,24,24,43,1
0,2582,1,935,1,1,0.00307,8928,424,31,29,4,1,5,21605212.0,966775.1875,14,8,255,255,3052538334,913325133,638,53,0,0,14.607464,0.717944,1424240337,1424240337,0.236154,0.3755,0.00063,0.000491,0.000139,0,0,,,2,1,1,1,1,1,1,2,0
9,2583,16,936,1,1,0.17214,2284,1826,254,252,2,2,3,95550.13281,74265.13281,10,8,255,255,349844958,1163656630,228,228,1,481,970.738883,42.944688,1424257248,1424257248,19.126667,23.267715,0.055431,0.008734,0.046697,0,1,1.0,,2,1,1,1,1,1,1,1,1
3,5,14,0,0,2,9e-06,114,0,254,0,0,0,0,50666664.0,0.0,2,0,0,0,0,0,57,0,0,0,0.0,0.0,1424246145,1424246145,0.009,0.0,0.0,0.0,0.0,0,2,,,2,28,28,17,17,17,17,28,1
7,2,7,0,0,2,9e-06,264,0,60,0,0,0,0,117333328.0,0.0,2,0,0,0,0,0,132,0,0,0,0.0,0.0,1424244653,1424244653,0.009,0.0,0.0,0.0,0.0,0,0,,,2,39,39,26,26,26,16,39,0
6,2,6,0,0,2,3e-06,114,0,254,0,0,0,0,152000000.0,0.0,2,0,0,0,0,0,57,0,0,0,0.0,0.0,1424260102,1424260102,0.003,0.0,0.0,0.0,0.0,0,2,,,2,25,25,25,25,25,14,25,1
4,2584,4,937,1,1,0.034631,2230,14370,31,29,7,11,2,500129.9688,3227397.5,34,36,255,255,4261049030,2157103330,66,399,0,0,0.0,63.256375,1421956538,1421956538,1.039091,0.973,0.000706,0.000572,0.000134,0,0,0.0,0.0,0,11,7,2,7,1,1,1,0
2,2585,14,4,1,1,0.51296,1708,115690,62,252,2,44,3,25436.67969,1784669.25,22,92,255,255,3502303690,2179247773,78,1258,1,55622,1223.613013,685.918154,1421927568,1421927568,24.426667,5.401352,0.062523,0.016525,0.045998,0,1,1.0,0.0,0,2,2,1,1,1,1,1,1
13,2586,20,4,1,1,1.007972,1580,10168,31,29,3,5,3,11500.31934,76224.33594,12,18,255,255,2148653661,4240631,132,565,1,3924,9530.596916,7676.317183,1424255726,1424255727,91.602452,59.259296,0.000701,0.00056,0.000141,0,0,1.0,,2,1,1,4,7,1,1,2,0
6,5,6,0,0,2,8e-06,114,0,254,0,0,0,0,57000000.0,0.0,2,0,0,0,0,0,57,0,0,0,0.0,0.0,1424260693,1424260693,0.008,0.0,0.0,0.0,0.0,0,2,,,2,40,40,33,33,33,16,40,1
9,2587,2,1,1,1,2.663947,1166,1692,62,252,7,9,1,3342.408691,4870.967773,22,24,255,255,963011431,4197675361,53,71,0,0,6381.354985,7652.725345,1424236502,1424236504,126.854622,110.351954,0.160193,0.12503,0.035163,0,1,,1.0,3,1,1,2,2,1,1,2,1
6,2588,2,8,1,1,2.035469,137144,2372,62,252,58,8,4,534599.125,9051.476562,122,34,255,255,3815447168,1741595871,1124,70,0,0,1651.222942,78.504133,1424233779,1424233781,16.962242,59.652031,0.086073,0.02746,0.058613,0,1,,,2,1,1,1,1,1,1,1,1
13,2589,1,938,1,1,0.022855,2558,23470,31,29,7,14,2,873331.875,8019951.5,40,42,255,255,1037460081,3206014810,64,559,0,0,0.0,37.242088,1421959489,1421959489,0.576872,0.544561,0.000658,0.000524,0.000134,0,0,0.0,0.0,0,11,10,8,2,1,1,1,0
6,5,6,0,0,2,4e-06,114,0,254,0,0,0,0,114000000.0,0.0,2,0,0,0,0,0,57,0,0,0,0.0,0.0,1424260467,1424260467,0.004,0.0,0.0,0.0,0.0,0,2,,,2,23,23,9,9,9,9,23,1
10,2590,8,0,0,0,0.001073,146,178,31,29,0,0,0,544268.375,663560.125,2,2,0,0,0,0,73,89,0,0,0.0,0.0,1424240614,1424240614,0.008,0.005,0.0,0.0,0.0,0,0,,,2,5,4,4,5,3,1,5,0
0,2591,19,939,1,1,0.02,2854,26302,31,29,7,16,2,1116800.0,10282000.0,46,44,255,255,1717879924,3863536794,62,598,0,0,0.0,0.823494,1421939336,1421939336,0.436667,0.451744,0.000716,0.000571,0.000145,0,0,0.0,0.0,0,6,4,2,6,1,1,1,0
2,5,2,0,0,2,5e-06,114,0,254,0,0,0,0,91200000.0,0.0,2,0,0,0,0,0,57,0,0,0,0.0,0.0,1424253664,1424253664,0.005,0.0,0.0,0.0,0.0,0,2,,,2,34,34,19,18,18,18,34,1
9,2592,11,940,1,1,0.492003,1024,268,254,252,2,1,2,14991.77832,3642.25415,10,6,255,255,2075103015,1870197466,102,45,0,0,2640.939774,92.2755,1424232704,1424232704,48.417,65.878203,0.19633,0.162602,0.033728,0,1,,,2,4,1,1,2,1,1,1,1
2,2593,9,33,1,1,1.338678,986,828,254,252,3,2,2,5402.344727,4458.129395,12,10,255,255,785600767,1193074717,82,83,0,0,7252.336077,198.348109,1424241617,1424241619,121.613727,130.792219,0.296346,0.161547,0.134799,0,1,,,2,2,2,1,1,1,1,2,1
6,2594,24,330,0,2,5e-06,100,0,254,0,0,0,10,80000000.0,0.0,2,0,0,0,0,0,50,0,0,0,0.0,0.0,1424237237,1424237237,0.005,0.0,0.0,0.0,0.0,0,2,,,2,1,1,1,1,1,1,1,1
11,2595,4,10,0,0,0.005256,568,312,31,29,0,0,2,648401.8125,356164.375,4,4,0,0,0,0,142,78,0,0,2.021854,1.721571,1424248285,1424248285,1.432667,1.223333,0.0,0.0,0.0,0,0,,,2,8,12,5,4,1,1,6,0
0,2596,12,941,1,1,0.033977,3390,41228,31,29,7,22,2,784059.875,9540101.0,56,58,255,255,379764132,379990949,61,711,0,0,33.986884,32.929872,1424245110,1424245111,0.612145,0.583807,0.00081,0.000697,0.000113,0,0,,,2,4,10,5,6,1,1,1,0
6,2597,24,8,1,1,1.555921,31676,1854,62,252,17,8,4,158799.8438,9100.719727,40,22,255,255,1400329668,1881099408,792,84,0,0,2756.455195,88.006383,1424240829,1424240831,39.895409,69.620859,0.106397,0.049771,0.056626,0,1,,,2,1,1,1,1,1,1,1,1
2,2,3,0,0,2,3e-06,114,0,254,0,0,0,0,152000000.0,0.0,2,0,0,0,0,0,57,0,0,0,0.0,0.0,1424240523,1424240523,0.003,0.0,0.0,0.0,0.0,0,2,,,2,13,13,1,1,1,1,13,1
3,2,3,0,0,2,8e-06,114,0,254,0,0,0,0,57000000.0,0.0,2,0,0,0,0,0,57,0,0,0,0.0,0.0,1424231843,1424231843,0.008,0.0,0.0,0.0,0.0,0,2,,,2,31,31,31,31,31,18,31,1
0,2598,1,4,1,1,1.125051,1580,10168,31,29,3,5,3,10303.53223,68292.01563,12,18,255,255,92885758,93905264,132,565,1,3924,9959.630586,8019.464056,1421950278,1421950280,102.245273,66.145706,0.000731,0.000571,0.00016,0,0,1.0,0.0,0,2,3,3,2,1,1,1,0
3,2599,6,4,1,1,2.640133,1288,96,254,252,6,1,3,3578.607666,145.44722,12,2,255,255,1099379166,1070029935,107,48,0,0,20607.75913,0.0,1421931391,1421931394,240.012097,0.004,0.206978,0.105559,0.101419,0,1,0.0,0.0,0,2,1,1,1,1,1,1,1
12,2600,8,942,1,1,0.023983,3390,44722,31,29,7,22,2,1110786.875,14660718.0,56,58,255,255,724256049,2869970863,61,771,0,0,23.925409,23.023415,1424248830,1424248830,0.438333,0.409702,0.000748,0.000622,0.000126,0,0,,,2,8,11,4,3,1,1,4,0
3,2601,6,4,1,1,1.220866,856,8158,62,252,2,3,3,5052.151855,49007.83594,10,12,255,255,4217097765,3103584889,86,680,1,3581,7992.481842,9321.677304,1424235096,1424235098,135.556,102.761273,0.140115,0.090484,0.049631,0,1,1.0,,2,1,1,1,1,1,1,1,1
6,2602,15,8,1,1,1.109432,18040,1926,62,252,12,8,4,125750.8359,13260.83984,30,22,255,255,425835879,3580857631,601,88,0,0,2703.330576,82.905289,1424245705,1424245706,38.256277,49.585477,0.097644,0.044572,0.053072,0,1,,,2,2,1,1,2,2,1,1,1
13,2603,1,4,1,1,1.057849,1580,10168,31,29,3,5,3,10958.08496,72630.39844,12,18,255,255,3545933913,1401562019,132,565,1,3924,9544.703813,7685.909252,1424224489,1424224490,96.135457,62.196116,0.000649,0.000512,0.000137,0,0,1.0,,2,2,2,2,1,1,1,1,0
1,2604,18,30,1,1,0.006334,3728,5474,31,29,7,7,6,4562046.0,6625829.0,32,24,255,255,3674702761,1529634905,117,228,0,0,12.814674,0.358336,1421967558,1421967558,0.204323,0.242348,0.000753,0.000624,0.000129,0,0,0.0,0.0,0,1,1,1,3,1,1,1,0
2,2,2,0,0,2,3e-06,114,0,254,0,0,0,0,152000000.0,0.0,2,0,0,0,0,0,57,0,0,0,0.0,0.0,1424254790,1424254790,0.003,0.0,0.0,0.0,0.0,0,2,,,2,34,34,34,35,34,16,34,1
3,2,14,0,0,2,5e-06,114,0,254,0,0,0,0,91200000.0,0.0,2,0,0,0,0,0,57,0,0,0,0.0,0.0,1424246011,1424246011,0.005,0.0,0.0,0.0,0.0,0,2,,,2,39,39,17,18,17,17,39,1
6,5,6,0,0,2,3e-06,114,0,254,0,0,0,0,152000000.0,0.0,2,0,0,0,0,0,57,0,0,0,0.0,0.0,1424259865,1424259865,0.003,0.0,0.0,0.0,0.0,0,2,,,2,16,16,16,16,16,16,16,1
14,2605,20,18,1,1,0.795769,7812,15360,31,29,30,32,2,77891.95313,153200.25,122,126,255,255,4257431854,2113047996,64,122,0,0,429.027187,425.365407,1421953381,1421953382,6.573612,6.362376,0.000604,0.000468,0.000136,0,0,0.0,0.0,0,7,8,6,3,1,1,2,0
10,2606,10,9,1,1,0.004031,1064,2260,31,29,4,4,2,1936988.25,4112130.75,12,12,255,255,2599979090,2600255545,89,188,0,0,16.829957,0.382446,1421931130,1421931130,0.332909,0.317636,0.00066,0.000526,0.000134,0,0,0.0,0.0,0,1,2,1,2,1,1,1,0
6,8,17,6,13,3,57.889004,16320,0,254,0,0,0,2,2217.761475,0.0,60,0,0,0,0,0,272,0,0,0,1226.7735,0.0,1424254526,1424254584,1010.394563,0.0,0.0,0.0,0.0,0,6,,,2,1,1,1,2,1,1,1,1
8,2607,0,0,0,0,0.001089,146,178,31,29,0,0,0,536271.8125,653810.8125,2,2,0,0,0,0,73,89,0,0,0.0,0.0,1424227772,1424227772,0.009,0.007,0.0,0.0,0.0,0,0,,,2,1,1,1,3,1,1,1,0
4,1349,12,8,1,1,0.485859,37208,3380,31,29,18,8,4,600882.125,54336.75,52,42,255,255,2953438823,2954459323,716,80,0,0,772.85182,25.082809,1421951411,1421951411,9.519961,11.837024,0.000678,0.000537,0.000141,0,0,0.0,0.0,0,1,1,5,4,1,1,3,0
3,5,3,0,0,2,1e-06,114,0,254,0,0,0,0,456000000.0,0.0,2,0,0,0,0,0,57,0,0,0,0.0,0.0,1424233380,1424233380,0.001,0.0,0.0,0.0,0.0,0,2,,,2,43,43,43,46,43,18,43,1
6,8,17,6,12,2,8e-06,200,0,254,0,0,0,2,100000000.0,0.0,2,0,0,0,0,0,100,0,0,0,0.0,0.0,1424223244,1424223244,0.008,0.0,0.0,0.0,0.0,0,2,,,2,5,5,2,2,2,2,5,1
2,5,3,0,0,2,8e-06,114,0,254,0,0,0,0,57000000.0,0.0,2,0,0,0,0,0,57,0,0,0,0.0,0.0,1424238577,1424238577,0.008,0.0,0.0,0.0,0.0,0,2,,,2,32,32,18,19,18,18,32,1
6,5,6,0,0,2,3e-06,114,0,254,0,0,0,0,152000000.0,0.0,2,0,0,0,0,0,57,0,0,0,0.0,0.0,1424260353,1424260353,0.003,0.0,0.0,0.0,0.0,0,2,,,2,32,32,16,16,16,16,32,1
17,2608,4,943,1,1,0.003967,8928,320,31,29,4,1,5,16719939.0,538442.125,14,6,255,255,997412035,3157404835,638,53,0,0,16.584904,1.038476,1421944156,1421944156,0.305154,0.673,0.000591,0.000455,0.000136,0,0,0.0,0.0,0,3,3,6,6,1,1,4,0
3,2,14,0,0,2,4e-06,114,0,254,0,0,0,0,114000000.0,0.0,2,0,0,0,0,0,57,0,0,0,0.0,0.0,1424244401,1424244401,0.004,0.0,0.0,0.0,0.0,0,2,,,2,22,22,23,22,22,22,22,1
14,2609,13,0,0,0,0.001038,146,178,31,29,0,0,0,562620.4375,685934.5,2,2,0,0,0,0,73,89,0,0,0.0,0.0,1424260125,1424260125,0.009,0.002,0.0,0.0,0.0,0,0,,,2,2,3,4,2,1,1,1,0
2,2,3,0,0,2,1.1e-05,114,0,254,0,0,0,0,41454544.0,0.0,2,0,0,0,0,0,57,0,0,0,0.0,0.0,1421933605,1421933605,0.011,0.0,0.0,0.0,0.0,0,2,0.0,0.0,0,7,7,3,3,3,3,3,1
1,2610,1,944,0,0,0.001773,528,304,31,29,0,0,2,1786802.0,1028764.813,4,4,0,0,0,0,132,76,0,0,0.630267,0.313494,1421966968,1421966968,0.449667,0.229667,0.0,0.0,0.0,0,0,0.0,0.0,0,13,10,4,3,1,1,3,0
6,8,2,6,12,2,1e-05,78,0,254,0,0,0,2,31200000.0,0.0,2,0,0,0,0,0,39,0,0,0,0.0,0.0,1424244193,1424244193,0.01,0.0,0.0,0.0,0.0,0,2,,,2,1,1,2,1,1,1,1,1
3,2,14,0,0,2,9e-06,114,0,254,0,0,0,0,50666664.0,0.0,2,0,0,0,0,0,57,0,0,0,0.0,0.0,1424247276,1424247276,0.009,0.0,0.0,0.0,0.0,0,2,,,2,24,24,22,22,22,22,24,1
14,2611,4,0,0,0,0.001052,146,178,31,29,0,0,0,555133.0625,676806.125,2,2,0,0,0,0,73,89,0,0,0.0,0.0,1424237587,1424237587,0.006,0.001,0.0,0.0,0.0,0,0,,,2,1,1,1,1,1,1,1,0
8,2612,0,0,0,0,0.001047,146,178,31,29,0,0,0,557784.125,680038.1875,2,2,0,0,0,0,73,89,0,0,0.0,0.0,1421951221,1421951221,0.011,0.008,0.0,0.0,0.0,0,0,0.0,0.0,0,2,4,4,3,1,1,1,0
12,2613,10,945,1,1,0.122931,4014,61374,31,29,7,28,2,257380.1563,3937037.75,68,70,255,255,126263547,2309818208,59,877,0,0,0.0,93.496881,1421953754,1421953754,1.829776,1.773362,0.000715,0.000566,0.000149,0,0,0.0,0.0,0,6,16,6,4,1,1,2,0
6,5,9,0,0,2,1e-05,114,0,254,0,0,0,0,45600000.0,0.0,2,0,0,0,0,0,57,0,0,0,0.0,0.0,1424226067,1424226067,0.01,0.0,0.0,0.0,0.0,0,2,,,2,16,16,11,9,9,9,17,1
6,2614,14,26,1,1,0.939992,774,556,254,252,4,3,2,6119.201172,4263.866211,14,10,255,255,3185529074,3378813932,55,56,0,0,3344.343619,125.632789,1421930798,1421930799,65.757849,96.382781,0.158465,0.072543,0.085922,0,1,0.0,0.0,0,3,2,1,1,1,1,1,1
4,2615,4,9,1,1,0.005687,2048,2410,31,29,6,7,2,2761385.5,3260770.0,24,26,255,255,1695074412,3844966820,85,93,0,0,14.055465,0.0,1421931608,1421931608,0.232522,0.20212,0.000777,0.000623,0.000154,0,0,0.0,0.0,0,3,3,1,3,1,1,1,0
2,2,3,0,0,2,4e-06,114,0,254,0,0,0,0,114000000.0,0.0,2,0,0,0,0,0,57,0,0,0,0.0,0.0,1424239075,1424239075,0.004,0.0,0.0,0.0,0.0,0,2,,,2,58,58,27,27,27,17,58,1
0,2616,1,8,1,1,0.969849,37500,3380,31,29,18,8,4,303379.1875,27220.73242,52,42,255,255,3911539513,3946712330,721,80,0,0,1576.327731,52.929684,1421946795,1421946796,19.009942,23.641684,0.000671,0.000536,0.000135,0,0,0.0,0.0,0,2,1,5,4,1,1,4,0
6,5,9,0,0,2,1e-05,114,0,254,0,0,0,0,45600000.0,0.0,2,0,0,0,0,0,57,0,0,0,0.0,0.0,1424224800,1424224800,0.01,0.0,0.0,0.0,0.0,0,2,,,2,36,36,17,17,17,9,36,1
8,2617,8,0,0,0,0.001029,130,162,31,29,0,0,0,505344.9688,629737.5625,2,2,0,0,0,0,65,81,0,0,0.0,0.0,1424241499,1424241499,0.008,0.006,0.0,0.0,0.0,0,0,,,2,3,1,3,6,1,1,1,0
2,2618,17,113,1,0,0.736272,978,86,62,252,2,1,2,8855.422852,467.218658,6,2,255,255,3453017180,2411458943,163,43,0,0,7700.811552,0.0,1424231777,1424231778,147.2544,0.003,0.255035,0.105933,0.149102,0,3,,,2,3,3,1,2,1,1,3,0
17,2619,1,0,0,0,0.001054,146,178,31,29,0,0,0,554079.6875,675521.8125,2,2,0,0,0,0,73,89,0,0,0.0,0.0,1424259046,1424259046,0.009,0.007,0.0,0.0,0.0,0,0,,,2,2,2,4,2,1,1,1,0
6,5,6,0,0,2,8e-06,114,0,254,0,0,0,0,57000000.0,0.0,2,0,0,0,0,0,57,0,0,0,0.0,0.0,1424260314,1424260314,0.008,0.0,0.0,0.0,0.0,0,2,,,2,32,32,15,15,15,15,32,1
12,2620,10,0,0,0,0.000978,146,178,31,29,0,0,0,597137.0,728016.375,2,2,0,0,0,0,73,89,0,0,0.0,0.0,1421956770,1421956770,0.003,0.006,0.0,0.0,0.0,0,0,0.0,0.0,0,2,2,1,7,2,1,1,0
14,2621,20,946,1,1,0.371421,4280,3080,31,29,7,7,2,88912.57813,64142.84375,28,30,255,255,1344193723,3508743048,153,103,0,0,715.53958,17.615117,1421959869,1421959870,13.744407,12.788655,0.000679,0.000545,0.000134,0,0,0.0,0.0,0,13,11,2,9,1,1,1,0
12,2622,0,4,1,1,1.162884,1684,10168,31,29,3,5,3,10759.45703,66070.21875,14,18,255,255,3535055315,1391904326,120,565,1,3924,8834.705434,7739.318201,1421943187,1421943188,89.425228,68.373294,0.000676,0.000533,0.000143,0,0,1.0,0.0,0,3,1,1,1,1,1,1,0
9,8,15,6,7,2,8e-06,200,0,254,0,0,0,2,100000000.0,0.0,2,0,0,0,0,0,100,0,0,0,0.0,0.0,1424258821,1424258821,0.008,0.0,0.0,0.0,0.0,0,2,,,2,5,5,2,3,2,2,5,1
3,2,3,0,0,2,3e-06,114,0,254,0,0,0,0,152000000.0,0.0,2,0,0,0,0,0,57,0,0,0,0.0,0.0,1424230722,1424230722,0.003,0.0,0.0,0.0,0.0,0,2,,,2,34,34,25,25,25,25,34,1
19,2,21,0,0,2,3e-06,264,0,60,0,0,0,0,352000000.0,0.0,2,0,0,0,0,0,132,0,0,0,0.0,0.0,1424260644,1424260644,0.003,0.0,0.0,0.0,0.0,0,0,,,2,50,50,16,16,16,16,50,0
2,5,3,0,0,2,2e-06,114,0,254,0,0,0,0,228000000.0,0.0,2,0,0,0,0,0,57,0,0,0,0.0,0.0,1424238308,1424238308,0.002,0.0,0.0,0.0,0.0,0,2,,,2,13,13,13,13,13,13,13,1
1,2623,20,947,0,0,0.001768,528,304,31,29,0,0,2,1791855.25,1031674.25,4,4,0,0,0,0,132,76,0,0,0.629325,0.32292,1421940080,1421940080,0.451,0.233333,0.0,0.0,0.0,0,0,0.0,0.0,0,6,11,4,5,1,1,3,0
6,2,6,0,0,2,3e-06,114,0,254,0,0,0,0,152000000.0,0.0,2,0,0,0,0,0,57,0,0,0,0.0,0.0,1424261540,1424261540,0.003,0.0,0.0,0.0,0.0,0,2,,,2,33,33,18,17,17,17,33,1
6,2,9,0,0,2,4e-06,114,0,254,0,0,0,0,114000000.0,0.0,2,0,0,0,0,0,57,0,0,0,0.0,0.0,1424224696,1424224696,0.004,0.0,0.0,0.0,0.0,0,2,,,2,18,18,8,8,8,8,18,1
2,2,3,0,0,2,1e-05,114,0,254,0,0,0,0,45600000.0,0.0,2,0,0,0,0,0,57,0,0,0,0.0,0.0,1424239358,1424239358,0.01,0.0,0.0,0.0,0.0,0,2,,,2,24,24,24,24,24,24,24,1
3,8,11,6,3,2,1e-05,200,0,254,0,0,0,2,80000000.0,0.0,2,0,0,0,0,0,100,0,0,0,0.0,0.0,1424230437,1424230437,0.01,0.0,0.0,0.0,0.0,0,2,,,2,4,4,2,21,2,2,4,1
1,2624,18,9,1,1,0.213039,2158,2464,31,29,6,6,2,77694.69531,88697.375,24,24,255,255,2560866567,2561190094,90,103,0,0,522.433857,13.637174,1421951571,1421951571,9.247305,9.235218,0.000745,0.000619,0.000126,0,0,0.0,0.0,0,12,7,4,5,1,1,1,0
9,2625,14,8,1,1,0.872972,2885,1834,62,252,8,8,4,25237.92188,15973.02051,22,20,255,255,1806085899,1592298205,131,92,0,0,1961.605342,51.520957,1424235746,1424235747,41.570097,45.568633,0.051415,0.006553,0.044862,0,1,,,2,2,2,1,1,1,1,2,1
12,2626,18,0,0,0,0.001063,146,178,31,29,0,0,2,549388.5625,669802.5,2,2,0,0,0,0,73,89,0,0,0.0,0.0,1421955877,1421955877,0.01,0.01,0.0,0.0,0.0,0,0,0.0,0.0,0,7,10,3,2,2,1,1,0
9,2627,2,948,1,1,6.416638,1018,354,254,252,2,1,2,1143.277832,386.495239,10,8,255,255,4232789863,3806277620,102,44,0,0,47654.30506,1486.61875,1424222592,1424222599,712.959778,912.268,0.063207,0.016124,0.047083,0,1,,,2,2,1,1,2,1,1,1,1
6,5,6,0,0,2,3e-06,114,0,254,0,0,0,0,152000000.0,0.0,2,0,0,0,0,0,57,0,0,0,0.0,0.0,1424259427,1424259427,0.003,0.0,0.0,0.0,0.0,0,2,,,2,30,30,16,16,16,16,30,1
14,2628,10,30,1,1,0.018239,12576,12820,31,29,17,17,6,5439771.5,5532759.0,72,62,255,255,692898361,693190089,175,207,0,0,17.135531,0.43997,1424223908,1424223908,0.260557,0.297508,0.00067,0.000539,0.000131,0,0,,,2,1,1,3,1,1,1,1,0
2,2,3,0,0,2,4e-06,114,0,254,0,0,0,0,114000000.0,0.0,2,0,0,0,0,0,57,0,0,0,0.0,0.0,1424238132,1424238132,0.004,0.0,0.0,0.0,0.0,0,2,,,2,34,34,24,25,24,24,34,1
12,2629,12,949,1,1,0.251919,5486,92746,31,29,7,42,2,172404.625,2915222.75,96,98,255,255,1951952515,4140318148,57,946,0,0,0.0,150.421104,1421935303,1421935303,2.647979,2.591299,0.000714,0.00056,0.000154,0,0,0.0,0.0,0,19,8,2,3,1,1,1,0
2,2,2,0,0,2,9e-06,114,0,254,0,0,0,0,50666664.0,0.0,2,0,0,0,0,0,57,0,0,0,0.0,0.0,1424254056,1424254056,0.009,0.0,0.0,0.0,0.0,0,2,,,2,16,16,16,17,16,16,18,1
14,2630,0,1,1,1,1.515759,2934,3742,31,29,11,15,1,15189.75,19385.66797,52,54,255,255,734485887,2901321336,56,69,0,0,2028.504605,64.824117,1421959385,1421959387,29.71147,28.58902,0.000683,0.000537,0.000146,0,0,0.0,1.0,3,1,2,3,7,1,1,1,0
11,2631,19,950,1,1,0.235457,4862,79236,31,29,7,36,2,163256.9844,2660868.0,84,86,255,255,3092604396,997603652,58,921,0,0,163.307896,161.419963,1421946303,1421946304,2.833012,2.763871,0.000656,0.000524,0.000132,0,0,0.0,0.0,0,2,6,4,4,1,1,1,0
2,2,2,0,0,2,6e-06,114,0,254,0,0,0,0,76000000.0,0.0,2,0,0,0,0,0,57,0,0,0,0.0,0.0,1424253067,1424253067,0.006,0.0,0.0,0.0,0.0,0,2,,,2,19,19,13,14,13,13,19,1
5,5,7,0,0,2,4e-06,264,0,60,0,0,0,0,264000000.0,0.0,2,0,0,0,0,0,132,0,0,0,0.0,0.0,1424233584,1424233584,0.004,0.0,0.0,0.0,0.0,0,0,,,2,38,38,13,13,13,13,38,0
8,2632,12,0,0,0,0.00101,130,162,31,29,0,0,0,514851.4688,641584.125,2,2,0,0,0,0,65,81,0,0,0.0,0.0,1421945191,1421945191,0.011,0.002,0.0,0.0,0.0,0,0,0.0,0.0,0,2,2,11,17,5,2,2,0
2,2,3,0,0,2,9e-06,114,0,254,0,0,0,0,50666664.0,0.0,2,0,0,0,0,0,57,0,0,0,0.0,0.0,1424240140,1424240140,0.009,0.0,0.0,0.0,0.0,0,2,,,2,13,13,10,10,10,10,13,1
4,2633,4,951,1,1,0.222511,424,8824,31,29,1,4,5,13338.66699,290826.0938,8,12,255,255,3321704282,1571694577,53,735,0,0,2157.767046,1716.033133,1424254930,1424254930,31.742856,20.178273,0.00067,0.000547,0.000123,0,0,,,2,2,5,7,3,1,1,3,0
3,2,14,0,0,2,9e-06,114,0,254,0,0,0,0,50666664.0,0.0,2,0,0,0,0,0,57,0,0,0,0.0,0.0,1424246254,1424246254,0.009,0.0,0.0,0.0,0.0,0,2,,,2,22,22,15,15,15,15,22,1
3,2,14,0,0,2,9e-06,114,0,254,0,0,0,0,50666664.0,0.0,2,0,0,0,0,0,57,0,0,0,0.0,0.0,1424246043,1424246043,0.009,0.0,0.0,0.0,0.0,0,2,,,2,23,23,10,10,10,10,23,1
1,2634,12,7,1,1,4.098806,8882,355287,31,29,15,128,2,17220.625,691046.125,150,289,255,255,2773065574,667592639,59,1229,0,0,9055.085915,6509.832901,1421937101,1421937105,27.506691,14.229855,0.000786,0.000597,0.000189,0,0,0.0,0.0,0,9,11,3,2,2,1,2,0
1,2635,12,0,0,0,0.001137,132,164,31,29,0,0,0,464379.9375,576956.875,2,2,0,0,0,0,66,82,0,0,0.0,0.0,1421960675,1421960675,0.011,0.008,0.0,0.0,0.0,0,0,0.0,0.0,0,2,2,2,6,1,1,1,0
2,5,2,0,0,2,5e-06,114,0,254,0,0,0,0,91200000.0,0.0,2,0,0,0,0,0,57,0,0,0,0.0,0.0,1424253701,1424253701,0.005,0.0,0.0,0.0,0.0,0,2,,,2,16,16,17,17,16,16,16,1
2,2636,6,8,1,1,1.023026,94052,2108,62,252,41,8,4,727129.125,15937.03418,88,30,255,255,2142056177,2094607672,1069,70,0,0,990.987667,41.220633,1421927588,1421927589,11.75892,35.054172,0.051605,0.005807,0.045798,0,1,0.0,0.0,0,2,1,1,1,1,1,1,1
2,2,3,0,0,2,8e-06,114,0,254,0,0,0,0,57000000.0,0.0,2,0,0,0,0,0,57,0,0,0,0.0,0.0,1424238415,1424238415,0.008,0.0,0.0,0.0,0.0,0,2,,,2,30,30,24,24,24,24,30,1
4,2637,18,7,1,1,0.013676,1540,1644,31,29,4,4,2,844691.4375,908452.75,16,18,255,255,697139576,703426156,96,91,0,0,61.251348,1.415165,1421941908,1421941908,0.8888,0.777294,0.000579,0.000458,0.000121,0,0,0.0,0.0,0,8,7,4,5,4,1,4,0
1,2638,1,8,1,1,0.232765,37866,3380,31,29,19,8,4,1277339.75,113419.1094,54,42,255,255,3859882328,3865123064,701,80,0,0,500.900731,17.396809,1424251620,1424251620,4.385019,5.663,0.000725,0.000579,0.000146,0,0,,,2,3,1,4,5,1,1,2,0
3,2639,11,4,1,1,0.5336,858,268,254,252,2,1,3,11589.20606,3358.321045,10,6,255,255,438788281,4149389020,86,45,1,0,3101.401952,119.695594,1424226246,1424226247,55.024,91.605203,0.163757,0.075565,0.088192,0,1,1.0,,2,1,1,1,2,1,1,1,1
19,5,21,0,0,2,7e-06,264,0,60,0,0,0,0,150857136.0,0.0,2,0,0,0,0,0,132,0,0,0,0.0,0.0,1424260876,1424260876,0.007,0.0,0.0,0.0,0.0,0,0,,,2,33,33,19,19,19,19,33,0
2,2,2,0,0,2,3e-06,114,0,254,0,0,0,0,152000000.0,0.0,2,0,0,0,0,0,57,0,0,0,0.0,0.0,1424253007,1424253007,0.003,0.0,0.0,0.0,0.0,0,2,,,2,16,16,17,16,16,16,16,1
1,2640,19,0,0,0,0.001134,146,178,31,29,0,0,0,514991.1875,627865.9375,2,2,0,0,0,0,73,89,0,0,0.0,0.0,1421953559,1421953559,0.011,0.008,0.0,0.0,0.0,0,0,0.0,0.0,0,3,4,3,4,2,1,1,0
10,2641,0,952,1,1,0.957631,4616,3080,31,29,7,7,2,37191.77734,24878.05859,28,30,255,255,2801068997,3030799968,165,103,0,0,2059.839867,53.613738,1424221958,1424221958,35.448519,32.999586,0.000768,0.00064,0.000128,0,0,,,2,12,16,9,8,1,1,5,0
12,2156,13,0,0,0,0.001106,146,178,31,29,0,0,0,528028.9375,643761.25,2,2,0,0,0,0,73,89,0,0,0.0,0.0,1421938033,1421938033,0.008,0.009,0.0,0.0,0.0,0,0,0.0,0.0,0,4,4,2,3,2,1,1,0
2,8,6,6,85,2,9e-06,200,0,254,0,0,0,2,88888888.0,0.0,2,0,0,0,0,0,100,0,0,0,0.0,0.0,1424237325,1424237325,0.009,0.0,0.0,0.0,0.0,0,2,,,2,4,4,2,3,2,2,4,1
2,2,3,0,0,2,9e-06,114,0,254,0,0,0,0,50666664.0,0.0,2,0,0,0,0,0,57,0,0,0,0.0,0.0,1424237808,1424237808,0.009,0.0,0.0,0.0,0.0,0,2,,,2,44,44,25,24,24,24,44,1
2,5,3,0,0,2,9e-06,114,0,254,0,0,0,0,50666664.0,0.0,2,0,0,0,0,0,57,0,0,0,0.0,0.0,1424239397,1424239397,0.009,0.0,0.0,0.0,0.0,0,2,,,2,34,34,34,35,34,15,34,1
14,2642,18,0,0,0,0.00107,130,162,31,29,0,0,0,485981.3125,605607.5,2,2,0,0,0,0,65,81,0,0,0.0,0.0,1424233306,1424233306,0.008,0.007,0.0,0.0,0.0,0,0,,,2,3,3,7,2,2,2,3,0
6,5,6,0,0,2,8e-06,114,0,254,0,0,0,0,57000000.0,0.0,2,0,0,0,0,0,57,0,0,0,0.0,0.0,1424260932,1424260932,0.008,0.0,0.0,0.0,0.0,0,2,,,2,32,32,15,15,15,15,32,1
3,5,3,0,0,2,3e-06,114,0,254,0,0,0,0,152000000.0,0.0,2,0,0,0,0,0,57,0,0,0,0.0,0.0,1424233636,1424233636,0.003,0.0,0.0,0.0,0.0,0,2,,,2,40,40,40,41,40,17,40,1
7,2,7,0,0,2,2e-06,264,0,60,0,0,0,0,528000000.0,0.0,2,0,0,0,0,0,132,0,0,0,0.0,0.0,1424246236,1424246236,0.002,0.0,0.0,0.0,0.0,0,0,,,2,30,30,23,23,23,23,30,0
3,2643,11,8,1,1,2.208255,3097,1768,62,252,8,8,4,10712.53027,6086.253418,22,20,255,255,2960388000,3447994531,141,88,0,0,5148.846791,138.895922,1421930856,1421930858,105.155001,108.293789,0.184871,0.073527,0.111344,0,1,0.0,0.0,0,1,1,1,2,1,1,1,1
13,2644,4,953,1,1,0.020014,2334,13288,31,29,7,11,2,907364.875,5163985.5,36,36,255,255,2850617837,2850894650,65,369,0,0,53.309584,1.564274,1421936195,1421936195,0.559714,0.556714,0.000644,0.000518,0.000126,0,0,0.0,0.0,0,6,3,2,4,1,1,2,0
3,2,3,0,0,2,8e-06,114,0,254,0,0,0,0,57000000.0,0.0,2,0,0,0,0,0,57,0,0,0,0.0,0.0,1424233730,1424233730,0.008,0.0,0.0,0.0,0.0,0,2,,,2,38,38,22,22,22,22,38,1
3,2,14,0,0,2,9e-06,114,0,254,0,0,0,0,50666664.0,0.0,2,0,0,0,0,0,57,0,0,0,0.0,0.0,1424247144,1424247144,0.009,0.0,0.0,0.0,0.0,0,2,,,2,23,23,14,13,13,13,23,1
2,2,2,0,0,2,3e-06,114,0,254,0,0,0,0,152000000.0,0.0,2,0,0,0,0,0,57,0,0,0,0.0,0.0,1424255032,1424255032,0.003,0.0,0.0,0.0,0.0,0,2,,,2,34,34,34,34,34,16,34,1
10,2645,18,954,0,0,0.001625,528,304,31,29,0,0,2,1949538.375,1122461.5,4,4,0,0,0,0,132,76,0,0,0.563094,0.281901,1424256406,1424256406,0.402667,0.202333,0.0,0.0,0.0,0,0,,,2,7,9,7,6,1,1,4,0
2,5,3,0,0,2,5e-06,114,0,254,0,0,0,0,91200000.0,0.0,2,0,0,0,0,0,57,0,0,0,0.0,0.0,1424239035,1424239035,0.005,0.0,0.0,0.0,0.0,0,2,,,2,49,49,29,28,27,11,50,1
2,2,3,0,0,2,7e-06,114,0,254,0,0,0,0,65142856.0,0.0,2,0,0,0,0,0,57,0,0,0,0.0,0.0,1421932657,1421932657,0.007,0.0,0.0,0.0,0.0,0,2,0.0,0.0,0,13,13,3,4,3,3,3,1
1,2646,19,0,0,0,0.000918,146,178,31,29,0,0,0,636165.5625,775599.125,2,2,0,0,0,0,73,89,0,0,0.0,0.0,1421961666,1421961666,0.001,0.004,0.0,0.0,0.0,0,0,0.0,0.0,0,2,2,1,1,1,1,1,0
13,2647,0,7,1,1,0.018716,1540,1644,31,29,4,4,2,617225.875,663817.0625,16,18,255,255,3209905532,1070153071,96,91,0,0,75.574457,2.095561,1421948448,1421948448,1.2272,1.074471,0.000564,0.000446,0.000118,0,0,0.0,0.0,0,19,16,10,18,12,1,7,0
6,8,17,6,3,2,8e-06,200,0,254,0,0,0,2,100000000.0,0.0,2,0,0,0,0,0,100,0,0,0,0.0,0.0,1424223278,1424223278,0.008,0.0,0.0,0.0,0.0,0,2,,,2,7,7,3,2,2,2,7,1
2,5,3,0,0,2,2e-06,114,0,254,0,0,0,0,228000000.0,0.0,2,0,0,0,0,0,57,0,0,0,0.0,0.0,1424238954,1424238954,0.002,0.0,0.0,0.0,0.0,0,2,,,2,38,38,7,7,7,7,38,1
2,5,3,0,0,2,9e-06,114,0,254,0,0,0,0,50666664.0,0.0,2,0,0,0,0,0,57,0,0,0,0.0,0.0,1424237803,1424237803,0.009,0.0,0.0,0.0,0.0,0,2,,,2,20,20,21,21,20,20,20,1
8,2648,1,955,1,1,0.01494,2438,20718,31,29,7,13,2,1271218.25,10817135.0,38,40,255,255,330457590,2476146872,64,518,0,0,25.680889,27.268089,1424228299,1424228299,0.394973,0.376868,0.000719,0.00061,0.000109,0,0,,,2,2,3,1,1,1,1,1,0
2,5,3,0,0,2,4e-06,114,0,254,0,0,0,0,114000000.0,0.0,2,0,0,0,0,0,57,0,0,0,0.0,0.0,1424240597,1424240597,0.004,0.0,0.0,0.0,0.0,0,2,,,2,16,16,16,16,16,16,16,1
11,2649,0,1,1,1,0.022202,2934,3738,31,29,11,15,1,1037023.688,1322043.0,52,54,255,255,240479556,241561942,56,69,0,0,29.938601,0.721909,1421943732,1421943732,0.429039,0.405396,0.000842,0.000709,0.000133,0,0,0.0,1.0,3,1,1,4,9,1,1,4,0
19,5,21,0,0,2,8e-06,264,0,60,0,0,0,0,132000000.0,0.0,2,0,0,0,0,0,132,0,0,0,0.0,0.0,1424260160,1424260160,0.008,0.0,0.0,0.0,0.0,0,0,,,2,25,25,10,10,10,10,25,0
3,2,3,0,0,2,5e-06,114,0,254,0,0,0,0,91200000.0,0.0,2,0,0,0,0,0,57,0,0,0,0.0,0.0,1424233701,1424233701,0.005,0.0,0.0,0.0,0.0,0,2,,,2,27,27,22,22,22,22,27,1
8,2650,13,0,0,0,0.001121,130,162,31,29,0,0,0,463871.5313,578055.3125,2,2,0,0,0,0,65,81,0,0,0.0,0.0,1421968605,1421968605,0.008,0.008,0.0,0.0,0.0,0,0,0.0,0.0,0,1,3,3,2,1,1,1,0
12,2426,4,0,0,0,0.001085,146,178,31,29,0,0,0,538248.875,656221.1875,2,2,0,0,0,0,73,89,0,0,0.0,0.0,1421929503,1421929503,0.01,0.009,0.0,0.0,0.0,0,0,0.0,0.0,0,6,3,5,10,3,2,4,0
3,2,14,0,0,2,9e-06,114,0,254,0,0,0,0,50666664.0,0.0,2,0,0,0,0,0,57,0,0,0,0.0,0.0,1424245504,1424245504,0.009,0.0,0.0,0.0,0.0,0,2,,,2,24,24,14,14,14,14,25,1
3,2,3,0,0,2,3e-06,114,0,254,0,0,0,0,152000000.0,0.0,2,0,0,0,0,0,57,0,0,0,0.0,0.0,1424233097,1424233097,0.003,0.0,0.0,0.0,0.0,0,2,,,2,23,23,23,24,23,23,23,1
6,2651,14,956,1,1,0.346769,11250,268,254,252,5,1,2,243320.4844,5167.705078,16,6,255,255,2119973593,3690066204,703,45,0,0,1527.806824,103.920117,1421929689,1421929690,21.794067,62.486801,0.091294,0.034332,0.056962,0,1,0.0,0.0,0,1,1,1,1,1,1,1,1
7,5,7,0,0,2,2e-06,264,0,60,0,0,0,0,528000000.0,0.0,2,0,0,0,0,0,132,0,0,0,0.0,0.0,1424246282,1424246282,0.002,0.0,0.0,0.0,0.0,0,0,,,2,49,49,9,9,9,3,49,0
17,2652,0,4,1,1,2.077608,18578,1087890,31,29,2,370,3,71332.03125,4183395.25,348,746,255,255,428988133,430057583,53,1458,1,524288,285.146346,167.283624,1424256432,1424256434,5.986415,2.788008,0.000682,0.000539,0.000143,0,0,1.0,,2,2,2,3,1,1,1,5,0
14,2653,19,957,1,1,0.10088,4014,61134,31,29,7,28,2,313639.9688,4778826.5,68,70,255,255,4021192431,1879748140,59,873,0,0,88.934074,87.227282,1421950550,1421950550,1.50091,1.45371,0.000721,0.00057,0.000151,0,0,0.0,0.0,0,6,5,1,3,1,1,1,0
2,2,3,0,0,2,1e-05,114,0,254,0,0,0,0,45600000.0,0.0,2,0,0,0,0,0,57,0,0,0,0.0,0.0,1421932389,1421932389,0.01,0.0,0.0,0.0,0.0,0,2,0.0,0.0,0,8,8,4,4,4,2,4,1
6,2,6,0,0,2,3e-06,114,0,254,0,0,0,0,152000000.0,0.0,2,0,0,0,0,0,57,0,0,0,0.0,0.0,1424260137,1424260137,0.003,0.0,0.0,0.0,0.0,0,2,,,2,35,35,33,33,33,17,35,1
9,2654,17,10,1,1,1.439744,564,354,254,252,2,1,2,2822.724121,1722.528442,10,8,255,255,3647942807,3093193098,56,44,0,0,9713.782885,288.768438,1421928411,1421928413,157.366333,191.498578,0.172419,0.09925,0.073169,0,1,0.0,0.0,0,5,1,1,2,1,1,1,1
14,2655,10,958,1,1,0.01407,2438,19414,31,29,7,13,2,1349822.375,10762758.0,38,40,255,255,1476665568,1476938563,64,485,0,0,22.992155,21.473105,1421967525,1421967525,0.370973,0.346359,0.000684,0.000554,0.00013,0,0,0.0,0.0,0,6,7,3,3,1,1,1,0
3,2,14,0,0,2,5e-06,114,0,254,0,0,0,0,91200000.0,0.0,2,0,0,0,0,0,57,0,0,0,0.0,0.0,1424248024,1424248024,0.005,0.0,0.0,0.0,0.0,0,2,,,2,39,39,39,39,39,22,39,1
14,2656,12,959,1,1,0.016998,2958,32408,31,29,7,18,2,1363454.5,14947641.0,48,50,255,255,1457889197,1466338656,62,648,0,0,20.222777,18.543639,1421941526,1421941526,0.361761,0.336939,0.000613,0.000484,0.000129,0,0,0.0,0.0,0,7,8,1,2,1,1,1,0
3,5,14,0,0,2,9e-06,114,0,254,0,0,0,0,50666664.0,0.0,2,0,0,0,0,0,57,0,0,0,0.0,0.0,1424244778,1424244778,0.009,0.0,0.0,0.0,0.0,0,2,,,2,21,21,21,21,21,9,21,1
10,2657,19,960,1,1,0.010315,2230,12236,31,29,7,10,2,1679108.125,9193601.0,34,32,255,255,4158454098,2013342215,66,382,0,0,17.453861,0.448126,1424255686,1424255686,0.301667,0.315613,0.000639,0.000522,0.000117,0,0,,,2,11,7,2,5,1,1,1,0
13,2658,4,30,1,1,0.006541,3728,5474,31,29,7,7,6,4417673.0,6416144.0,32,24,255,255,445545315,445857981,117,228,0,0,13.301295,0.355477,1424234337,1424234337,0.211,0.246043,0.000895,0.000752,0.000143,0,0,,,2,2,3,4,1,1,1,1,0
17,2659,19,961,1,1,0.145548,320,1926,31,29,1,2,5,14675.57129,92670.46094,6,8,255,255,34854294,460784253,53,241,0,0,2043.10269,50.369309,1421971504,1421971504,29.0422,20.708715,0.00071,0.000583,0.000127,0,0,0.0,0.0,0,1,1,1,2,1,1,1,0
17,826,12,962,1,1,0.020908,3390,41686,31,29,7,22,2,1274153.375,15675531.0,56,58,255,255,3210458592,1090531950,61,719,0,0,20.735974,20.496396,1424257764,1424257764,0.374545,0.369909,0.000703,0.00056,0.000143,0,0,,,2,4,3,1,2,1,1,2,0
6,2660,16,4,1,1,6.357458,3090,473776,62,252,2,173,3,3827.945068,594490.4375,64,352,255,255,681580994,1186611036,48,1346,1,229583,5665.950891,2234.342822,1424234997,1424235003,100.91203,17.681237,0.212521,0.130591,0.08193,0,1,1.0,,2,1,1,1,1,1,1,1,1
9,2661,2,33,1,1,11.636188,35106,990,254,252,15,2,2,23465.41797,632.509583,36,14,255,255,2082184374,4172484734,975,71,0,0,50096.21507,2275.98675,1424247656,1424247668,332.460648,889.770375,0.125296,0.069167,0.056129,0,1,,,2,1,1,1,1,1,1,1,1
5,2,7,0,0,2,6e-06,264,0,60,0,0,0,0,176000000.0,0.0,2,0,0,0,0,0,132,0,0,0,0.0,0.0,1424232430,1424232430,0.006,0.0,0.0,0.0,0.0,0,0,,,2,49,49,49,49,49,24,49,0
2,2662,15,10,0,2,4e-06,168,0,254,0,0,0,2,168000000.0,0.0,2,0,0,0,0,0,84,0,0,0,0.0,0.0,1424227838,1424227838,0.004,0.0,0.0,0.0,0.0,0,2,,,2,2,2,1,1,1,1,3,1
4,2663,19,7,1,1,3.256988,25264,1094788,31,29,38,390,2,61917.32813,2685949.0,450,858,255,255,2402686873,256573977,56,1276,0,0,3553.567393,2571.785784,1421966195,1421966199,7.253152,3.799817,0.000673,0.00054,0.000133,0,0,0.0,0.0,0,7,7,3,3,2,1,2,0
9,2664,6,963,1,1,1.648799,1372,690,62,252,3,2,2,6103.836914,3013.102295,12,10,255,255,2192177659,308731490,114,69,0,0,8155.33926,289.361188,1424234685,1424234687,149.890815,168.647109,0.161262,0.104175,0.057087,0,1,,,2,3,1,1,1,1,1,1,1
2,2,3,0,0,2,8e-06,114,0,254,0,0,0,0,57000000.0,0.0,2,0,0,0,0,0,57,0,0,0,0.0,0.0,1424238830,1424238830,0.008,0.0,0.0,0.0,0.0,0,2,,,2,37,37,25,25,24,24,38,1
3,2,14,0,0,2,3e-06,114,0,254,0,0,0,0,152000000.0,0.0,2,0,0,0,0,0,57,0,0,0,0.0,0.0,1424244654,1424244654,0.003,0.0,0.0,0.0,0.0,0,2,,,2,39,39,39,40,39,15,39,1
6,2,9,0,0,2,8e-06,114,0,254,0,0,0,0,57000000.0,0.0,2,0,0,0,0,0,57,0,0,0,0.0,0.0,1424223438,1424223438,0.008,0.0,0.0,0.0,0.0,0,2,,,2,35,35,20,20,20,9,35,1
1,2665,0,9,1,1,0.004163,1036,2262,31,29,4,4,2,1825606.625,3985587.5,12,12,255,255,4294233796,2144926493,86,189,0,0,17.43278,0.396902,1421942461,1421942461,0.346545,0.328909,0.000681,0.000534,0.000147,0,0,0.0,0.0,0,5,5,1,1,1,1,1,0
3,8,11,6,78,2,9e-06,200,0,254,0,0,0,2,88888888.0,0.0,2,0,0,0,0,0,100,0,0,0,0.0,0.0,1424230195,1424230195,0.009,0.0,0.0,0.0,0.0,0,2,,,2,10,10,1,1,1,1,10,1
14,2666,0,964,0,0,0.036208,528,304,31,29,0,0,2,87494.47656,50375.60938,4,4,0,0,0,0,132,76,0,0,9.420784,10.881666,1421971795,1421971795,6.665,7.702,0.0,0.0,0.0,0,0,0.0,0.0,0,10,4,4,5,1,1,2,0
17,2667,8,8,1,1,0.510948,37396,3380,31,29,18,8,4,574258.0625,51668.66406,52,42,255,255,3097626558,958017083,719,80,0,0,782.477128,25.06927,1424257868,1424257868,10.011529,12.448634,0.000642,0.000551,9.1e-05,0,0,,,2,2,1,3,2,1,1,1,0
4,2668,13,965,1,1,0.068169,2958,32650,31,29,7,18,2,339978.5938,3755020.75,48,50,255,255,3573598699,1451942540,62,653,0,0,81.591519,79.917818,1424237657,1424237657,1.442915,1.379776,0.000695,0.000555,0.00014,0,0,,,2,5,4,3,2,1,1,3,0
3,2,14,0,0,2,5e-06,114,0,254,0,0,0,0,91200000.0,0.0,2,0,0,0,0,0,57,0,0,0,0.0,0.0,1424248213,1424248213,0.005,0.0,0.0,0.0,0.0,0,2,,,2,45,45,32,32,32,19,45,1
17,2669,10,7,1,1,1.865325,13142,548216,31,29,21,197,2,56118.90625,2345821.75,228,438,255,255,1088991502,3239526395,58,1252,0,0,2869.894211,2054.432997,1424246035,1424246037,8.325964,4.267446,0.00056,0.000448,0.000112,0,0,,,2,1,2,1,3,1,1,1,0
6,2670,2,541,1,1,0.482657,1612,268,254,252,2,1,2,24050.20703,3712.781738,10,6,255,255,1605910278,1104286914,161,45,0,0,2893.421671,134.572641,1424229220,1424229221,51.139222,80.369,0.151176,0.080804,0.070372,0,1,,,2,6,6,2,2,2,1,6,1
11,1193,4,966,1,1,0.090959,8928,320,31,29,4,1,5,729207.6875,23483.10742,14,6,255,255,4054782588,2723308889,638,53,0,0,778.507098,35.925469,1421967753,1421967753,6.996846,18.0556,0.000698,0.000548,0.00015,0,0,0.0,0.0,0,3,6,3,5,1,1,3,0
2,2671,11,26,1,1,0.705381,534,268,254,252,2,1,2,5455.208008,2540.471191,10,6,255,255,3141712304,3316807192,53,45,0,0,4042.243788,193.153094,1424251939,1424251940,78.273,127.226797,0.129518,0.06924,0.060278,0,1,,,2,2,2,2,20,2,1,2,1
3,2672,3,967,1,1,0.180889,1660,268,254,252,2,1,2,66073.67188,9906.62793,10,6,255,255,3071409281,1780776866,166,45,0,0,993.61941,54.370941,1424236579,1424236579,18.508444,32.411801,0.063563,0.018828,0.044735,0,1,,,2,2,2,2,2,1,1,2,1
3,2,3,0,0,2,8e-06,114,0,254,0,0,0,0,57000000.0,0.0,2,0,0,0,0,0,57,0,0,0,0.0,0.0,1424231839,1424231839,0.008,0.0,0.0,0.0,0.0,0,2,,,2,26,26,26,26,26,17,26,1
0,2673,8,968,1,1,0.01692,2558,23268,31,29,7,14,2,1179669.0,10739480.0,40,42,255,255,2993340822,2993649632,64,554,0,0,23.438578,22.857298,1424257477,1424257477,0.437184,0.397415,0.00076,0.000618,0.000142,0,0,,,2,11,6,1,2,1,1,4,0
14,2674,8,969,1,1,0.027946,2974,30506,31,29,7,18,2,833893.9375,8558219.0,48,50,255,255,124287911,2269950265,62,610,0,0,39.409733,38.159678,1424220381,1424220381,0.600391,0.571167,0.00065,0.000522,0.000128,0,0,,,2,6,4,1,4,1,1,2,0
2,2675,9,4,1,1,0.583528,856,5682,62,252,2,3,3,10570.1875,70111.46094,10,10,255,255,3069674223,2946958799,86,568,1,2383,3320.472878,3481.709158,1424254907,1424254907,64.836444,57.664444,0.141032,0.063824,0.077208,0,1,1.0,,2,1,1,2,18,1,1,1,1
7,2,7,0,0,2,2e-06,264,0,60,0,0,0,0,528000000.0,0.0,2,0,0,0,0,0,132,0,0,0,0.0,0.0,1424247472,1424247472,0.002,0.0,0.0,0.0,0.0,0,0,,,2,19,19,19,19,19,19,19,0
2,5,3,0,0,2,1e-05,114,0,254,0,0,0,0,45600000.0,0.0,2,0,0,0,0,0,57,0,0,0,0.0,0.0,1424238091,1424238091,0.01,0.0,0.0,0.0,0.0,0,2,,,2,37,37,37,37,37,17,37,1
2,2,2,0,0,2,6e-06,114,0,254,0,0,0,0,76000000.0,0.0,2,0,0,0,0,0,57,0,0,0,0.0,0.0,1424254819,1424254819,0.006,0.0,0.0,0.0,0.0,0,2,,,2,36,36,29,29,29,14,36,1
5,5,7,0,0,2,2e-06,264,0,60,0,0,0,0,528000000.0,0.0,2,0,0,0,0,0,132,0,0,0,0.0,0.0,1424230720,1424230720,0.002,0.0,0.0,0.0,0.0,0,0,,,2,49,49,49,49,49,25,49,0
6,8,17,6,3,2,3e-06,200,0,254,0,0,0,2,266666656.0,0.0,2,0,0,0,0,0,100,0,0,0,0.0,0.0,1424223276,1424223276,0.003,0.0,0.0,0.0,0.0,0,2,,,2,7,7,3,12,3,3,7,1
9,2676,16,26,1,1,0.527782,534,268,254,252,2,1,2,7290.888672,3395.341064,10,6,255,255,266519893,714005055,53,45,0,0,2781.33814,122.937562,1424232789,1424232790,53.484889,82.331203,0.170802,0.116117,0.054685,0,1,,,2,4,3,1,2,1,1,3,0
11,2677,4,970,1,1,0.031811,3614,50036,31,29,7,24,2,893778.9375,12380372.0,60,62,255,255,3482773384,1337708431,60,807,0,0,38.141952,37.565851,1421929378,1421929378,0.534169,0.511541,0.000751,0.000597,0.000154,0,0,0.0,0.0,0,10,8,3,3,1,1,1,0
11,2678,12,0,0,0,0.001062,130,162,31,29,0,0,0,489642.1563,610169.4375,2,2,0,0,0,0,65,81,0,0,0.0,0.0,1421942843,1421942843,0.01,0.005,0.0,0.0,0.0,0,0,0.0,0.0,0,4,3,4,3,2,1,2,0
10,2679,20,9,1,1,0.059187,2054,2478,31,29,6,6,2,265058.2188,321016.4375,22,24,255,255,117710257,117991884,93,103,0,0,269.527458,254.457398,1421957355,1421957355,2.801619,2.549739,0.000658,0.000533,0.000125,0,0,0.0,0.0,0,11,10,1,4,1,1,1,0
2,2,3,0,0,2,6e-06,114,0,254,0,0,0,0,76000000.0,0.0,2,0,0,0,0,0,57,0,0,0,0.0,0.0,1424238438,1424238438,0.006,0.0,0.0,0.0,0.0,0,2,,,2,28,28,18,18,18,12,29,1
8,2680,18,0,0,0,0.000974,132,164,31,29,0,0,0,542094.4375,673511.25,2,2,0,0,0,0,66,82,0,0,0.0,0.0,1421928121,1421928121,0.011,0.004,0.0,0.0,0.0,0,0,0.0,0.0,0,2,1,5,6,1,1,1,0
6,2,6,0,0,2,2e-06,114,0,254,0,0,0,0,228000000.0,0.0,2,0,0,0,0,0,57,0,0,0,0.0,0.0,1424261005,1424261005,0.002,0.0,0.0,0.0,0.0,0,2,,,2,28,28,30,29,28,15,28,1
3,5,3,0,0,2,4e-06,114,0,254,0,0,0,0,114000000.0,0.0,2,0,0,0,0,0,57,0,0,0,0.0,0.0,1424231943,1424231943,0.004,0.0,0.0,0.0,0.0,0,2,,,2,34,34,18,18,18,18,34,1
11,2681,8,0,0,0,0.001126,146,178,31,29,0,0,0,518650.0938,632326.8125,2,2,0,0,0,0,73,89,0,0,0.0,0.0,1424251242,1424251242,0.009,0.007,0.0,0.0,0.0,0,0,,,2,3,2,2,1,1,1,1,0
3,5,3,0,0,2,4e-06,114,0,254,0,0,0,0,114000000.0,0.0,2,0,0,0,0,0,57,0,0,0,0.0,0.0,1424232008,1424232008,0.004,0.0,0.0,0.0,0.0,0,2,,,2,45,45,41,41,41,17,45,1
2,8,6,6,90,2,3e-06,200,0,254,0,0,0,2,266666656.0,0.0,2,0,0,0,0,0,100,0,0,0,0.0,0.0,1424237338,1424237338,0.003,0.0,0.0,0.0,0.0,0,2,,,2,7,7,2,13,2,2,7,1
1,2682,20,4,1,1,1.037066,1684,10168,31,29,3,5,3,12064.80566,74085.92969,14,18,255,255,1376015443,1376994793,120,565,1,3924,8847.233702,7747.28943,1424247027,1424247028,79.748385,60.974,0.000627,0.000504,0.000123,0,0,1.0,,2,1,3,1,1,1,1,2,0
17,2683,18,10,0,0,0.00479,568,312,31,29,0,0,2,711482.25,390814.1875,4,4,0,0,0,0,142,78,0,0,1.756218,1.573315,1421958523,1421958523,1.247333,1.118,0.0,0.0,0.0,0,0,0.0,0.0,0,14,4,4,3,1,1,3,0
14,2684,13,18,1,1,5.114121,7816,15420,31,29,30,32,2,12126.42383,23930.60352,122,126,255,255,1926197442,1928998446,64,122,0,0,2861.155556,2812.601804,1424242690,1424242695,42.262595,40.90848,0.000666,0.000558,0.000108,0,0,,,2,11,2,1,8,1,1,1,0
17,2685,8,971,1,1,0.017963,2854,30654,31,29,7,17,2,1243444.875,13367923.0,46,48,255,255,2378753876,233695696,62,639,0,0,25.021818,23.195093,1421939441,1421939441,0.392089,0.368936,0.00075,0.000612,0.000138,0,0,0.0,0.0,0,10,6,2,4,1,1,1,0
9,2686,15,10,1,1,0.973034,564,354,254,252,2,1,2,4176.626953,2548.729004,10,8,255,255,2265108525,1080113084,56,44,0,0,6555.429011,210.004328,1424246055,1424246056,105.576111,131.312422,0.128432,0.053838,0.074594,0,1,,,2,1,1,1,1,1,1,1,1
10,2687,19,4,1,1,1.007962,1684,10168,31,29,3,5,3,12413.16699,76225.09375,14,18,255,255,2542214481,397806771,120,565,1,3924,8765.660499,7674.338715,1424245561,1424245562,77.505462,59.263235,0.000608,0.000484,0.000124,0,0,1.0,,2,2,2,2,3,1,1,3,0
17,2688,18,4,1,1,6.815122,19306,1087890,31,29,2,370,3,22600.32813,1275319.125,362,746,255,255,4226532843,2080276562,53,1458,1,524288,1086.280672,696.132286,1421945153,1421945160,18.877532,9.147114,0.000647,0.000519,0.000128,0,0,3.0,0.0,0,1,2,14,19,14,6,8,0
3,2,14,0,0,2,1e-06,114,0,254,0,0,0,0,456000000.0,0.0,2,0,0,0,0,0,57,0,0,0,0.0,0.0,1424244539,1424244539,0.001,0.0,0.0,0.0,0.0,0,2,,,2,15,15,15,16,15,15,15,1
4,942,4,9,1,1,0.031199,2062,2424,31,29,6,7,2,506939.3125,597711.4375,24,26,255,255,491774691,492032381,86,93,0,0,174.492928,162.573093,1424259778,1424259778,1.341652,1.225,0.000708,0.000569,0.000139,0,0,,,2,3,2,2,3,1,1,1,0
1,2689,18,866,1,1,0.227505,5486,94690,31,29,7,42,2,190905.7031,3295716.5,96,98,255,255,1063353809,1071067895,57,966,0,0,144.528761,142.796937,1424242613,1424242614,2.416809,2.364187,0.000677,0.000539,0.000138,0,0,,,2,4,4,3,1,1,1,1,0
12,2690,8,1,1,1,6.638817,2934,3742,31,29,11,15,1,3468.087891,4426.089844,52,54,255,255,33794971,2256319642,56,69,0,0,8940.699404,228.275375,1424256936,1424256942,130.16673,125.249867,0.000695,0.00057,0.000125,0,0,,1.0,3,1,1,7,2,1,1,2,0
10,2691,12,0,0,0,0.001047,146,178,31,29,0,0,0,557784.125,680038.1875,2,2,0,0,0,0,73,89,0,0,0.0,0.0,1424230688,1424230688,0.01,0.006,0.0,0.0,0.0,0,0,,,2,1,2,2,3,1,1,1,0
9,8,9,6,13,2,7.312841,10880,0,254,0,0,0,2,11604.79199,0.0,40,0,0,0,0,0,272,0,0,0,215.203906,0.0,1424221794,1424221801,187.50875,0.0,0.0,0.0,0.0,0,2,,,2,1,1,1,2,1,1,1,1
11,2692,10,0,0,0,0.001079,146,178,31,29,0,0,0,541241.9375,659870.25,2,2,0,0,0,0,73,89,0,0,0.0,0.0,1424253884,1424253884,0.009,0.008,0.0,0.0,0.0,0,0,,,2,2,1,3,3,1,1,2,0
3,2693,3,4,1,1,0.276037,804,1002,62,252,2,2,3,20982.69336,25416.88086,10,8,255,255,1494574126,1659821196,80,125,1,75,1528.146815,55.384629,1424240876,1424240876,30.670778,38.059145,0.054633,0.008937,0.045696,0,1,1.0,,2,1,1,1,1,1,1,1,1
3,2,14,0,0,2,9e-06,114,0,254,0,0,0,0,50666664.0,0.0,2,0,0,0,0,0,57,0,0,0,0.0,0.0,1424245932,1424245932,0.009,0.0,0.0,0.0,0.0,0,2,,,2,27,27,21,23,21,21,27,1
6,2,6,0,0,2,9e-06,114,0,254,0,0,0,0,50666664.0,0.0,2,0,0,0,0,0,57,0,0,0,0.0,0.0,1424260633,1424260633,0.009,0.0,0.0,0.0,0.0,0,2,,,2,33,33,34,33,33,17,33,1
6,2,6,0,0,2,5e-06,114,0,254,0,0,0,0,91200000.0,0.0,2,0,0,0,0,0,57,0,0,0,0.0,0.0,1424261800,1424261800,0.005,0.0,0.0,0.0,0.0,0,2,,,2,22,22,17,18,17,17,22,1
4,2694,10,972,1,1,0.042152,2438,19186,31,29,7,13,2,450559.9063,3550389.25,38,40,255,255,434650176,482244924,64,480,0,0,68.714603,67.135064,1421959968,1421959968,1.130513,1.066487,0.000692,0.000554,0.000138,0,0,0.0,0.0,0,10,3,2,9,1,1,1,0
2,2,3,0,0,2,3e-06,114,0,254,0,0,0,0,152000000.0,0.0,2,0,0,0,0,0,57,0,0,0,0.0,0.0,1424239416,1424239416,0.003,0.0,0.0,0.0,0.0,0,2,,,2,31,31,24,24,24,24,31,1
5,5,5,0,0,2,1e-06,264,0,60,0,0,0,0,1056000000.0,0.0,2,0,0,0,0,0,132,0,0,0,0.0,0.0,1424239810,1424239810,0.001,0.0,0.0,0.0,0.0,0,0,,,2,13,13,13,13,13,13,13,0
13,2695,4,4,1,1,1.027953,1684,10168,31,29,3,5,3,12171.7627,74742.71094,14,18,255,255,2011609972,2012569198,120,565,1,3924,8767.480962,7677.108001,1424257007,1424257008,79.047541,60.438941,0.000619,0.000488,0.000131,0,0,1.0,,2,1,1,2,5,1,1,3,0
2,2,3,0,0,2,1.1e-05,114,0,254,0,0,0,0,41454544.0,0.0,2,0,0,0,0,0,57,0,0,0,0.0,0.0,1421931578,1421931578,0.011,0.0,0.0,0.0,0.0,0,2,0.0,0.0,0,3,3,3,3,3,3,3,1
11,2696,10,973,1,1,0.351004,4296,2976,31,29,7,7,2,94152.77344,65412.35938,26,28,255,255,1214623167,1217919367,165,106,0,0,799.928086,20.400559,1421932603,1421932603,14.02648,12.980741,0.000645,0.00052,0.000125,0,0,0.0,0.0,0,3,7,3,3,1,1,3,0
0,2697,18,9,1,1,0.004472,1470,1728,31,29,5,4,2,2511627.75,2871198.5,22,14,255,255,2282710453,2283021570,67,123,0,0,13.393965,0.381264,1424228707,1424228707,0.2236,0.284231,0.000805,0.000629,0.000176,0,0,,,2,8,9,8,1,1,1,1,0
3,2,3,0,0,2,8e-06,114,0,254,0,0,0,0,57000000.0,0.0,2,0,0,0,0,0,57,0,0,0,0.0,0.0,1424232287,1424232287,0.008,0.0,0.0,0.0,0.0,0,2,,,2,25,25,25,26,25,25,25,1
0,2698,20,0,0,0,0.001092,132,164,31,29,0,0,0,483516.4688,600732.5625,2,2,0,0,0,0,66,82,0,0,0.0,0.0,1421951377,1421951377,0.011,0.008,0.0,0.0,0.0,0,0,0.0,0.0,0,3,2,3,7,1,1,1,0
12,2699,10,0,0,0,0.001037,146,178,31,29,0,0,0,563163.0,686595.9375,2,2,0,0,0,0,73,89,0,0,0.0,0.0,1421969998,1421969998,0.001,0.01,0.0,0.0,0.0,0,0,0.0,0.0,0,2,2,1,2,2,1,1,0
11,2700,0,7,1,1,5.148736,21592,964570,31,29,34,344,2,33462.19531,1496752.625,382,758,255,255,2778874260,2784092859,57,1273,0,0,5114.222246,3628.014069,1421940190,1421940195,13.51283,6.800886,0.000586,0.000462,0.000124,0,0,0.0,0.0,0,4,5,3,3,1,1,1,0
6,2701,11,37,1,1,0.788917,2516,268,254,252,2,1,2,22968.19531,2271.468262,10,6,255,255,2864919876,1930395454,252,45,0,0,4035.311856,185.478484,1424239738,1424239738,77.555778,137.783594,0.197297,0.09999,0.097307,0,1,,,2,8,6,1,1,1,1,6,1
2,2,3,0,0,2,9e-06,114,0,254,0,0,0,0,50666664.0,0.0,2,0,0,0,0,0,57,0,0,0,0.0,0.0,1424238584,1424238584,0.009,0.0,0.0,0.0,0.0,0,2,,,2,25,25,25,25,25,14,25,1
13,2702,12,0,0,0,0.001145,146,178,31,29,0,0,0,510043.6875,621834.0625,2,2,0,0,0,0,73,89,0,0,0.0,0.0,1421967025,1421967025,0.01,0.001,0.0,0.0,0.0,0,0,0.0,0.0,0,6,4,6,9,2,1,2,0
6,2,6,0,0,2,8e-06,114,0,254,0,0,0,0,57000000.0,0.0,2,0,0,0,0,0,57,0,0,0,0.0,0.0,1424260811,1424260811,0.008,0.0,0.0,0.0,0.0,0,2,,,2,33,33,35,33,33,17,33,1
0,2703,20,0,0,0,0.001058,130,162,31,29,0,0,0,491493.375,612476.375,2,2,0,0,0,0,65,81,0,0,0.0,0.0,1421928948,1421928948,0.011,0.008,0.0,0.0,0.0,0,0,0.0,0.0,0,3,3,3,3,1,1,1,0
2,5,2,0,0,2,3e-06,114,0,254,0,0,0,0,152000000.0,0.0,2,0,0,0,0,0,57,0,0,0,0.0,0.0,1424253776,1424253776,0.003,0.0,0.0,0.0,0.0,0,2,,,2,18,18,18,18,18,18,18,1
17,2704,1,0,0,0,0.001036,146,178,31,29,0,0,0,563706.5625,687258.6875,2,2,0,0,0,0,73,89,0,0,0.0,0.0,1424225982,1424225982,0.009,0.008,0.0,0.0,0.0,0,0,,,2,1,1,3,7,1,1,2,0
3,5,14,0,0,2,3e-06,114,0,254,0,0,0,0,152000000.0,0.0,2,0,0,0,0,0,57,0,0,0,0.0,0.0,1424246270,1424246270,0.003,0.0,0.0,0.0,0.0,0,2,,,2,25,25,7,7,7,7,25,1
6,2,9,0,0,2,1e-06,114,0,254,0,0,0,0,456000000.0,0.0,2,0,0,0,0,0,57,0,0,0,0.0,0.0,1424224260,1424224260,0.001,0.0,0.0,0.0,0.0,0,2,,,2,17,17,8,8,8,8,17,1
5,2,5,0,0,2,7e-06,264,0,60,0,0,0,0,150857136.0,0.0,2,0,0,0,0,0,132,0,0,0,0.0,0.0,1424238177,1424238177,0.007,0.0,0.0,0.0,0.0,0,0,,,2,19,19,14,14,14,14,19,0
6,8,17,6,3,2,8e-06,200,0,254,0,0,0,2,100000000.0,0.0,2,0,0,0,0,0,100,0,0,0,0.0,0.0,1424223274,1424223274,0.008,0.0,0.0,0.0,0.0,0,2,,,2,3,3,2,11,2,2,3,1
3,2,14,0,0,2,9e-06,114,0,254,0,0,0,0,50666664.0,0.0,2,0,0,0,0,0,57,0,0,0,0.0,0.0,1424246874,1424246874,0.009,0.0,0.0,0.0,0.0,0,2,,,2,28,28,15,16,14,14,35,1
2,5,3,0,0,2,8e-06,114,0,254,0,0,0,0,57000000.0,0.0,2,0,0,0,0,0,57,0,0,0,0.0,0.0,1424237962,1424237962,0.008,0.0,0.0,0.0,0.0,0,2,,,2,20,20,20,20,20,20,20,1
6,5,9,0,0,2,9e-06,114,0,254,0,0,0,0,50666664.0,0.0,2,0,0,0,0,0,57,0,0,0,0.0,0.0,1424224801,1424224801,0.009,0.0,0.0,0.0,0.0,0,2,,,2,36,36,17,17,17,9,36,1
2,8,2,6,87,2,1.367961,480,0,254,0,0,0,2,2456.210205,0.0,8,0,0,0,0,0,60,0,0,0,468.890188,0.0,1424242481,1424242482,195.423,0.0,0.0,0.0,0.0,0,2,,,2,4,4,1,2,1,1,4,1
9,2705,15,26,1,1,54.801079,1892,708,254,252,6,1,2,262.476593,96.932396,20,16,255,255,4196850760,525994652,95,44,0,0,380144.9082,13053.422,1424244978,1424245033,2884.218263,3648.0425,0.139384,0.080427,0.058957,0,1,,,2,2,2,2,2,2,2,2,1
3,2,14,0,0,2,3e-06,114,0,254,0,0,0,0,152000000.0,0.0,2,0,0,0,0,0,57,0,0,0,0.0,0.0,1424245496,1424245496,0.003,0.0,0.0,0.0,0.0,0,2,,,2,26,26,26,27,26,13,26,1
14,2706,13,974,1,1,0.012812,2766,24004,31,29,7,16,2,1688417.125,14663129.0,44,46,255,255,3098506248,955200716,63,522,0,0,16.449532,16.605175,1424228511,1424228511,0.290791,0.279591,0.00064,0.000505,0.000135,0,0,,,2,9,8,2,1,1,1,2,0
2,2,2,0,0,2,3e-06,114,0,254,0,0,0,0,152000000.0,0.0,2,0,0,0,0,0,57,0,0,0,0.0,0.0,1424252944,1424252944,0.003,0.0,0.0,0.0,0.0,0,2,,,2,31,31,13,14,13,13,31,1
11,2707,1,0,0,0,0.001062,146,178,31,29,0,0,0,549905.8125,670433.125,2,2,0,0,0,0,73,89,0,0,0.0,0.0,1424224765,1424224765,0.01,0.006,0.0,0.0,0.0,0,0,,,2,1,1,3,3,1,1,1,0
3,2,14,0,0,2,9e-06,114,0,254,0,0,0,0,50666664.0,0.0,2,0,0,0,0,0,57,0,0,0,0.0,0.0,1424244905,1424244905,0.009,0.0,0.0,0.0,0.0,0,2,,,2,39,39,39,39,39,22,39,1
3,8,15,6,4,2,1.5e-05,60,0,0,0,0,0,2,0.0,0.0,1,0,0,0,0,0,60,0,0,0,0.0,0.0,1424235401,1424235401,0.0,0.0,0.0,0.0,0.0,0,2,,,2,4,4,2,4,2,2,4,1
2,1144,6,423,0,3,59.603756,6552,0,254,0,0,0,0,868.938538,0.0,84,0,0,0,0,0,78,0,0,0,817.548,0.0,1424261735,1424261794,729.677563,0.0,0.0,0.0,0.0,0,6,,,2,8,27,24,8,8,8,8,1
2,8,24,6,12,2,9e-06,440,0,254,0,0,0,2,195555552.0,0.0,2,0,0,0,0,0,220,0,0,0,0.0,0.0,1424250010,1424250010,0.009,0.0,0.0,0.0,0.0,0,2,,,2,1,1,1,1,1,1,2,1
6,5,9,0,0,2,9e-06,114,0,254,0,0,0,0,50666664.0,0.0,2,0,0,0,0,0,57,0,0,0,0.0,0.0,1424223274,1424223274,0.009,0.0,0.0,0.0,0.0,0,2,,,2,19,19,9,11,9,9,19,1
9,2708,2,10,0,2,5e-06,168,0,254,0,0,0,2,134400000.0,0.0,2,0,0,0,0,0,84,0,0,0,0.0,0.0,1424244418,1424244418,0.005,0.0,0.0,0.0,0.0,0,2,,,2,1,1,1,1,1,1,2,1
6,2709,14,26,1,1,0.200899,484,268,254,252,2,1,2,17361.95703,8919.905273,10,6,255,255,1484900747,4043249976,48,45,0,0,1039.162269,44.29723,1424255796,1424255796,21.130222,33.838602,0.047094,0.031697,0.015397,0,1,,,2,5,5,3,3,3,1,5,1
10,2710,19,975,1,1,0.0473,320,1906,31,29,1,2,5,45158.5625,282114.1563,6,8,255,255,3263370595,3500340965,53,238,0,0,656.418906,16.09769,1424239249,1424239249,9.4008,6.691714,0.000574,0.000454,0.00012,0,0,,,2,3,3,2,4,1,1,5,0
8,2711,18,976,1,1,0.123004,3302,35712,31,29,7,21,2,210789.8906,2281226.75,54,56,255,255,3583817109,3588243822,61,638,0,0,145.023404,135.71514,1424256859,1424256859,2.314887,2.227291,0.000668,0.000497,0.000171,0,0,,,2,2,4,4,3,1,1,1,0
6,8,15,6,26,2,4e-06,200,0,254,0,0,0,2,200000000.0,0.0,2,0,0,0,0,0,100,0,0,0,0.0,0.0,1424251613,1424251613,0.004,0.0,0.0,0.0,0.0,0,2,,,2,6,6,3,3,3,3,6,1
1,2712,4,977,1,1,0.020001,2230,14994,31,29,7,11,2,865956.6875,5830908.5,34,36,255,255,3420522711,1271245765,66,417,0,0,50.894288,48.724649,1424225670,1424225670,0.593848,0.571529,0.000684,0.000561,0.000123,0,0,,,2,4,4,1,2,1,1,1,0
4,2713,10,978,1,1,0.047878,4118,57836,31,29,7,28,2,678390.875,9525878.0,70,70,255,255,2998995773,879050490,59,826,0,0,0.0,1.243815,1424231178,1424231178,0.689203,0.686942,0.000602,0.000476,0.000126,0,0,,,2,3,4,4,4,1,1,3,0
2,5,2,0,0,2,1e-06,114,0,254,0,0,0,0,456000000.0,0.0,2,0,0,0,0,0,57,0,0,0,0.0,0.0,1424251899,1424251899,0.001,0.0,0.0,0.0,0.0,0,2,,,2,21,21,18,18,18,18,21,1
17,2714,19,7,1,1,0.146043,1540,1644,31,29,4,4,2,79099.99219,85070.83594,16,18,255,255,3896314853,3936783542,96,91,0,0,736.356763,21.026707,1424236788,1424236788,9.714866,8.559177,0.000655,0.000528,0.000127,0,0,,,2,4,5,1,3,1,1,1,0
14,2715,20,979,1,1,0.013875,2750,27850,31,29,7,16,2,1549837.875,15708829.0,44,46,255,255,576094577,2737315732,63,605,0,0,18.417852,17.24492,1424258533,1424258533,0.322905,0.296889,0.000643,0.000511,0.000132,0,0,,,2,8,3,1,4,1,1,3,0
2,8,6,6,3,2,1e-06,200,0,254,0,0,0,2,800000000.0,0.0,2,0,0,0,0,0,100,0,0,0,0.0,0.0,1424237393,1424237393,0.001,0.0,0.0,0.0,0.0,0,2,,,2,6,6,3,23,3,3,6,1
3,2,14,0,0,2,9e-06,114,0,254,0,0,0,0,50666664.0,0.0,2,0,0,0,0,0,57,0,0,0,0.0,0.0,1424245664,1424245664,0.009,0.0,0.0,0.0,0.0,0,2,,,2,30,30,22,23,22,22,30,1
9,2716,9,10,0,2,1.4e-05,168,0,254,0,0,0,2,48000000.0,0.0,2,0,0,0,0,0,84,0,0,0,0.0,0.0,1424231780,1424231780,0.014,0.0,0.0,0.0,0.0,0,2,,,2,2,2,2,2,2,2,2,1
2,2,2,0,0,2,1e-05,114,0,254,0,0,0,0,45600000.0,0.0,2,0,0,0,0,0,57,0,0,0,0.0,0.0,1424252030,1424252030,0.01,0.0,0.0,0.0,0.0,0,2,,,2,22,22,16,17,16,16,22,1
16,5,21,0,0,2,2e-06,264,0,60,0,0,0,0,528000000.0,0.0,2,0,0,0,0,0,132,0,0,0,0.0,0.0,1424224284,1424224284,0.002,0.0,0.0,0.0,0.0,0,0,,,2,17,17,8,8,8,8,17,0
2,2717,17,33,1,1,0.772161,1066,814,254,252,3,2,2,10132.60156,7594.270996,12,10,255,255,1827491727,1024003288,89,81,0,0,4416.534801,127.044219,1421933920,1421933921,69.037088,77.710781,0.138044,0.072754,0.06529,0,1,0.0,0.0,0,4,4,1,1,1,1,1,1
3,2,14,0,0,2,8e-06,114,0,254,0,0,0,0,57000000.0,0.0,2,0,0,0,0,0,57,0,0,0,0.0,0.0,1424246523,1424246523,0.008,0.0,0.0,0.0,0.0,0,2,,,2,24,24,22,22,22,22,24,1
4,1076,13,0,0,0,0.000925,130,162,31,29,0,0,0,562162.1875,700540.5625,2,2,0,0,0,0,65,81,0,0,0.0,0.0,1424258338,1424258338,0.008,0.002,0.0,0.0,0.0,0,0,,,2,3,3,4,6,1,1,1,0
2,8,9,6,3,2,1.1e-05,200,0,254,0,0,0,2,72727272.0,0.0,2,0,0,0,0,0,100,0,0,0,0.0,0.0,1421930763,1421930763,0.011,0.0,0.0,0.0,0.0,0,2,0.0,0.0,0,16,16,4,11,4,4,4,1
4,2718,20,980,1,1,0.010892,2438,19242,31,29,7,13,2,1743665.125,13779655.0,38,40,255,255,3864754729,1728128880,64,481,0,0,0.0,16.548724,1421944587,1421944587,0.286135,0.265436,0.000668,0.000537,0.000131,0,0,0.0,0.0,0,9,11,4,4,1,1,1,0
2,2719,15,981,1,1,0.801246,1316,354,62,252,2,1,2,11831.57227,3095.179199,10,8,255,255,1504303200,3756026073,132,44,0,0,6090.840441,143.467172,1424237169,1424237169,84.865333,104.82843,0.143475,0.06744,0.076035,0,1,,,2,5,5,2,2,1,1,5,1
3,5,3,0,0,2,9e-06,114,0,254,0,0,0,0,50666664.0,0.0,2,0,0,0,0,0,57,0,0,0,0.0,0.0,1424231455,1424231455,0.009,0.0,0.0,0.0,0.0,0,2,,,2,18,18,18,18,18,18,18,1
10,2720,8,0,0,0,0.001075,130,162,31,29,0,0,0,483720.9063,602790.6875,2,2,0,0,0,0,65,81,0,0,0.0,0.0,1424246895,1424246895,0.009,0.007,0.0,0.0,0.0,0,0,,,2,1,1,3,1,1,1,1,0
11,2721,10,982,0,0,0.034407,528,304,31,29,0,0,2,92074.28125,53012.46875,4,4,0,0,0,0,132,76,0,0,9.078779,10.80412,1421964283,1421964283,6.424667,7.647667,0.0,0.0,0.0,0,0,0.0,0.0,0,5,10,6,5,1,1,3,0
3,2722,11,10,1,1,0.626815,564,354,254,252,2,1,2,6483.571289,3956.510254,10,8,255,255,710887186,2650355351,56,44,0,0,5444.730982,139.444719,1424236558,1424236559,69.106333,88.565289,0.05115,0.006855,0.044295,0,1,,,2,1,1,1,1,1,1,1,1
10,560,19,7,1,1,0.279921,13038,548216,31,29,21,197,2,370990.4063,15631982.0,226,438,255,255,3872871501,1730951159,58,1252,0,0,70.083343,36.446947,1421927757,1421927758,1.242591,0.639444,0.0006,0.00048,0.00012,0,0,0.0,0.0,0,17,12,4,6,3,1,3,0
2,2,2,0,0,2,1.4e-05,114,0,254,0,0,0,0,32571428.0,0.0,2,0,0,0,0,0,57,0,0,0,0.0,0.0,1424252343,1424252343,0.014,0.0,0.0,0.0,0.0,0,2,,,2,16,16,16,16,16,16,16,1
17,2723,20,1,1,1,0.02419,2934,3740,31,29,11,15,1,951798.3125,1214055.375,52,54,255,255,1558786795,1559845675,56,69,0,0,34.122389,0.843941,1421945553,1421945553,0.467824,0.446189,0.000672,0.000537,0.000135,0,0,0.0,1.0,6,2,2,12,25,2,2,12,0
17,1671,0,0,0,0,0.00107,146,178,31,29,0,0,0,545794.375,665420.5625,2,2,0,0,0,0,73,89,0,0,0.0,0.0,1421940500,1421940500,0.01,0.006,0.0,0.0,0.0,0,0,0.0,0.0,0,5,4,5,7,2,1,2,0
3,2,3,0,0,2,5e-06,114,0,254,0,0,0,0,91200000.0,0.0,2,0,0,0,0,0,57,0,0,0,0.0,0.0,1424231489,1424231489,0.005,0.0,0.0,0.0,0.0,0,2,,,2,25,25,26,27,25,25,26,1
